timestamp,region,price_mwh,price,charge_power_kw,discharge_power_kw,charge_energy_kwh,discharge_energy_kwh,battery_charge_kwh,battery_discharge_kwh,soc_start_kwh,soc_kwh,soc_percent,charge_cost,discharge_revenue,interval_revenue,cumulative_revenue,cumulative_charge_energy_kwh,cumulative_discharge_energy_kwh,operating_state,equivalent_full_cycles,day
2026-08-01 00:05:00,VIC1,92.76094,0.09276094,0.0,0.0,0.0,0.0,0.0,0.0,59.5,59.5,50.0,0.0,0.0,0.0,0.0,0.0,0.0,idle,0.0,2026-08-01
2026-08-01 00:10:00,VIC1,99.18793,0.09918793,0.0,69.0,0.0,5.75,0.0,6.061032181989394,59.5,53.4389678180106,44.90669564538706,0.0,0.5703305974999999,0.5703305974999999,0.5703305974999999,0.0,5.75,discharge,0.05659227060681041,2026-08-01
2026-08-01 00:15:00,VIC1,122.3666,0.1223666,0.0,69.0,0.0,5.75,0.0,6.061032181989394,53.4389678180106,47.377935636021206,39.81339129077413,0.0,0.70360795,0.70360795,1.2739385474999998,0.0,11.5,discharge,0.11318454121362082,2026-08-01
2026-08-01 00:20:00,VIC1,99.18793,0.09918793,0.0,69.0,0.0,5.75,0.0,6.061032181989394,47.377935636021206,41.31690345403181,34.72008693616118,0.0,0.5703305974999999,0.5703305974999999,1.8442691449999997,0.0,17.25,discharge,0.16977681182043122,2026-08-01
2026-08-01 00:25:00,VIC1,91.50097,0.09150097,0.0,0.0,0.0,0.0,0.0,0.0,41.31690345403181,41.31690345403181,34.72008693616118,0.0,0.0,0.0,1.8442691449999997,0.0,17.25,idle,0.16977681182043122,2026-08-01
2026-08-01 00:30:00,VIC1,90.56,0.09056,0.0,0.0,0.0,0.0,0.0,0.0,41.31690345403181,41.31690345403181,34.72008693616118,0.0,0.0,0.0,1.8442691449999997,0.0,17.25,idle,0.16977681182043122,2026-08-01
2026-08-01 00:35:00,VIC1,90.56,0.09056,0.0,0.0,0.0,0.0,0.0,0.0,41.31690345403181,41.31690345403181,34.72008693616118,0.0,0.0,0.0,1.8442691449999997,0.0,17.25,idle,0.16977681182043122,2026-08-01
2026-08-01 00:40:00,VIC1,90.99279,0.09099279,0.0,0.0,0.0,0.0,0.0,0.0,41.31690345403181,41.31690345403181,34.72008693616118,0.0,0.0,0.0,1.8442691449999997,0.0,17.25,idle,0.16977681182043122,2026-08-01
2026-08-01 00:45:00,VIC1,81.69672,0.08169672,0.0,0.0,0.0,0.0,0.0,0.0,41.31690345403181,41.31690345403181,34.72008693616118,0.0,0.0,0.0,1.8442691449999997,0.0,17.25,idle,0.16977681182043122,2026-08-01
2026-08-01 00:50:00,VIC1,82.24103,0.08224102999999999,0.0,0.0,0.0,0.0,0.0,0.0,41.31690345403181,41.31690345403181,34.72008693616118,0.0,0.0,0.0,1.8442691449999997,0.0,17.25,idle,0.16977681182043122,2026-08-01
2026-08-01 00:55:00,VIC1,80.5,0.0805,0.0,0.0,0.0,0.0,0.0,0.0,41.31690345403181,41.31690345403181,34.72008693616118,0.0,0.0,0.0,1.8442691449999997,0.0,17.25,idle,0.16977681182043122,2026-08-01
2026-08-01 01:00:00,VIC1,80.5,0.0805,0.0,0.0,0.0,0.0,0.0,0.0,41.31690345403181,41.31690345403181,34.72008693616118,0.0,0.0,0.0,1.8442691449999997,0.0,17.25,idle,0.16977681182043122,2026-08-01
2026-08-01 01:05:00,VIC1,75.4,0.07540000000000001,0.0,0.0,0.0,0.0,0.0,0.0,41.31690345403181,41.31690345403181,34.72008693616118,0.0,0.0,0.0,1.8442691449999997,0.0,17.25,idle,0.16977681182043122,2026-08-01
2026-08-01 01:10:00,VIC1,75.4,0.07540000000000001,0.0,0.0,0.0,0.0,0.0,0.0,41.31690345403181,41.31690345403181,34.72008693616118,0.0,0.0,0.0,1.8442691449999997,0.0,17.25,idle,0.16977681182043122,2026-08-01
2026-08-01 01:15:00,VIC1,80.5,0.0805,0.0,0.0,0.0,0.0,0.0,0.0,41.31690345403181,41.31690345403181,34.72008693616118,0.0,0.0,0.0,1.8442691449999997,0.0,17.25,idle,0.16977681182043122,2026-08-01
2026-08-01 01:20:00,VIC1,81.68,0.08168,0.0,0.0,0.0,0.0,0.0,0.0,41.31690345403181,41.31690345403181,34.72008693616118,0.0,0.0,0.0,1.8442691449999997,0.0,17.25,idle,0.16977681182043122,2026-08-01
2026-08-01 01:25:00,VIC1,79.70699,0.07970699,0.0,0.0,0.0,0.0,0.0,0.0,41.31690345403181,41.31690345403181,34.72008693616118,0.0,0.0,0.0,1.8442691449999997,0.0,17.25,idle,0.16977681182043122,2026-08-01
2026-08-01 01:30:00,VIC1,75.4,0.07540000000000001,0.0,0.0,0.0,0.0,0.0,0.0,41.31690345403181,41.31690345403181,34.72008693616118,0.0,0.0,0.0,1.8442691449999997,0.0,17.25,idle,0.16977681182043122,2026-08-01
2026-08-01 01:35:00,VIC1,80.5,0.0805,0.0,0.0,0.0,0.0,0.0,0.0,41.31690345403181,41.31690345403181,34.72008693616118,0.0,0.0,0.0,1.8442691449999997,0.0,17.25,idle,0.16977681182043122,2026-08-01
2026-08-01 01:40:00,VIC1,80.5,0.0805,0.0,0.0,0.0,0.0,0.0,0.0,41.31690345403181,41.31690345403181,34.72008693616118,0.0,0.0,0.0,1.8442691449999997,0.0,17.25,idle,0.16977681182043122,2026-08-01
2026-08-01 01:45:00,VIC1,81.63,0.08163,0.0,0.0,0.0,0.0,0.0,0.0,41.31690345403181,41.31690345403181,34.72008693616118,0.0,0.0,0.0,1.8442691449999997,0.0,17.25,idle,0.16977681182043122,2026-08-01
2026-08-01 01:50:00,VIC1,81.63,0.08163,0.0,0.0,0.0,0.0,0.0,0.0,41.31690345403181,41.31690345403181,34.72008693616118,0.0,0.0,0.0,1.8442691449999997,0.0,17.25,idle,0.16977681182043122,2026-08-01
2026-08-01 01:55:00,VIC1,81.63,0.08163,0.0,0.0,0.0,0.0,0.0,0.0,41.31690345403181,41.31690345403181,34.72008693616118,0.0,0.0,0.0,1.8442691449999997,0.0,17.25,idle,0.16977681182043122,2026-08-01
2026-08-01 02:00:00,VIC1,72.00002,0.07200002000000001,0.0,0.0,0.0,0.0,0.0,0.0,41.31690345403181,41.31690345403181,34.72008693616118,0.0,0.0,0.0,1.8442691449999997,0.0,17.25,idle,0.16977681182043122,2026-08-01
2026-08-01 02:05:00,VIC1,80.5,0.0805,0.0,0.0,0.0,0.0,0.0,0.0,41.31690345403181,41.31690345403181,34.72008693616118,0.0,0.0,0.0,1.8442691449999997,0.0,17.25,idle,0.16977681182043122,2026-08-01
2026-08-01 02:10:00,VIC1,89.89105,0.08989105000000001,0.0,0.0,0.0,0.0,0.0,0.0,41.31690345403181,41.31690345403181,34.72008693616118,0.0,0.0,0.0,1.8442691449999997,0.0,17.25,idle,0.16977681182043122,2026-08-01
2026-08-01 02:15:00,VIC1,80.5,0.0805,0.0,0.0,0.0,0.0,0.0,0.0,41.31690345403181,41.31690345403181,34.72008693616118,0.0,0.0,0.0,1.8442691449999997,0.0,17.25,idle,0.16977681182043122,2026-08-01
2026-08-01 02:20:00,VIC1,80.5,0.0805,0.0,0.0,0.0,0.0,0.0,0.0,41.31690345403181,41.31690345403181,34.72008693616118,0.0,0.0,0.0,1.8442691449999997,0.0,17.25,idle,0.16977681182043122,2026-08-01
2026-08-01 02:25:00,VIC1,82.79559,0.08279559,0.0,0.0,0.0,0.0,0.0,0.0,41.31690345403181,41.31690345403181,34.72008693616118,0.0,0.0,0.0,1.8442691449999997,0.0,17.25,idle,0.16977681182043122,2026-08-01
2026-08-01 02:30:00,VIC1,84.19844,0.08419844000000001,0.0,0.0,0.0,0.0,0.0,0.0,41.31690345403181,41.31690345403181,34.72008693616118,0.0,0.0,0.0,1.8442691449999997,0.0,17.25,idle,0.16977681182043122,2026-08-01
2026-08-01 02:35:00,VIC1,83.41316,0.08341316,0.0,0.0,0.0,0.0,0.0,0.0,41.31690345403181,41.31690345403181,34.72008693616118,0.0,0.0,0.0,1.8442691449999997,0.0,17.25,idle,0.16977681182043122,2026-08-01
2026-08-01 02:40:00,VIC1,80.5,0.0805,0.0,0.0,0.0,0.0,0.0,0.0,41.31690345403181,41.31690345403181,34.72008693616118,0.0,0.0,0.0,1.8442691449999997,0.0,17.25,idle,0.16977681182043122,2026-08-01
2026-08-01 02:45:00,VIC1,75.4,0.07540000000000001,0.0,0.0,0.0,0.0,0.0,0.0,41.31690345403181,41.31690345403181,34.72008693616118,0.0,0.0,0.0,1.8442691449999997,0.0,17.25,idle,0.16977681182043122,2026-08-01
2026-08-01 02:50:00,VIC1,97.51383,0.09751383,0.0,0.0,0.0,0.0,0.0,0.0,41.31690345403181,41.31690345403181,34.72008693616118,0.0,0.0,0.0,1.8442691449999997,0.0,17.25,idle,0.16977681182043122,2026-08-01
2026-08-01 02:55:00,VIC1,80.5,0.0805,0.0,0.0,0.0,0.0,0.0,0.0,41.31690345403181,41.31690345403181,34.72008693616118,0.0,0.0,0.0,1.8442691449999997,0.0,17.25,idle,0.16977681182043122,2026-08-01
2026-08-01 03:00:00,VIC1,65.49347,0.06549347,0.0,0.0,0.0,0.0,0.0,0.0,41.31690345403181,41.31690345403181,34.72008693616118,0.0,0.0,0.0,1.8442691449999997,0.0,17.25,idle,0.16977681182043122,2026-08-01
2026-08-01 03:05:00,VIC1,75.4,0.07540000000000001,0.0,0.0,0.0,0.0,0.0,0.0,41.31690345403181,41.31690345403181,34.72008693616118,0.0,0.0,0.0,1.8442691449999997,0.0,17.25,idle,0.16977681182043122,2026-08-01
2026-08-01 03:10:00,VIC1,71.15987,0.07115987,0.0,0.0,0.0,0.0,0.0,0.0,41.31690345403181,41.31690345403181,34.72008693616118,0.0,0.0,0.0,1.8442691449999997,0.0,17.25,idle,0.16977681182043122,2026-08-01
2026-08-01 03:15:00,VIC1,80.5,0.0805,0.0,0.0,0.0,0.0,0.0,0.0,41.31690345403181,41.31690345403181,34.72008693616118,0.0,0.0,0.0,1.8442691449999997,0.0,17.25,idle,0.16977681182043122,2026-08-01
2026-08-01 03:20:00,VIC1,80.5,0.0805,0.0,0.0,0.0,0.0,0.0,0.0,41.31690345403181,41.31690345403181,34.72008693616118,0.0,0.0,0.0,1.8442691449999997,0.0,17.25,idle,0.16977681182043122,2026-08-01
2026-08-01 03:25:00,VIC1,86.09751,0.08609751,0.0,0.0,0.0,0.0,0.0,0.0,41.31690345403181,41.31690345403181,34.72008693616118,0.0,0.0,0.0,1.8442691449999997,0.0,17.25,idle,0.16977681182043122,2026-08-01
2026-08-01 03:30:00,VIC1,80.5,0.0805,0.0,0.0,0.0,0.0,0.0,0.0,41.31690345403181,41.31690345403181,34.72008693616118,0.0,0.0,0.0,1.8442691449999997,0.0,17.25,idle,0.16977681182043122,2026-08-01
2026-08-01 03:35:00,VIC1,66.16427,0.06616427,0.0,0.0,0.0,0.0,0.0,0.0,41.31690345403181,41.31690345403181,34.72008693616118,0.0,0.0,0.0,1.8442691449999997,0.0,17.25,idle,0.16977681182043122,2026-08-01
2026-08-01 03:40:00,VIC1,79.40412,0.07940412000000001,0.0,0.0,0.0,0.0,0.0,0.0,41.31690345403181,41.31690345403181,34.72008693616118,0.0,0.0,0.0,1.8442691449999997,0.0,17.25,idle,0.16977681182043122,2026-08-01
2026-08-01 03:45:00,VIC1,75.4,0.07540000000000001,0.0,0.0,0.0,0.0,0.0,0.0,41.31690345403181,41.31690345403181,34.72008693616118,0.0,0.0,0.0,1.8442691449999997,0.0,17.25,idle,0.16977681182043122,2026-08-01
2026-08-01 03:50:00,VIC1,75.4,0.07540000000000001,0.0,0.0,0.0,0.0,0.0,0.0,41.31690345403181,41.31690345403181,34.72008693616118,0.0,0.0,0.0,1.8442691449999997,0.0,17.25,idle,0.16977681182043122,2026-08-01
2026-08-01 03:55:00,VIC1,80.5,0.0805,0.0,0.0,0.0,0.0,0.0,0.0,41.31690345403181,41.31690345403181,34.72008693616118,0.0,0.0,0.0,1.8442691449999997,0.0,17.25,idle,0.16977681182043122,2026-08-01
2026-08-01 04:00:00,VIC1,66.09443,0.06609443000000001,0.0,0.0,0.0,0.0,0.0,0.0,41.31690345403181,41.31690345403181,34.72008693616118,0.0,0.0,0.0,1.8442691449999997,0.0,17.25,idle,0.16977681182043122,2026-08-01
2026-08-01 04:05:00,VIC1,80.5,0.0805,0.0,0.0,0.0,0.0,0.0,0.0,41.31690345403181,41.31690345403181,34.72008693616118,0.0,0.0,0.0,1.8442691449999997,0.0,17.25,idle,0.16977681182043122,2026-08-01
2026-08-01 04:10:00,VIC1,80.5,0.0805,0.0,0.0,0.0,0.0,0.0,0.0,41.31690345403181,41.31690345403181,34.72008693616118,0.0,0.0,0.0,1.8442691449999997,0.0,17.25,idle,0.16977681182043122,2026-08-01
2026-08-01 04:15:00,VIC1,80.5,0.0805,0.0,0.0,0.0,0.0,0.0,0.0,41.31690345403181,41.31690345403181,34.72008693616118,0.0,0.0,0.0,1.8442691449999997,0.0,17.25,idle,0.16977681182043122,2026-08-01
2026-08-01 04:20:00,VIC1,80.5,0.0805,0.0,0.0,0.0,0.0,0.0,0.0,41.31690345403181,41.31690345403181,34.72008693616118,0.0,0.0,0.0,1.8442691449999997,0.0,17.25,idle,0.16977681182043122,2026-08-01
2026-08-01 04:25:00,VIC1,79.6924,0.07969240000000001,0.0,0.0,0.0,0.0,0.0,0.0,41.31690345403181,41.31690345403181,34.72008693616118,0.0,0.0,0.0,1.8442691449999997,0.0,17.25,idle,0.16977681182043122,2026-08-01
2026-08-01 04:30:00,VIC1,80.5,0.0805,0.0,0.0,0.0,0.0,0.0,0.0,41.31690345403181,41.31690345403181,34.72008693616118,0.0,0.0,0.0,1.8442691449999997,0.0,17.25,idle,0.16977681182043122,2026-08-01
2026-08-01 04:35:00,VIC1,75.4,0.07540000000000001,0.0,0.0,0.0,0.0,0.0,0.0,41.31690345403181,41.31690345403181,34.72008693616118,0.0,0.0,0.0,1.8442691449999997,0.0,17.25,idle,0.16977681182043122,2026-08-01
2026-08-01 04:40:00,VIC1,79.97705,0.07997705000000001,0.0,0.0,0.0,0.0,0.0,0.0,41.31690345403181,41.31690345403181,34.72008693616118,0.0,0.0,0.0,1.8442691449999997,0.0,17.25,idle,0.16977681182043122,2026-08-01
2026-08-01 04:45:00,VIC1,80.5,0.0805,0.0,0.0,0.0,0.0,0.0,0.0,41.31690345403181,41.31690345403181,34.72008693616118,0.0,0.0,0.0,1.8442691449999997,0.0,17.25,idle,0.16977681182043122,2026-08-01
2026-08-01 04:50:00,VIC1,86.09116,0.08609116,0.0,0.0,0.0,0.0,0.0,0.0,41.31690345403181,41.31690345403181,34.72008693616118,0.0,0.0,0.0,1.8442691449999997,0.0,17.25,idle,0.16977681182043122,2026-08-01
2026-08-01 04:55:00,VIC1,84.494,0.084494,0.0,0.0,0.0,0.0,0.0,0.0,41.31690345403181,41.31690345403181,34.72008693616118,0.0,0.0,0.0,1.8442691449999997,0.0,17.25,idle,0.16977681182043122,2026-08-01
2026-08-01 05:00:00,VIC1,86.67589,0.08667588999999999,0.0,0.0,0.0,0.0,0.0,0.0,41.31690345403181,41.31690345403181,34.72008693616118,0.0,0.0,0.0,1.8442691449999997,0.0,17.25,idle,0.16977681182043122,2026-08-01
2026-08-01 05:05:00,VIC1,80.5,0.0805,0.0,0.0,0.0,0.0,0.0,0.0,41.31690345403181,41.31690345403181,34.72008693616118,0.0,0.0,0.0,1.8442691449999997,0.0,17.25,idle,0.16977681182043122,2026-08-01
2026-08-01 05:10:00,VIC1,86.72153,0.08672153,0.0,0.0,0.0,0.0,0.0,0.0,41.31690345403181,41.31690345403181,34.72008693616118,0.0,0.0,0.0,1.8442691449999997,0.0,17.25,idle,0.16977681182043122,2026-08-01
2026-08-01 05:15:00,VIC1,95.35539,0.09535539,0.0,0.0,0.0,0.0,0.0,0.0,41.31690345403181,41.31690345403181,34.72008693616118,0.0,0.0,0.0,1.8442691449999997,0.0,17.25,idle,0.16977681182043122,2026-08-01
2026-08-01 05:20:00,VIC1,90.03627,0.09003627,0.0,0.0,0.0,0.0,0.0,0.0,41.31690345403181,41.31690345403181,34.72008693616118,0.0,0.0,0.0,1.8442691449999997,0.0,17.25,idle,0.16977681182043122,2026-08-01
2026-08-01 05:25:00,VIC1,85.8916,0.0858916,0.0,0.0,0.0,0.0,0.0,0.0,41.31690345403181,41.31690345403181,34.72008693616118,0.0,0.0,0.0,1.8442691449999997,0.0,17.25,idle,0.16977681182043122,2026-08-01
2026-08-01 05:30:00,VIC1,82.05451,0.08205451,0.0,0.0,0.0,0.0,0.0,0.0,41.31690345403181,41.31690345403181,34.72008693616118,0.0,0.0,0.0,1.8442691449999997,0.0,17.25,idle,0.16977681182043122,2026-08-01
2026-08-01 05:35:00,VIC1,80.5,0.0805,0.0,0.0,0.0,0.0,0.0,0.0,41.31690345403181,41.31690345403181,34.72008693616118,0.0,0.0,0.0,1.8442691449999997,0.0,17.25,idle,0.16977681182043122,2026-08-01
2026-08-01 05:40:00,VIC1,83.21201,0.08321201,0.0,0.0,0.0,0.0,0.0,0.0,41.31690345403181,41.31690345403181,34.72008693616118,0.0,0.0,0.0,1.8442691449999997,0.0,17.25,idle,0.16977681182043122,2026-08-01
2026-08-01 05:45:00,VIC1,80.5,0.0805,0.0,0.0,0.0,0.0,0.0,0.0,41.31690345403181,41.31690345403181,34.72008693616118,0.0,0.0,0.0,1.8442691449999997,0.0,17.25,idle,0.16977681182043122,2026-08-01
2026-08-01 05:50:00,VIC1,86.30549,0.08630549000000001,0.0,0.0,0.0,0.0,0.0,0.0,41.31690345403181,41.31690345403181,34.72008693616118,0.0,0.0,0.0,1.8442691449999997,0.0,17.25,idle,0.16977681182043122,2026-08-01
2026-08-01 05:55:00,VIC1,84.05955,0.08405955,0.0,0.0,0.0,0.0,0.0,0.0,41.31690345403181,41.31690345403181,34.72008693616118,0.0,0.0,0.0,1.8442691449999997,0.0,17.25,idle,0.16977681182043122,2026-08-01
2026-08-01 06:00:00,VIC1,98.36181,0.09836181000000001,0.0,0.0,0.0,0.0,0.0,0.0,41.31690345403181,41.31690345403181,34.72008693616118,0.0,0.0,0.0,1.8442691449999997,0.0,17.25,idle,0.16977681182043122,2026-08-01
2026-08-01 06:05:00,VIC1,83.25503,0.08325503000000001,0.0,0.0,0.0,0.0,0.0,0.0,41.31690345403181,41.31690345403181,34.72008693616118,0.0,0.0,0.0,1.8442691449999997,0.0,17.25,idle,0.16977681182043122,2026-08-01
2026-08-01 06:10:00,VIC1,84.04711,0.08404711000000001,0.0,0.0,0.0,0.0,0.0,0.0,41.31690345403181,41.31690345403181,34.72008693616118,0.0,0.0,0.0,1.8442691449999997,0.0,17.25,idle,0.16977681182043122,2026-08-01
2026-08-01 06:15:00,VIC1,89.14608,0.08914608,0.0,0.0,0.0,0.0,0.0,0.0,41.31690345403181,41.31690345403181,34.72008693616118,0.0,0.0,0.0,1.8442691449999997,0.0,17.25,idle,0.16977681182043122,2026-08-01
2026-08-01 06:20:00,VIC1,89.14608,0.08914608,0.0,0.0,0.0,0.0,0.0,0.0,41.31690345403181,41.31690345403181,34.72008693616118,0.0,0.0,0.0,1.8442691449999997,0.0,17.25,idle,0.16977681182043122,2026-08-01
2026-08-01 06:25:00,VIC1,98.41828,0.09841828,0.0,57.62388732726001,0.0,4.801990610605,0.0,5.061742544084836,41.31690345403181,36.25516090994697,30.46652177306468,0.0,0.4726036564718939,0.4726036564718939,2.316872801471894,0.0,22.051990610605,discharge,0.2170386469659479,2026-08-01
2026-08-01 06:30:00,VIC1,102.36461,0.10236461,0.0,69.0,0.0,5.75,0.0,6.061032181989394,36.25516090994697,30.194128727957576,25.373217418451745,0.0,0.5885965074999999,0.5885965074999999,2.9054693089718935,0.0,27.801990610605,discharge,0.2736309175727583,2026-08-01
2026-08-01 06:35:00,VIC1,85.34797,0.08534797000000001,0.0,0.0,0.0,0.0,0.0,0.0,30.194128727957576,30.194128727957576,25.373217418451745,0.0,0.0,0.0,2.9054693089718935,0.0,27.801990610605,idle,0.2736309175727583,2026-08-01
2026-08-01 06:40:00,VIC1,84.91,0.08491,0.0,0.0,0.0,0.0,0.0,0.0,30.194128727957576,30.194128727957576,25.373217418451745,0.0,0.0,0.0,2.9054693089718935,0.0,27.801990610605,idle,0.2736309175727583,2026-08-01
2026-08-01 06:45:00,VIC1,81.27092,0.08127092000000001,0.0,0.0,0.0,0.0,0.0,0.0,30.194128727957576,30.194128727957576,25.373217418451745,0.0,0.0,0.0,2.9054693089718935,0.0,27.801990610605,idle,0.2736309175727583,2026-08-01
2026-08-01 06:50:00,VIC1,90.60992,0.09060992000000001,0.0,0.0,0.0,0.0,0.0,0.0,30.194128727957576,30.194128727957576,25.373217418451745,0.0,0.0,0.0,2.9054693089718935,0.0,27.801990610605,idle,0.2736309175727583,2026-08-01
2026-08-01 06:55:00,VIC1,90.6519,0.0906519,0.0,0.0,0.0,0.0,0.0,0.0,30.194128727957576,30.194128727957576,25.373217418451745,0.0,0.0,0.0,2.9054693089718935,0.0,27.801990610605,idle,0.2736309175727583,2026-08-01
2026-08-01 07:00:00,VIC1,102.40385,0.10240385,0.0,69.0,0.0,5.75,0.0,6.061032181989394,30.194128727957576,24.133096545968183,20.27991306383881,0.0,0.5888221375,0.5888221375,3.4942914464718937,0.0,33.551990610605,discharge,0.3302231881795687,2026-08-01
2026-08-01 07:05:00,VIC1,84.51,0.08451,0.0,0.0,0.0,0.0,0.0,0.0,24.133096545968183,24.133096545968183,20.27991306383881,0.0,0.0,0.0,3.4942914464718937,0.0,33.551990610605,idle,0.3302231881795687,2026-08-01
2026-08-01 07:10:00,VIC1,84.91,0.08491,0.0,0.0,0.0,0.0,0.0,0.0,24.133096545968183,24.133096545968183,20.27991306383881,0.0,0.0,0.0,3.4942914464718937,0.0,33.551990610605,idle,0.3302231881795687,2026-08-01
2026-08-01 07:15:00,VIC1,84.91,0.08491,0.0,0.0,0.0,0.0,0.0,0.0,24.133096545968183,24.133096545968183,20.27991306383881,0.0,0.0,0.0,3.4942914464718937,0.0,33.551990610605,idle,0.3302231881795687,2026-08-01
2026-08-01 07:20:00,VIC1,84.51,0.08451,0.0,0.0,0.0,0.0,0.0,0.0,24.133096545968183,24.133096545968183,20.27991306383881,0.0,0.0,0.0,3.4942914464718937,0.0,33.551990610605,idle,0.3302231881795687,2026-08-01
2026-08-01 07:25:00,VIC1,84.91,0.08491,0.0,0.0,0.0,0.0,0.0,0.0,24.133096545968183,24.133096545968183,20.27991306383881,0.0,0.0,0.0,3.4942914464718937,0.0,33.551990610605,idle,0.3302231881795687,2026-08-01
2026-08-01 07:30:00,VIC1,84.91,0.08491,0.0,0.0,0.0,0.0,0.0,0.0,24.133096545968183,24.133096545968183,20.27991306383881,0.0,0.0,0.0,3.4942914464718937,0.0,33.551990610605,idle,0.3302231881795687,2026-08-01
2026-08-01 07:35:00,VIC1,84.91,0.08491,0.0,0.0,0.0,0.0,0.0,0.0,24.133096545968183,24.133096545968183,20.27991306383881,0.0,0.0,0.0,3.4942914464718937,0.0,33.551990610605,idle,0.3302231881795687,2026-08-01
2026-08-01 07:40:00,VIC1,84.91,0.08491,0.0,0.0,0.0,0.0,0.0,0.0,24.133096545968183,24.133096545968183,20.27991306383881,0.0,0.0,0.0,3.4942914464718937,0.0,33.551990610605,idle,0.3302231881795687,2026-08-01
2026-08-01 07:45:00,VIC1,98.48,0.09848000000000001,0.0,69.0,0.0,5.75,0.0,6.061032181989394,24.133096545968183,18.07206436397879,15.186608709225874,0.0,0.5662600000000001,0.5662600000000001,4.0605514464718935,0.0,39.301990610605,discharge,0.38681545878637913,2026-08-01
2026-08-01 07:50:00,VIC1,105.78,0.10578,0.0,69.0,0.0,5.75,0.0,6.061032181989394,18.07206436397879,12.011032181989394,10.093304354612936,0.0,0.608235,0.608235,4.668786446471893,0.0,45.051990610605,discharge,0.44340772939318956,2026-08-01
2026-08-01 07:55:00,VIC1,89.0,0.089,0.0,0.0,0.0,0.0,0.0,0.0,12.011032181989394,12.011032181989394,10.093304354612936,0.0,0.0,0.0,4.668786446471893,0.0,45.051990610605,idle,0.44340772939318956,2026-08-01
2026-08-01 08:00:00,VIC1,98.48,0.09848000000000001,0.0,69.0,0.0,5.75,0.0,6.061032181989394,12.011032181989394,5.95,5.0,0.0,0.5662600000000001,0.5662600000000001,5.235046446471893,0.0,50.801990610605,discharge,0.5,2026-08-01
2026-08-01 08:05:00,VIC1,84.91,0.08491,0.0,0.0,0.0,0.0,0.0,0.0,5.95,5.95,5.0,0.0,0.0,0.0,5.235046446471893,0.0,50.801990610605,idle,0.5,2026-08-01
2026-08-01 08:10:00,VIC1,84.91,0.08491,0.0,0.0,0.0,0.0,0.0,0.0,5.95,5.95,5.0,0.0,0.0,0.0,5.235046446471893,0.0,50.801990610605,idle,0.5,2026-08-01
2026-08-01 08:15:00,VIC1,84.51,0.08451,0.0,0.0,0.0,0.0,0.0,0.0,5.95,5.95,5.0,0.0,0.0,0.0,5.235046446471893,0.0,50.801990610605,idle,0.5,2026-08-01
2026-08-01 08:20:00,VIC1,69.48,0.06948,0.0,0.0,0.0,0.0,0.0,0.0,5.95,5.95,5.0,0.0,0.0,0.0,5.235046446471893,0.0,50.801990610605,idle,0.5,2026-08-01
2026-08-01 08:25:00,VIC1,69.48,0.06948,0.0,0.0,0.0,0.0,0.0,0.0,5.95,5.95,5.0,0.0,0.0,0.0,5.235046446471893,0.0,50.801990610605,idle,0.5,2026-08-01
2026-08-01 08:30:00,VIC1,65.68,0.06568,0.0,0.0,0.0,0.0,0.0,0.0,5.95,5.95,5.0,0.0,0.0,0.0,5.235046446471893,0.0,50.801990610605,idle,0.5,2026-08-01
2026-08-01 08:35:00,VIC1,53.98534,0.05398534,0.0,0.0,0.0,0.0,0.0,0.0,5.95,5.95,5.0,0.0,0.0,0.0,5.235046446471893,0.0,50.801990610605,idle,0.5,2026-08-01
2026-08-01 08:40:00,VIC1,69.48,0.06948,0.0,0.0,0.0,0.0,0.0,0.0,5.95,5.95,5.0,0.0,0.0,0.0,5.235046446471893,0.0,50.801990610605,idle,0.5,2026-08-01
2026-08-01 08:45:00,VIC1,41.13779,0.04113779,0.0,0.0,0.0,0.0,0.0,0.0,5.95,5.95,5.0,0.0,0.0,0.0,5.235046446471893,0.0,50.801990610605,idle,0.5,2026-08-01
2026-08-01 08:50:00,VIC1,21.12399,0.02112399,0.0,0.0,0.0,0.0,0.0,0.0,5.95,5.95,5.0,0.0,0.0,0.0,5.235046446471893,0.0,50.801990610605,idle,0.5,2026-08-01
2026-08-01 08:55:00,VIC1,0.00031,3.1e-07,0.0,0.0,0.0,0.0,0.0,0.0,5.95,5.95,5.0,0.0,0.0,0.0,5.235046446471893,0.0,50.801990610605,idle,0.5,2026-08-01
2026-08-01 09:00:00,VIC1,8.94,0.00894,0.0,0.0,0.0,0.0,0.0,0.0,5.95,5.95,5.0,0.0,0.0,0.0,5.235046446471893,0.0,50.801990610605,idle,0.5,2026-08-01
2026-08-01 09:05:00,VIC1,8.94,0.00894,0.0,0.0,0.0,0.0,0.0,0.0,5.95,5.95,5.0,0.0,0.0,0.0,5.235046446471893,0.0,50.801990610605,idle,0.5,2026-08-01
2026-08-01 09:10:00,VIC1,10.49975,0.01049975,0.0,0.0,0.0,0.0,0.0,0.0,5.95,5.95,5.0,0.0,0.0,0.0,5.235046446471893,0.0,50.801990610605,idle,0.5,2026-08-01
2026-08-01 09:15:00,VIC1,8.94,0.00894,0.0,0.0,0.0,0.0,0.0,0.0,5.95,5.95,5.0,0.0,0.0,0.0,5.235046446471893,0.0,50.801990610605,idle,0.5,2026-08-01
2026-08-01 09:20:00,VIC1,10.5,0.0105,0.0,0.0,0.0,0.0,0.0,0.0,5.95,5.95,5.0,0.0,0.0,0.0,5.235046446471893,0.0,50.801990610605,idle,0.5,2026-08-01
2026-08-01 09:25:00,VIC1,0.00028,2.7999999999999997e-07,0.0,0.0,0.0,0.0,0.0,0.0,5.95,5.95,5.0,0.0,0.0,0.0,5.235046446471893,0.0,50.801990610605,idle,0.5,2026-08-01
2026-08-01 09:30:00,VIC1,0.01,1e-05,0.0,0.0,0.0,0.0,0.0,0.0,5.95,5.95,5.0,0.0,0.0,0.0,5.235046446471893,0.0,50.801990610605,idle,0.5,2026-08-01
2026-08-01 09:35:00,VIC1,14.51086,0.014510859999999999,0.0,0.0,0.0,0.0,0.0,0.0,5.95,5.95,5.0,0.0,0.0,0.0,5.235046446471893,0.0,50.801990610605,idle,0.5,2026-08-01
2026-08-01 09:40:00,VIC1,10.5,0.0105,0.0,0.0,0.0,0.0,0.0,0.0,5.95,5.95,5.0,0.0,0.0,0.0,5.235046446471893,0.0,50.801990610605,idle,0.5,2026-08-01
2026-08-01 09:45:00,VIC1,10.5,0.0105,0.0,0.0,0.0,0.0,0.0,0.0,5.95,5.95,5.0,0.0,0.0,0.0,5.235046446471893,0.0,50.801990610605,idle,0.5,2026-08-01
2026-08-01 09:50:00,VIC1,28.73381,0.02873381,0.0,0.0,0.0,0.0,0.0,0.0,5.95,5.95,5.0,0.0,0.0,0.0,5.235046446471893,0.0,50.801990610605,idle,0.5,2026-08-01
2026-08-01 09:55:00,VIC1,62.33545,0.06233545,0.0,0.0,0.0,0.0,0.0,0.0,5.95,5.95,5.0,0.0,0.0,0.0,5.235046446471893,0.0,50.801990610605,idle,0.5,2026-08-01
2026-08-01 10:00:00,VIC1,60.26745,0.06026745,0.0,0.0,0.0,0.0,0.0,0.0,5.95,5.95,5.0,0.0,0.0,0.0,5.235046446471893,0.0,50.801990610605,idle,0.5,2026-08-01
2026-08-01 10:05:00,VIC1,25.94378,0.02594378,0.0,0.0,0.0,0.0,0.0,0.0,5.95,5.95,5.0,0.0,0.0,0.0,5.235046446471893,0.0,50.801990610605,idle,0.5,2026-08-01
2026-08-01 10:10:00,VIC1,14.88992,0.014889920000000001,0.0,0.0,0.0,0.0,0.0,0.0,5.95,5.95,5.0,0.0,0.0,0.0,5.235046446471893,0.0,50.801990610605,idle,0.5,2026-08-01
2026-08-01 10:15:00,VIC1,10.5,0.0105,0.0,0.0,0.0,0.0,0.0,0.0,5.95,5.95,5.0,0.0,0.0,0.0,5.235046446471893,0.0,50.801990610605,idle,0.5,2026-08-01
2026-08-01 10:20:00,VIC1,10.5,0.0105,0.0,0.0,0.0,0.0,0.0,0.0,5.95,5.95,5.0,0.0,0.0,0.0,5.235046446471893,0.0,50.801990610605,idle,0.5,2026-08-01
2026-08-01 10:25:00,VIC1,1.42,0.00142,0.0,0.0,0.0,0.0,0.0,0.0,5.95,5.95,5.0,0.0,0.0,0.0,5.235046446471893,0.0,50.801990610605,idle,0.5,2026-08-01
2026-08-01 10:30:00,VIC1,3.57,0.00357,0.0,0.0,0.0,0.0,0.0,0.0,5.95,5.95,5.0,0.0,0.0,0.0,5.235046446471893,0.0,50.801990610605,idle,0.5,2026-08-01
2026-08-01 10:35:00,VIC1,10.5,0.0105,0.0,0.0,0.0,0.0,0.0,0.0,5.95,5.95,5.0,0.0,0.0,0.0,5.235046446471893,0.0,50.801990610605,idle,0.5,2026-08-01
2026-08-01 10:40:00,VIC1,10.50026,0.01050026,0.0,0.0,0.0,0.0,0.0,0.0,5.95,5.95,5.0,0.0,0.0,0.0,5.235046446471893,0.0,50.801990610605,idle,0.5,2026-08-01
2026-08-01 10:45:00,VIC1,1.42,0.00142,0.0,0.0,0.0,0.0,0.0,0.0,5.95,5.95,5.0,0.0,0.0,0.0,5.235046446471893,0.0,50.801990610605,idle,0.5,2026-08-01
2026-08-01 10:50:00,VIC1,0.07763,7.763e-05,0.0,0.0,0.0,0.0,0.0,0.0,5.95,5.95,5.0,0.0,0.0,0.0,5.235046446471893,0.0,50.801990610605,idle,0.5,2026-08-01
2026-08-01 10:55:00,VIC1,8.81,0.00881,0.0,0.0,0.0,0.0,0.0,0.0,5.95,5.95,5.0,0.0,0.0,0.0,5.235046446471893,0.0,50.801990610605,idle,0.5,2026-08-01
2026-08-01 11:00:00,VIC1,-4.39851,-0.0043985100000000004,-0.0,0.0,-0.0,0.0,-0.0,0.0,5.95,5.95,5.0,0.0,-0.0,-0.0,5.235046446471893,0.0,50.801990610605,idle,0.5,2026-08-01
2026-08-01 11:05:00,VIC1,-1.15793,-0.00115793,0.0,0.0,0.0,0.0,0.0,0.0,5.95,5.95,5.0,-0.0,-0.0,0.0,5.235046446471893,0.0,50.801990610605,idle,0.5,2026-08-01
2026-08-01 11:10:00,VIC1,0.00022,2.2e-07,0.0,0.0,0.0,0.0,0.0,0.0,5.95,5.95,5.0,0.0,0.0,0.0,5.235046446471893,0.0,50.801990610605,idle,0.5,2026-08-01
2026-08-01 11:15:00,VIC1,0.01,1e-05,0.0,0.0,0.0,0.0,0.0,0.0,5.95,5.95,5.0,0.0,0.0,0.0,5.235046446471893,0.0,50.801990610605,idle,0.5,2026-08-01
2026-08-01 11:20:00,VIC1,-2.99104,-0.00299104,0.0,0.0,0.0,0.0,0.0,0.0,5.95,5.95,5.0,-0.0,-0.0,0.0,5.235046446471893,0.0,50.801990610605,idle,0.5,2026-08-01
2026-08-01 11:25:00,VIC1,-2.99104,-0.00299104,0.0,0.0,0.0,0.0,0.0,0.0,5.95,5.95,5.0,-0.0,-0.0,0.0,5.235046446471893,0.0,50.801990610605,idle,0.5,2026-08-01
2026-08-01 11:30:00,VIC1,-1.0997,-0.0010997,0.0,0.0,0.0,0.0,0.0,0.0,5.95,5.95,5.0,-0.0,-0.0,0.0,5.235046446471893,0.0,50.801990610605,idle,0.5,2026-08-01
2026-08-01 11:35:00,VIC1,0.0,0.0,0.0,0.0,0.0,0.0,0.0,0.0,5.95,5.95,5.0,0.0,0.0,0.0,5.235046446471893,0.0,50.801990610605,idle,0.5,2026-08-01
2026-08-01 11:40:00,VIC1,-2.99104,-0.00299104,0.0,0.0,0.0,0.0,0.0,0.0,5.95,5.95,5.0,-0.0,-0.0,0.0,5.235046446471893,0.0,50.801990610605,idle,0.5,2026-08-01
2026-08-01 11:45:00,VIC1,-3.5,-0.0035,0.0,0.0,0.0,0.0,0.0,0.0,5.95,5.95,5.0,-0.0,-0.0,0.0,5.235046446471893,0.0,50.801990610605,idle,0.5,2026-08-01
2026-08-01 11:50:00,VIC1,-2.99104,-0.00299104,0.0,0.0,0.0,0.0,0.0,0.0,5.95,5.95,5.0,-0.0,-0.0,0.0,5.235046446471893,0.0,50.801990610605,idle,0.5,2026-08-01
2026-08-01 11:55:00,VIC1,0.0,0.0,0.0,0.0,0.0,0.0,0.0,0.0,5.95,5.95,5.0,0.0,0.0,0.0,5.235046446471893,0.0,50.801990610605,idle,0.5,2026-08-01
2026-08-01 12:00:00,VIC1,-1.48276,-0.00148276,0.0,0.0,0.0,0.0,0.0,0.0,5.95,5.95,5.0,-0.0,-0.0,0.0,5.235046446471893,0.0,50.801990610605,idle,0.5,2026-08-01
2026-08-01 12:05:00,VIC1,-0.36024,-0.00036024,0.0,0.0,0.0,0.0,0.0,0.0,5.95,5.95,5.0,-0.0,-0.0,0.0,5.235046446471893,0.0,50.801990610605,idle,0.5,2026-08-01
2026-08-01 12:10:00,VIC1,0.00028,2.7999999999999997e-07,0.0,0.0,0.0,0.0,0.0,0.0,5.95,5.95,5.0,0.0,0.0,0.0,5.235046446471893,0.0,50.801990610605,idle,0.5,2026-08-01
2026-08-01 12:15:00,VIC1,0.07657,7.657000000000001e-05,0.0,0.0,0.0,0.0,0.0,0.0,5.95,5.95,5.0,0.0,0.0,0.0,5.235046446471893,0.0,50.801990610605,idle,0.5,2026-08-01
2026-08-01 12:20:00,VIC1,0.03817,3.817e-05,0.0,0.0,0.0,0.0,0.0,0.0,5.95,5.95,5.0,0.0,0.0,0.0,5.235046446471893,0.0,50.801990610605,idle,0.5,2026-08-01
2026-08-01 12:25:00,VIC1,0.07,7.000000000000001e-05,0.0,0.0,0.0,0.0,0.0,0.0,5.95,5.95,5.0,0.0,0.0,0.0,5.235046446471893,0.0,50.801990610605,idle,0.5,2026-08-01
2026-08-01 12:30:00,VIC1,0.07,7.000000000000001e-05,0.0,0.0,0.0,0.0,0.0,0.0,5.95,5.95,5.0,0.0,0.0,0.0,5.235046446471893,0.0,50.801990610605,idle,0.5,2026-08-01
2026-08-01 12:35:00,VIC1,0.07656,7.656e-05,0.0,0.0,0.0,0.0,0.0,0.0,5.95,5.95,5.0,0.0,0.0,0.0,5.235046446471893,0.0,50.801990610605,idle,0.5,2026-08-01
2026-08-01 12:40:00,VIC1,0.01,1e-05,0.0,0.0,0.0,0.0,0.0,0.0,5.95,5.95,5.0,0.0,0.0,0.0,5.235046446471893,0.0,50.801990610605,idle,0.5,2026-08-01
2026-08-01 12:45:00,VIC1,0.07,7.000000000000001e-05,0.0,0.0,0.0,0.0,0.0,0.0,5.95,5.95,5.0,0.0,0.0,0.0,5.235046446471893,0.0,50.801990610605,idle,0.5,2026-08-01
2026-08-01 12:50:00,VIC1,0.00023,2.3000000000000002e-07,0.0,0.0,0.0,0.0,0.0,0.0,5.95,5.95,5.0,0.0,0.0,0.0,5.235046446471893,0.0,50.801990610605,idle,0.5,2026-08-01
2026-08-01 12:55:00,VIC1,-1.0997,-0.0010997,0.0,0.0,0.0,0.0,0.0,0.0,5.95,5.95,5.0,-0.0,-0.0,0.0,5.235046446471893,0.0,50.801990610605,idle,0.5,2026-08-01
2026-08-01 13:00:00,VIC1,-4.99991,-0.00499991,-0.0,0.0,-0.0,0.0,-0.0,0.0,5.95,5.95,5.0,0.0,-0.0,-0.0,5.235046446471893,0.0,50.801990610605,idle,0.5,2026-08-01
2026-08-01 13:05:00,VIC1,0.44865,0.00044865,0.0,0.0,0.0,0.0,0.0,0.0,5.95,5.95,5.0,0.0,0.0,0.0,5.235046446471893,0.0,50.801990610605,idle,0.5,2026-08-01
2026-08-01 13:10:00,VIC1,-1.1,-0.0011,0.0,0.0,0.0,0.0,0.0,0.0,5.95,5.95,5.0,-0.0,-0.0,0.0,5.235046446471893,0.0,50.801990610605,idle,0.5,2026-08-01
2026-08-01 13:15:00,VIC1,-1.0997,-0.0010997,0.0,0.0,0.0,0.0,0.0,0.0,5.95,5.95,5.0,-0.0,-0.0,0.0,5.235046446471893,0.0,50.801990610605,idle,0.5,2026-08-01
2026-08-01 13:20:00,VIC1,-6.5,-0.006500000000000001,62.705857816032186,0.0,5.225488151336015,0.0,4.957333333333333,0.0,5.95,10.907333333333334,9.165826330532214,-0.0339656729836841,-0.0,0.0339656729836841,5.269012119455577,5.225488151336015,50.801990610605,charge,0.5,2026-08-01
2026-08-01 13:25:00,VIC1,-6.5,-0.006500000000000001,62.705857816032186,0.0,5.225488151336015,0.0,4.957333333333333,0.0,10.907333333333334,15.864666666666666,13.331652661064425,-0.0339656729836841,-0.0,0.0339656729836841,5.302977792439261,10.45097630267203,50.801990610605,charge,0.5,2026-08-01
2026-08-01 13:30:00,VIC1,-6.5,-0.006500000000000001,62.705857816032186,0.0,5.225488151336015,0.0,4.957333333333333,0.0,15.864666666666666,20.822,17.497478991596637,-0.0339656729836841,-0.0,0.0339656729836841,5.336943465422945,15.676464454008045,50.801990610605,charge,0.5,2026-08-01
2026-08-01 13:35:00,VIC1,-6.5,-0.006500000000000001,62.705857816032186,0.0,5.225488151336015,0.0,4.957333333333333,0.0,20.822,25.779333333333334,21.66330532212885,-0.0339656729836841,-0.0,0.0339656729836841,5.370909138406629,20.90195260534406,50.801990610605,charge,0.5,2026-08-01
2026-08-01 13:40:00,VIC1,-6.51,-0.00651,62.705857816032186,0.0,5.225488151336015,0.0,4.957333333333333,0.0,25.779333333333334,30.736666666666665,25.829131652661065,-0.03401792786519746,-0.0,0.03401792786519746,5.404927066271827,26.127440756680077,50.801990610605,charge,0.5,2026-08-01
2026-08-01 13:45:00,VIC1,-6.5,-0.006500000000000001,62.705857816032186,0.0,5.225488151336015,0.0,4.957333333333333,0.0,30.736666666666665,35.693999999999996,29.99495798319327,-0.0339656729836841,-0.0,0.0339656729836841,5.438892739255511,31.352928908016093,50.801990610605,charge,0.5,2026-08-01
2026-08-01 13:50:00,VIC1,-7.74,-0.00774,62.705857816032186,0.0,5.225488151336015,0.0,4.957333333333333,0.0,35.693999999999996,40.651333333333326,34.160784313725486,-0.04044527829134076,-0.0,0.04044527829134076,5.479338017546852,36.578417059352105,50.801990610605,charge,0.5,2026-08-01
2026-08-01 13:55:00,VIC1,-7.51,-0.00751,62.705857816032186,0.0,5.225488151336015,0.0,4.957333333333333,0.0,40.651333333333326,45.60866666666666,38.3266106442577,-0.03924341601653347,-0.0,0.03924341601653347,5.518581433563385,41.80390521068812,50.801990610605,charge,0.5,2026-08-01
2026-08-01 14:00:00,VIC1,-6.5,-0.006500000000000001,62.705857816032186,0.0,5.225488151336015,0.0,4.957333333333333,0.0,45.60866666666666,50.56599999999999,42.492436974789904,-0.0339656729836841,-0.0,0.0339656729836841,5.5525471065470695,47.02939336202414,50.801990610605,charge,0.5,2026-08-01
2026-08-01 14:05:00,VIC1,-6.01,-0.00601,0.0,0.0,0.0,0.0,0.0,0.0,50.56599999999999,50.56599999999999,42.492436974789904,-0.0,-0.0,0.0,5.5525471065470695,47.02939336202414,50.801990610605,idle,0.5,2026-08-01
2026-08-01 14:10:00,VIC1,-7.02869,-0.007028690000000001,62.705857816032186,0.0,5.225488151336015,0.0,4.957333333333333,0.0,50.56599999999999,55.52333333333332,46.658263305322116,-0.03672833631441394,-0.0,0.03672833631441394,5.589275442861483,52.254881513360154,50.801990610605,charge,0.5,2026-08-01
2026-08-01 14:15:00,VIC1,-12.75,-0.012750000000000001,62.705857816032186,0.0,5.225488151336015,0.0,4.957333333333333,0.0,55.52333333333332,60.48066666666665,50.82408963585433,-0.0666249739295342,-0.0,0.0666249739295342,5.655900416791018,57.48036966469617,50.801990610605,charge,0.5,2026-08-01
2026-08-01 14:20:00,VIC1,-6.51,-0.00651,62.705857816032186,0.0,5.225488151336015,0.0,4.957333333333333,0.0,60.48066666666665,65.43799999999999,54.98991596638655,-0.03401792786519746,-0.0,0.03401792786519746,5.689918344656215,62.705857816032186,50.801990610605,charge,0.5,2026-08-01
2026-08-01 14:25:00,VIC1,-6.5,-0.006500000000000001,62.705857816032186,0.0,5.225488151336015,0.0,4.957333333333333,0.0,65.43799999999999,70.39533333333333,59.15574229691876,-0.0339656729836841,-0.0,0.0339656729836841,5.723884017639899,67.9313459673682,50.801990610605,charge,0.5,2026-08-01
2026-08-01 14:30:00,VIC1,-3.5,-0.0035,0.0,0.0,0.0,0.0,0.0,0.0,70.39533333333333,70.39533333333333,59.15574229691876,-0.0,-0.0,0.0,5.723884017639899,67.9313459673682,50.801990610605,idle,0.5,2026-08-01
2026-08-01 14:35:00,VIC1,-6.0,-0.006,0.0,0.0,0.0,0.0,0.0,0.0,70.39533333333333,70.39533333333333,59.15574229691876,-0.0,-0.0,0.0,5.723884017639899,67.9313459673682,50.801990610605,idle,0.5,2026-08-01
2026-08-01 14:40:00,VIC1,-6.01,-0.00601,0.0,0.0,0.0,0.0,0.0,0.0,70.39533333333333,70.39533333333333,59.15574229691876,-0.0,-0.0,0.0,5.723884017639899,67.9313459673682,50.801990610605,idle,0.5,2026-08-01
2026-08-01 14:45:00,VIC1,-4.99991,-0.00499991,0.0,0.0,0.0,0.0,0.0,0.0,70.39533333333333,70.39533333333333,59.15574229691876,-0.0,-0.0,0.0,5.723884017639899,67.9313459673682,50.801990610605,idle,0.5,2026-08-01
2026-08-01 14:50:00,VIC1,-2.99104,-0.00299104,0.0,0.0,0.0,0.0,0.0,0.0,70.39533333333333,70.39533333333333,59.15574229691876,-0.0,-0.0,0.0,5.723884017639899,67.9313459673682,50.801990610605,idle,0.5,2026-08-01
2026-08-01 14:55:00,VIC1,-3.5,-0.0035,0.0,0.0,0.0,0.0,0.0,0.0,70.39533333333333,70.39533333333333,59.15574229691876,-0.0,-0.0,0.0,5.723884017639899,67.9313459673682,50.801990610605,idle,0.5,2026-08-01
2026-08-01 15:00:00,VIC1,-5.0,-0.005,0.0,0.0,0.0,0.0,0.0,0.0,70.39533333333333,70.39533333333333,59.15574229691876,-0.0,-0.0,0.0,5.723884017639899,67.9313459673682,50.801990610605,idle,0.5,2026-08-01
2026-08-01 15:05:00,VIC1,-6.5,-0.006500000000000001,62.705857816032186,0.0,5.225488151336015,0.0,4.957333333333333,0.0,70.39533333333333,75.35266666666666,63.32156862745097,-0.0339656729836841,-0.0,0.0339656729836841,5.757849690623583,73.15683411870421,50.801990610605,charge,0.5,2026-08-01
2026-08-01 15:10:00,VIC1,-5.0,-0.005,0.0,0.0,0.0,0.0,0.0,0.0,75.35266666666666,75.35266666666666,63.32156862745097,-0.0,-0.0,0.0,5.757849690623583,73.15683411870421,50.801990610605,idle,0.5,2026-08-01
2026-08-01 15:15:00,VIC1,-6.01,-0.00601,46.08004155165347,0.0,3.8400034626377892,0.0,3.642947149460611,0.0,75.35266666666666,78.99561381612727,66.38286875304813,-0.023078420810453113,-0.0,0.023078420810453113,5.7809281114340365,76.996837581342,50.801990610605,charge,0.5,2026-08-01
2026-08-01 15:20:00,VIC1,-3.5,-0.0035,0.0,0.0,0.0,0.0,0.0,0.0,78.99561381612727,78.99561381612727,66.38286875304813,-0.0,-0.0,0.0,5.7809281114340365,76.996837581342,50.801990610605,idle,0.5,2026-08-01
2026-08-01 15:25:00,VIC1,-3.5,-0.0035,0.0,0.0,0.0,0.0,0.0,0.0,78.99561381612727,78.99561381612727,66.38286875304813,-0.0,-0.0,0.0,5.7809281114340365,76.996837581342,50.801990610605,idle,0.5,2026-08-01
2026-08-01 15:30:00,VIC1,-3.5,-0.0035,0.0,0.0,0.0,0.0,0.0,0.0,78.99561381612727,78.99561381612727,66.38286875304813,-0.0,-0.0,0.0,5.7809281114340365,76.996837581342,50.801990610605,idle,0.5,2026-08-01
2026-08-01 15:35:00,VIC1,-1.15,-0.00115,0.0,0.0,0.0,0.0,0.0,0.0,78.99561381612727,78.99561381612727,66.38286875304813,-0.0,-0.0,0.0,5.7809281114340365,76.996837581342,50.801990610605,idle,0.5,2026-08-01
2026-08-01 15:40:00,VIC1,-6.25303,-0.00625303,62.705857816032186,0.0,5.225488151336015,0.0,4.957333333333333,0.0,78.99561381612727,83.95294714946061,70.54869508358036,-0.03267513417494864,-0.0,0.03267513417494864,5.813603245608985,82.22232573267802,50.801990610605,charge,0.5,2026-08-01
2026-08-01 15:45:00,VIC1,-6.5,-0.006500000000000001,62.705857816032186,0.0,5.225488151336015,0.0,4.957333333333333,0.0,83.95294714946061,88.91028048279395,74.71452141411257,-0.0339656729836841,-0.0,0.0339656729836841,5.847568918592669,87.44781388401402,50.801990610605,charge,0.5,2026-08-01
2026-08-01 15:50:00,VIC1,-6.5,-0.006500000000000001,62.705857816032186,0.0,5.225488151336015,0.0,4.957333333333333,0.0,88.91028048279395,93.86761381612729,78.88034774464478,-0.0339656729836841,-0.0,0.0339656729836841,5.8815345915763535,92.67330203535003,50.801990610605,charge,0.5,2026-08-01
2026-08-01 15:55:00,VIC1,-2.99,-0.0029900000000000005,0.0,0.0,0.0,0.0,0.0,0.0,93.86761381612729,93.86761381612729,78.88034774464478,-0.0,-0.0,0.0,5.8815345915763535,92.67330203535003,50.801990610605,idle,0.5,2026-08-01
2026-08-01 16:00:00,VIC1,-1e-05,-1e-08,0.0,0.0,0.0,0.0,0.0,0.0,93.86761381612729,93.86761381612729,78.88034774464478,-0.0,-0.0,0.0,5.8815345915763535,92.67330203535003,50.801990610605,idle,0.5,2026-08-01
2026-08-01 16:05:00,VIC1,-3.5,-0.0035,0.0,0.0,0.0,0.0,0.0,0.0,93.86761381612729,93.86761381612729,78.88034774464478,-0.0,-0.0,0.0,5.8815345915763535,92.67330203535003,50.801990610605,idle,0.5,2026-08-01
2026-08-01 16:10:00,VIC1,69.48,0.06948,0.0,0.0,0.0,0.0,0.0,0.0,93.86761381612729,93.86761381612729,78.88034774464478,0.0,0.0,0.0,5.8815345915763535,92.67330203535003,50.801990610605,idle,0.5,2026-08-01
2026-08-01 16:15:00,VIC1,1.57,0.00157,0.0,0.0,0.0,0.0,0.0,0.0,93.86761381612729,93.86761381612729,78.88034774464478,0.0,0.0,0.0,5.8815345915763535,92.67330203535003,50.801990610605,idle,0.5,2026-08-01
2026-08-01 16:20:00,VIC1,6.27004,0.00627004,0.0,0.0,0.0,0.0,0.0,0.0,93.86761381612729,93.86761381612729,78.88034774464478,0.0,0.0,0.0,5.8815345915763535,92.67330203535003,50.801990610605,idle,0.5,2026-08-01
2026-08-01 16:25:00,VIC1,8.94,0.00894,0.0,0.0,0.0,0.0,0.0,0.0,93.86761381612729,93.86761381612729,78.88034774464478,0.0,0.0,0.0,5.8815345915763535,92.67330203535003,50.801990610605,idle,0.5,2026-08-01
2026-08-01 16:30:00,VIC1,79.50465,0.07950465,0.0,0.0,0.0,0.0,0.0,0.0,93.86761381612729,93.86761381612729,78.88034774464478,0.0,0.0,0.0,5.8815345915763535,92.67330203535003,50.801990610605,idle,0.5,2026-08-01
2026-08-01 16:35:00,VIC1,81.68,0.08168,0.0,0.0,0.0,0.0,0.0,0.0,93.86761381612729,93.86761381612729,78.88034774464478,0.0,0.0,0.0,5.8815345915763535,92.67330203535003,50.801990610605,idle,0.5,2026-08-01
2026-08-01 16:40:00,VIC1,87.09105,0.08709105,0.0,69.0,0.0,5.75,0.0,6.061032181989394,93.86761381612729,87.8065816341379,73.78704339003185,0.0,0.5007735375,0.5007735375,6.382308129076353,92.67330203535003,56.551990610605,discharge,0.5565922706068104,2026-08-01
2026-08-01 16:45:00,VIC1,83.68255,0.08368255000000001,0.0,0.0,0.0,0.0,0.0,0.0,87.8065816341379,87.8065816341379,73.78704339003185,0.0,0.0,0.0,6.382308129076353,92.67330203535003,56.551990610605,idle,0.5565922706068104,2026-08-01
2026-08-01 16:50:00,VIC1,91.43134,0.09143134000000001,0.0,69.0,0.0,5.75,0.0,6.061032181989394,87.8065816341379,81.74554945214851,68.69373903541891,0.0,0.5257302050000001,0.5257302050000001,6.908038334076354,92.67330203535003,62.301990610605,discharge,0.6131845412136209,2026-08-01
2026-08-01 16:55:00,VIC1,83.46342,0.08346342,0.0,0.0,0.0,0.0,0.0,0.0,81.74554945214851,81.74554945214851,68.69373903541891,0.0,0.0,0.0,6.908038334076354,92.67330203535003,62.301990610605,idle,0.6131845412136209,2026-08-01
2026-08-01 17:00:00,VIC1,91.63453,0.09163453,0.0,69.0,0.0,5.75,0.0,6.061032181989394,81.74554945214851,75.68451727015912,63.60043468080598,0.0,0.5268985475,0.5268985475,7.434936881576354,92.67330203535003,68.051990610605,discharge,0.6697768118204313,2026-08-01
2026-08-01 17:05:00,VIC1,85.22657,0.08522657,0.0,69.0,0.0,5.75,0.0,6.061032181989394,75.68451727015912,69.62348508816973,58.50713032619305,0.0,0.4900527775,0.4900527775,7.9249896590763536,92.67330203535003,73.801990610605,discharge,0.7263690824272416,2026-08-01
2026-08-01 17:10:00,VIC1,75.88,0.07588,0.0,0.0,0.0,0.0,0.0,0.0,69.62348508816973,69.62348508816973,58.50713032619305,0.0,0.0,0.0,7.9249896590763536,92.67330203535003,73.801990610605,idle,0.7263690824272416,2026-08-01
2026-08-01 17:15:00,VIC1,78.64879,0.07864879000000001,0.0,0.0,0.0,0.0,0.0,0.0,69.62348508816973,69.62348508816973,58.50713032619305,0.0,0.0,0.0,7.9249896590763536,92.67330203535003,73.801990610605,idle,0.7263690824272416,2026-08-01
2026-08-01 17:20:00,VIC1,84.57286,0.08457286000000001,0.0,69.0,0.0,5.75,0.0,6.061032181989394,69.62348508816973,63.56245290618034,53.41382597158012,0.0,0.48629394500000006,0.48629394500000006,8.411283604076354,92.67330203535003,79.551990610605,discharge,0.782961353034052,2026-08-01
2026-08-01 17:25:00,VIC1,83.93318,0.08393318,0.0,57.623887327260334,0.0,4.801990610605028,0.0,5.061742544084865,63.56245290618034,58.500710362095475,49.16026080848359,0.0,0.40304634227822167,0.40304634227822167,8.814329946354576,92.67330203535003,84.35398122121003,discharge,0.8302231881795689,2026-08-01
2026-08-01 17:30:00,VIC1,77.13912,0.07713912,0.0,0.0,0.0,0.0,0.0,0.0,58.500710362095475,58.500710362095475,49.16026080848359,0.0,0.0,0.0,8.814329946354576,92.67330203535003,84.35398122121003,idle,0.8302231881795689,2026-08-01
2026-08-01 17:35:00,VIC1,75.88,0.07588,0.0,0.0,0.0,0.0,0.0,0.0,58.500710362095475,58.500710362095475,49.16026080848359,0.0,0.0,0.0,8.814329946354576,92.67330203535003,84.35398122121003,idle,0.8302231881795689,2026-08-01
2026-08-01 17:40:00,VIC1,77.77678,0.07777678,0.0,0.0,0.0,0.0,0.0,0.0,58.500710362095475,58.500710362095475,49.16026080848359,0.0,0.0,0.0,8.814329946354576,92.67330203535003,84.35398122121003,idle,0.8302231881795689,2026-08-01
2026-08-01 17:45:00,VIC1,79.01205,0.07901205,0.0,0.0,0.0,0.0,0.0,0.0,58.500710362095475,58.500710362095475,49.16026080848359,0.0,0.0,0.0,8.814329946354576,92.67330203535003,84.35398122121003,idle,0.8302231881795689,2026-08-01
2026-08-01 17:50:00,VIC1,84.57919,0.08457919,0.0,69.0,0.0,5.75,0.0,6.061032181989394,58.500710362095475,52.43967818010608,44.06695645387065,0.0,0.4863303425,0.4863303425,9.300660288854576,92.67330203535003,90.10398122121003,discharge,0.8868154587863792,2026-08-01
2026-08-01 17:55:00,VIC1,86.16568,0.08616568,0.0,69.0,0.0,5.75,0.0,6.061032181989394,52.43967818010608,46.37864599811668,38.97365209925772,0.0,0.49545266,0.49545266,9.796112948854576,92.67330203535003,95.85398122121003,discharge,0.9434077293931896,2026-08-01
2026-08-01 18:00:00,VIC1,82.36907,0.08236906999999999,0.0,0.0,0.0,0.0,0.0,0.0,46.37864599811668,46.37864599811668,38.97365209925772,0.0,0.0,0.0,9.796112948854576,92.67330203535003,95.85398122121003,idle,0.9434077293931896,2026-08-01
2026-08-01 18:05:00,VIC1,82.38882,0.08238882,0.0,0.0,0.0,0.0,0.0,0.0,46.37864599811668,46.37864599811668,38.97365209925772,0.0,0.0,0.0,9.796112948854576,92.67330203535003,95.85398122121003,idle,0.9434077293931896,2026-08-01
2026-08-01 18:10:00,VIC1,83.5699,0.0835699,0.0,0.0,0.0,0.0,0.0,0.0,46.37864599811668,46.37864599811668,38.97365209925772,0.0,0.0,0.0,9.796112948854576,92.67330203535003,95.85398122121003,idle,0.9434077293931896,2026-08-01
2026-08-01 18:15:00,VIC1,77.38547,0.07738547,0.0,0.0,0.0,0.0,0.0,0.0,46.37864599811668,46.37864599811668,38.97365209925772,0.0,0.0,0.0,9.796112948854576,92.67330203535003,95.85398122121003,idle,0.9434077293931896,2026-08-01
2026-08-01 18:20:00,VIC1,75.88,0.07588,0.0,0.0,0.0,0.0,0.0,0.0,46.37864599811668,46.37864599811668,38.97365209925772,0.0,0.0,0.0,9.796112948854576,92.67330203535003,95.85398122121003,idle,0.9434077293931896,2026-08-01
2026-08-01 18:25:00,VIC1,77.81447,0.07781447,0.0,0.0,0.0,0.0,0.0,0.0,46.37864599811668,46.37864599811668,38.97365209925772,0.0,0.0,0.0,9.796112948854576,92.67330203535003,95.85398122121003,idle,0.9434077293931896,2026-08-01
2026-08-01 18:30:00,VIC1,84.66078,0.08466078,0.0,69.0,0.0,5.75,0.0,6.061032181989394,46.37864599811668,40.317613816127285,33.88034774464478,0.0,0.48679948500000003,0.48679948500000003,10.282912433854577,92.67330203535003,101.60398122121003,discharge,1.0,2026-08-01
2026-08-01 18:35:00,VIC1,79.26962,0.07926962,0.0,0.0,0.0,0.0,0.0,0.0,40.317613816127285,40.317613816127285,33.88034774464478,0.0,0.0,0.0,10.282912433854577,92.67330203535003,101.60398122121003,idle,1.0,2026-08-01
2026-08-01 18:40:00,VIC1,79.09343,0.07909343,0.0,0.0,0.0,0.0,0.0,0.0,40.317613816127285,40.317613816127285,33.88034774464478,0.0,0.0,0.0,10.282912433854577,92.67330203535003,101.60398122121003,idle,1.0,2026-08-01
2026-08-01 18:45:00,VIC1,75.88,0.07588,0.0,0.0,0.0,0.0,0.0,0.0,40.317613816127285,40.317613816127285,33.88034774464478,0.0,0.0,0.0,10.282912433854577,92.67330203535003,101.60398122121003,idle,1.0,2026-08-01
2026-08-01 18:50:00,VIC1,75.88,0.07588,0.0,0.0,0.0,0.0,0.0,0.0,40.317613816127285,40.317613816127285,33.88034774464478,0.0,0.0,0.0,10.282912433854577,92.67330203535003,101.60398122121003,idle,1.0,2026-08-01
2026-08-01 18:55:00,VIC1,79.37286,0.07937286,0.0,0.0,0.0,0.0,0.0,0.0,40.317613816127285,40.317613816127285,33.88034774464478,0.0,0.0,0.0,10.282912433854577,92.67330203535003,101.60398122121003,idle,1.0,2026-08-01
2026-08-01 19:00:00,VIC1,75.88,0.07588,0.0,0.0,0.0,0.0,0.0,0.0,40.317613816127285,40.317613816127285,33.88034774464478,0.0,0.0,0.0,10.282912433854577,92.67330203535003,101.60398122121003,idle,1.0,2026-08-01
2026-08-01 19:05:00,VIC1,72.31986,0.07231986000000001,0.0,0.0,0.0,0.0,0.0,0.0,40.317613816127285,40.317613816127285,33.88034774464478,0.0,0.0,0.0,10.282912433854577,92.67330203535003,101.60398122121003,idle,1.0,2026-08-01
2026-08-01 19:10:00,VIC1,75.88,0.07588,0.0,0.0,0.0,0.0,0.0,0.0,40.317613816127285,40.317613816127285,33.88034774464478,0.0,0.0,0.0,10.282912433854577,92.67330203535003,101.60398122121003,idle,1.0,2026-08-01
2026-08-01 19:15:00,VIC1,75.88,0.07588,0.0,0.0,0.0,0.0,0.0,0.0,40.317613816127285,40.317613816127285,33.88034774464478,0.0,0.0,0.0,10.282912433854577,92.67330203535003,101.60398122121003,idle,1.0,2026-08-01
2026-08-01 19:20:00,VIC1,75.88,0.07588,0.0,0.0,0.0,0.0,0.0,0.0,40.317613816127285,40.317613816127285,33.88034774464478,0.0,0.0,0.0,10.282912433854577,92.67330203535003,101.60398122121003,idle,1.0,2026-08-01
2026-08-01 19:25:00,VIC1,75.88,0.07588,0.0,0.0,0.0,0.0,0.0,0.0,40.317613816127285,40.317613816127285,33.88034774464478,0.0,0.0,0.0,10.282912433854577,92.67330203535003,101.60398122121003,idle,1.0,2026-08-01
2026-08-01 19:30:00,VIC1,70.75725,0.07075725,0.0,0.0,0.0,0.0,0.0,0.0,40.317613816127285,40.317613816127285,33.88034774464478,0.0,0.0,0.0,10.282912433854577,92.67330203535003,101.60398122121003,idle,1.0,2026-08-01
2026-08-01 19:35:00,VIC1,67.69603,0.06769602999999999,0.0,0.0,0.0,0.0,0.0,0.0,40.317613816127285,40.317613816127285,33.88034774464478,0.0,0.0,0.0,10.282912433854577,92.67330203535003,101.60398122121003,idle,1.0,2026-08-01
2026-08-01 19:40:00,VIC1,70.68916,0.07068916,0.0,0.0,0.0,0.0,0.0,0.0,40.317613816127285,40.317613816127285,33.88034774464478,0.0,0.0,0.0,10.282912433854577,92.67330203535003,101.60398122121003,idle,1.0,2026-08-01
2026-08-01 19:45:00,VIC1,62.45354,0.062453539999999995,0.0,0.0,0.0,0.0,0.0,0.0,40.317613816127285,40.317613816127285,33.88034774464478,0.0,0.0,0.0,10.282912433854577,92.67330203535003,101.60398122121003,idle,1.0,2026-08-01
2026-08-01 19:50:00,VIC1,60.17405,0.06017405,0.0,0.0,0.0,0.0,0.0,0.0,40.317613816127285,40.317613816127285,33.88034774464478,0.0,0.0,0.0,10.282912433854577,92.67330203535003,101.60398122121003,idle,1.0,2026-08-01
2026-08-01 19:55:00,VIC1,61.01,0.06101,0.0,0.0,0.0,0.0,0.0,0.0,40.317613816127285,40.317613816127285,33.88034774464478,0.0,0.0,0.0,10.282912433854577,92.67330203535003,101.60398122121003,idle,1.0,2026-08-01
2026-08-01 20:00:00,VIC1,58.18327,0.05818327,0.0,0.0,0.0,0.0,0.0,0.0,40.317613816127285,40.317613816127285,33.88034774464478,0.0,0.0,0.0,10.282912433854577,92.67330203535003,101.60398122121003,idle,1.0,2026-08-01
2026-08-01 20:05:00,VIC1,63.14,0.06314,0.0,0.0,0.0,0.0,0.0,0.0,40.317613816127285,40.317613816127285,33.88034774464478,0.0,0.0,0.0,10.282912433854577,92.67330203535003,101.60398122121003,idle,1.0,2026-08-01
2026-08-01 20:10:00,VIC1,56.52759,0.056527589999999996,0.0,0.0,0.0,0.0,0.0,0.0,40.317613816127285,40.317613816127285,33.88034774464478,0.0,0.0,0.0,10.282912433854577,92.67330203535003,101.60398122121003,idle,1.0,2026-08-01
2026-08-01 20:15:00,VIC1,56.48695,0.05648695,0.0,0.0,0.0,0.0,0.0,0.0,40.317613816127285,40.317613816127285,33.88034774464478,0.0,0.0,0.0,10.282912433854577,92.67330203535003,101.60398122121003,idle,1.0,2026-08-01
2026-08-01 20:20:00,VIC1,66.08184,0.06608184,0.0,0.0,0.0,0.0,0.0,0.0,40.317613816127285,40.317613816127285,33.88034774464478,0.0,0.0,0.0,10.282912433854577,92.67330203535003,101.60398122121003,idle,1.0,2026-08-01
2026-08-01 20:25:00,VIC1,65.23272,0.06523272000000001,0.0,0.0,0.0,0.0,0.0,0.0,40.317613816127285,40.317613816127285,33.88034774464478,0.0,0.0,0.0,10.282912433854577,92.67330203535003,101.60398122121003,idle,1.0,2026-08-01
2026-08-01 20:30:00,VIC1,65.10676,0.06510676,0.0,0.0,0.0,0.0,0.0,0.0,40.317613816127285,40.317613816127285,33.88034774464478,0.0,0.0,0.0,10.282912433854577,92.67330203535003,101.60398122121003,idle,1.0,2026-08-01
2026-08-01 20:35:00,VIC1,71.90343,0.07190343,0.0,0.0,0.0,0.0,0.0,0.0,40.317613816127285,40.317613816127285,33.88034774464478,0.0,0.0,0.0,10.282912433854577,92.67330203535003,101.60398122121003,idle,1.0,2026-08-01
2026-08-01 20:40:00,VIC1,75.67832,0.07567832000000001,0.0,0.0,0.0,0.0,0.0,0.0,40.317613816127285,40.317613816127285,33.88034774464478,0.0,0.0,0.0,10.282912433854577,92.67330203535003,101.60398122121003,idle,1.0,2026-08-01
2026-08-01 20:45:00,VIC1,75.70459,0.07570459,0.0,0.0,0.0,0.0,0.0,0.0,40.317613816127285,40.317613816127285,33.88034774464478,0.0,0.0,0.0,10.282912433854577,92.67330203535003,101.60398122121003,idle,1.0,2026-08-01
2026-08-01 20:50:00,VIC1,72.15601,0.07215600999999999,0.0,0.0,0.0,0.0,0.0,0.0,40.317613816127285,40.317613816127285,33.88034774464478,0.0,0.0,0.0,10.282912433854577,92.67330203535003,101.60398122121003,idle,1.0,2026-08-01
2026-08-01 20:55:00,VIC1,62.10232,0.06210232,0.0,0.0,0.0,0.0,0.0,0.0,40.317613816127285,40.317613816127285,33.88034774464478,0.0,0.0,0.0,10.282912433854577,92.67330203535003,101.60398122121003,idle,1.0,2026-08-01
2026-08-01 21:00:00,VIC1,64.82046,0.06482046,0.0,0.0,0.0,0.0,0.0,0.0,40.317613816127285,40.317613816127285,33.88034774464478,0.0,0.0,0.0,10.282912433854577,92.67330203535003,101.60398122121003,idle,1.0,2026-08-01
2026-08-01 21:05:00,VIC1,67.17402,0.06717402,0.0,0.0,0.0,0.0,0.0,0.0,40.317613816127285,40.317613816127285,33.88034774464478,0.0,0.0,0.0,10.282912433854577,92.67330203535003,101.60398122121003,idle,1.0,2026-08-01
2026-08-01 21:10:00,VIC1,69.48,0.06948,0.0,0.0,0.0,0.0,0.0,0.0,40.317613816127285,40.317613816127285,33.88034774464478,0.0,0.0,0.0,10.282912433854577,92.67330203535003,101.60398122121003,idle,1.0,2026-08-01
2026-08-01 21:15:00,VIC1,71.50845,0.07150845,0.0,0.0,0.0,0.0,0.0,0.0,40.317613816127285,40.317613816127285,33.88034774464478,0.0,0.0,0.0,10.282912433854577,92.67330203535003,101.60398122121003,idle,1.0,2026-08-01
2026-08-01 21:20:00,VIC1,63.22205,0.06322205,0.0,0.0,0.0,0.0,0.0,0.0,40.317613816127285,40.317613816127285,33.88034774464478,0.0,0.0,0.0,10.282912433854577,92.67330203535003,101.60398122121003,idle,1.0,2026-08-01
2026-08-01 21:25:00,VIC1,63.03804,0.06303804,0.0,0.0,0.0,0.0,0.0,0.0,40.317613816127285,40.317613816127285,33.88034774464478,0.0,0.0,0.0,10.282912433854577,92.67330203535003,101.60398122121003,idle,1.0,2026-08-01
2026-08-01 21:30:00,VIC1,69.30259,0.06930259,0.0,0.0,0.0,0.0,0.0,0.0,40.317613816127285,40.317613816127285,33.88034774464478,0.0,0.0,0.0,10.282912433854577,92.67330203535003,101.60398122121003,idle,1.0,2026-08-01
2026-08-01 21:35:00,VIC1,64.19079,0.06419079000000001,0.0,0.0,0.0,0.0,0.0,0.0,40.317613816127285,40.317613816127285,33.88034774464478,0.0,0.0,0.0,10.282912433854577,92.67330203535003,101.60398122121003,idle,1.0,2026-08-01
2026-08-01 21:40:00,VIC1,61.03038,0.06103038,0.0,0.0,0.0,0.0,0.0,0.0,40.317613816127285,40.317613816127285,33.88034774464478,0.0,0.0,0.0,10.282912433854577,92.67330203535003,101.60398122121003,idle,1.0,2026-08-01
2026-08-01 21:45:00,VIC1,61.86904,0.06186904,0.0,0.0,0.0,0.0,0.0,0.0,40.317613816127285,40.317613816127285,33.88034774464478,0.0,0.0,0.0,10.282912433854577,92.67330203535003,101.60398122121003,idle,1.0,2026-08-01
2026-08-01 21:50:00,VIC1,63.81893,0.06381893000000001,0.0,0.0,0.0,0.0,0.0,0.0,40.317613816127285,40.317613816127285,33.88034774464478,0.0,0.0,0.0,10.282912433854577,92.67330203535003,101.60398122121003,idle,1.0,2026-08-01
2026-08-01 21:55:00,VIC1,62.38342,0.06238342,0.0,0.0,0.0,0.0,0.0,0.0,40.317613816127285,40.317613816127285,33.88034774464478,0.0,0.0,0.0,10.282912433854577,92.67330203535003,101.60398122121003,idle,1.0,2026-08-01
2026-08-01 22:00:00,VIC1,53.77496,0.053774960000000004,0.0,0.0,0.0,0.0,0.0,0.0,40.317613816127285,40.317613816127285,33.88034774464478,0.0,0.0,0.0,10.282912433854577,92.67330203535003,101.60398122121003,idle,1.0,2026-08-01
2026-08-01 22:05:00,VIC1,61.68083,0.06168083,0.0,0.0,0.0,0.0,0.0,0.0,40.317613816127285,40.317613816127285,33.88034774464478,0.0,0.0,0.0,10.282912433854577,92.67330203535003,101.60398122121003,idle,1.0,2026-08-01
2026-08-01 22:10:00,VIC1,62.16816,0.06216816,0.0,0.0,0.0,0.0,0.0,0.0,40.317613816127285,40.317613816127285,33.88034774464478,0.0,0.0,0.0,10.282912433854577,92.67330203535003,101.60398122121003,idle,1.0,2026-08-01
2026-08-01 22:15:00,VIC1,57.79239,0.05779239,0.0,0.0,0.0,0.0,0.0,0.0,40.317613816127285,40.317613816127285,33.88034774464478,0.0,0.0,0.0,10.282912433854577,92.67330203535003,101.60398122121003,idle,1.0,2026-08-01
2026-08-01 22:20:00,VIC1,62.59155,0.06259155,0.0,0.0,0.0,0.0,0.0,0.0,40.317613816127285,40.317613816127285,33.88034774464478,0.0,0.0,0.0,10.282912433854577,92.67330203535003,101.60398122121003,idle,1.0,2026-08-01
2026-08-01 22:25:00,VIC1,55.69772,0.05569772,0.0,0.0,0.0,0.0,0.0,0.0,40.317613816127285,40.317613816127285,33.88034774464478,0.0,0.0,0.0,10.282912433854577,92.67330203535003,101.60398122121003,idle,1.0,2026-08-01
2026-08-01 22:30:00,VIC1,54.32195,0.05432195,0.0,0.0,0.0,0.0,0.0,0.0,40.317613816127285,40.317613816127285,33.88034774464478,0.0,0.0,0.0,10.282912433854577,92.67330203535003,101.60398122121003,idle,1.0,2026-08-01
2026-08-01 22:35:00,VIC1,62.01647,0.06201647,0.0,0.0,0.0,0.0,0.0,0.0,40.317613816127285,40.317613816127285,33.88034774464478,0.0,0.0,0.0,10.282912433854577,92.67330203535003,101.60398122121003,idle,1.0,2026-08-01
2026-08-01 22:40:00,VIC1,56.44111,0.05644111,0.0,0.0,0.0,0.0,0.0,0.0,40.317613816127285,40.317613816127285,33.88034774464478,0.0,0.0,0.0,10.282912433854577,92.67330203535003,101.60398122121003,idle,1.0,2026-08-01
2026-08-01 22:45:00,VIC1,54.98549,0.05498549,0.0,0.0,0.0,0.0,0.0,0.0,40.317613816127285,40.317613816127285,33.88034774464478,0.0,0.0,0.0,10.282912433854577,92.67330203535003,101.60398122121003,idle,1.0,2026-08-01
2026-08-01 22:50:00,VIC1,50.76696,0.05076696,0.0,0.0,0.0,0.0,0.0,0.0,40.317613816127285,40.317613816127285,33.88034774464478,0.0,0.0,0.0,10.282912433854577,92.67330203535003,101.60398122121003,idle,1.0,2026-08-01
2026-08-01 22:55:00,VIC1,40.50329,0.04050329,0.0,0.0,0.0,0.0,0.0,0.0,40.317613816127285,40.317613816127285,33.88034774464478,0.0,0.0,0.0,10.282912433854577,92.67330203535003,101.60398122121003,idle,1.0,2026-08-01
2026-08-01 23:00:00,VIC1,38.0,0.038,0.0,0.0,0.0,0.0,0.0,0.0,40.317613816127285,40.317613816127285,33.88034774464478,0.0,0.0,0.0,10.282912433854577,92.67330203535003,101.60398122121003,idle,1.0,2026-08-01
2026-08-01 23:05:00,VIC1,45.58303,0.045583030000000004,0.0,0.0,0.0,0.0,0.0,0.0,40.317613816127285,40.317613816127285,33.88034774464478,0.0,0.0,0.0,10.282912433854577,92.67330203535003,101.60398122121003,idle,1.0,2026-08-01
2026-08-01 23:10:00,VIC1,52.72572,0.052725720000000004,0.0,0.0,0.0,0.0,0.0,0.0,40.317613816127285,40.317613816127285,33.88034774464478,0.0,0.0,0.0,10.282912433854577,92.67330203535003,101.60398122121003,idle,1.0,2026-08-01
2026-08-01 23:15:00,VIC1,50.04515,0.050045150000000004,0.0,0.0,0.0,0.0,0.0,0.0,40.317613816127285,40.317613816127285,33.88034774464478,0.0,0.0,0.0,10.282912433854577,92.67330203535003,101.60398122121003,idle,1.0,2026-08-01
2026-08-01 23:20:00,VIC1,10.65006,0.01065006,0.0,0.0,0.0,0.0,0.0,0.0,40.317613816127285,40.317613816127285,33.88034774464478,0.0,0.0,0.0,10.282912433854577,92.67330203535003,101.60398122121003,idle,1.0,2026-08-01
2026-08-01 23:25:00,VIC1,10.65,0.01065,0.0,0.0,0.0,0.0,0.0,0.0,40.317613816127285,40.317613816127285,33.88034774464478,0.0,0.0,0.0,10.282912433854577,92.67330203535003,101.60398122121003,idle,1.0,2026-08-01
2026-08-01 23:30:00,VIC1,11.74287,0.01174287,0.0,0.0,0.0,0.0,0.0,0.0,40.317613816127285,40.317613816127285,33.88034774464478,0.0,0.0,0.0,10.282912433854577,92.67330203535003,101.60398122121003,idle,1.0,2026-08-01
2026-08-01 23:35:00,VIC1,47.16125,0.04716125,0.0,0.0,0.0,0.0,0.0,0.0,40.317613816127285,40.317613816127285,33.88034774464478,0.0,0.0,0.0,10.282912433854577,92.67330203535003,101.60398122121003,idle,1.0,2026-08-01
2026-08-01 23:40:00,VIC1,20.68,0.02068,0.0,0.0,0.0,0.0,0.0,0.0,40.317613816127285,40.317613816127285,33.88034774464478,0.0,0.0,0.0,10.282912433854577,92.67330203535003,101.60398122121003,idle,1.0,2026-08-01
2026-08-01 23:45:00,VIC1,18.65955,0.01865955,0.0,0.0,0.0,0.0,0.0,0.0,40.317613816127285,40.317613816127285,33.88034774464478,0.0,0.0,0.0,10.282912433854577,92.67330203535003,101.60398122121003,idle,1.0,2026-08-01
2026-08-01 23:50:00,VIC1,13.80244,0.013802440000000001,0.0,0.0,0.0,0.0,0.0,0.0,40.317613816127285,40.317613816127285,33.88034774464478,0.0,0.0,0.0,10.282912433854577,92.67330203535003,101.60398122121003,idle,1.0,2026-08-01
2026-08-01 23:55:00,VIC1,11.07441,0.01107441,0.0,0.0,0.0,0.0,0.0,0.0,40.317613816127285,40.317613816127285,33.88034774464478,0.0,0.0,0.0,10.282912433854577,92.67330203535003,101.60398122121003,idle,1.0,2026-08-01
2026-08-02 00:00:00,VIC1,10.65,0.01065,0.0,0.0,0.0,0.0,0.0,0.0,40.317613816127285,40.317613816127285,33.88034774464478,0.0,0.0,0.0,10.282912433854577,92.67330203535003,101.60398122121003,idle,1.0,2026-08-01
2026-08-02 00:05:00,VIC1,10.5,0.0105,0.0,0.0,0.0,0.0,0.0,0.0,40.317613816127285,40.317613816127285,33.88034774464478,0.0,0.0,0.0,10.282912433854577,92.67330203535003,101.60398122121003,idle,1.0,2026-08-02
2026-08-02 00:10:00,VIC1,15.08,0.01508,0.0,69.0,0.0,5.75,0.0,6.061032181989394,40.317613816127285,34.25658163413789,28.787043390031837,0.0,0.08671,0.08671,10.369622433854577,92.67330203535003,107.35398122121003,discharge,1.0565922706068103,2026-08-02
2026-08-02 00:15:00,VIC1,-1.09974,-0.0010997399999999999,0.0,0.0,0.0,0.0,0.0,0.0,34.25658163413789,34.25658163413789,28.787043390031837,-0.0,-0.0,0.0,10.369622433854577,92.67330203535003,107.35398122121003,idle,1.0565922706068103,2026-08-02
2026-08-02 00:20:00,VIC1,15.08,0.01508,0.0,69.0,0.0,5.75,0.0,6.061032181989394,34.25658163413789,28.19554945214849,23.6937390354189,0.0,0.08671,0.08671,10.456332433854577,92.67330203535003,113.10398122121003,discharge,1.1131845412136208,2026-08-02
2026-08-02 00:25:00,VIC1,15.08,0.01508,0.0,69.0,0.0,5.75,0.0,6.061032181989394,28.19554945214849,22.134517270159098,18.600434680805964,0.0,0.08671,0.08671,10.543042433854577,92.67330203535003,118.85398122121003,discharge,1.169776811820431,2026-08-02
2026-08-02 00:30:00,VIC1,11.63994,0.01163994,0.0,0.0,0.0,0.0,0.0,0.0,22.134517270159098,22.134517270159098,18.600434680805964,0.0,0.0,0.0,10.543042433854577,92.67330203535003,118.85398122121003,idle,1.169776811820431,2026-08-02
2026-08-02 00:35:00,VIC1,-1.1,-0.0011,0.0,0.0,0.0,0.0,0.0,0.0,22.134517270159098,22.134517270159098,18.600434680805964,-0.0,-0.0,0.0,10.543042433854577,92.67330203535003,118.85398122121003,idle,1.169776811820431,2026-08-02
2026-08-02 00:40:00,VIC1,15.08,0.01508,0.0,69.0,0.0,5.75,0.0,6.061032181989394,22.134517270159098,16.073485088169704,13.507130326193028,0.0,0.08671,0.08671,10.629752433854577,92.67330203535003,124.60398122121003,discharge,1.2263690824272415,2026-08-02
2026-08-02 00:45:00,VIC1,8.94,0.00894,0.0,0.0,0.0,0.0,0.0,0.0,16.073485088169704,16.073485088169704,13.507130326193028,0.0,0.0,0.0,10.629752433854577,92.67330203535003,124.60398122121003,idle,1.2263690824272415,2026-08-02
2026-08-02 00:50:00,VIC1,8.94,0.00894,0.0,0.0,0.0,0.0,0.0,0.0,16.073485088169704,16.073485088169704,13.507130326193028,0.0,0.0,0.0,10.629752433854577,92.67330203535003,124.60398122121003,idle,1.2263690824272415,2026-08-02
2026-08-02 00:55:00,VIC1,15.08,0.01508,0.0,69.0,0.0,5.75,0.0,6.061032181989394,16.073485088169704,10.012452906180311,8.413825971580092,0.0,0.08671,0.08671,10.716462433854577,92.67330203535003,130.35398122121003,discharge,1.2829613530340518,2026-08-02
2026-08-02 01:00:00,VIC1,10.65,0.01065,0.0,0.0,0.0,0.0,0.0,0.0,10.012452906180311,10.012452906180311,8.413825971580092,0.0,0.0,0.0,10.716462433854577,92.67330203535003,130.35398122121003,idle,1.2829613530340518,2026-08-02
2026-08-02 01:05:00,VIC1,15.08,0.01508,0.0,46.24777465452039,0.0,3.8539812212100326,0.0,4.062452906180312,10.012452906180311,5.95,5.0,0.0,0.05811803681584729,0.05811803681584729,10.774580470670424,92.67330203535003,134.20796244242007,discharge,1.320892752718275,2026-08-02
2026-08-02 01:10:00,VIC1,15.08,0.01508,0.0,0.0,0.0,0.0,0.0,0.0,5.95,5.95,5.0,0.0,0.0,0.0,10.774580470670424,92.67330203535003,134.20796244242007,idle,1.320892752718275,2026-08-02
2026-08-02 01:15:00,VIC1,12.56994,0.012569940000000002,0.0,0.0,0.0,0.0,0.0,0.0,5.95,5.95,5.0,0.0,0.0,0.0,10.774580470670424,92.67330203535003,134.20796244242007,idle,1.320892752718275,2026-08-02
2026-08-02 01:20:00,VIC1,15.08,0.01508,0.0,0.0,0.0,0.0,0.0,0.0,5.95,5.95,5.0,0.0,0.0,0.0,10.774580470670424,92.67330203535003,134.20796244242007,idle,1.320892752718275,2026-08-02
2026-08-02 01:25:00,VIC1,8.94,0.00894,0.0,0.0,0.0,0.0,0.0,0.0,5.95,5.95,5.0,0.0,0.0,0.0,10.774580470670424,92.67330203535003,134.20796244242007,idle,1.320892752718275,2026-08-02
2026-08-02 01:30:00,VIC1,8.94,0.00894,0.0,0.0,0.0,0.0,0.0,0.0,5.95,5.95,5.0,0.0,0.0,0.0,10.774580470670424,92.67330203535003,134.20796244242007,idle,1.320892752718275,2026-08-02
2026-08-02 01:35:00,VIC1,10.5,0.0105,0.0,0.0,0.0,0.0,0.0,0.0,5.95,5.95,5.0,0.0,0.0,0.0,10.774580470670424,92.67330203535003,134.20796244242007,idle,1.320892752718275,2026-08-02
2026-08-02 01:40:00,VIC1,10.49986,0.01049986,0.0,0.0,0.0,0.0,0.0,0.0,5.95,5.95,5.0,0.0,0.0,0.0,10.774580470670424,92.67330203535003,134.20796244242007,idle,1.320892752718275,2026-08-02
2026-08-02 01:45:00,VIC1,0.19433,0.00019433000000000002,0.0,0.0,0.0,0.0,0.0,0.0,5.95,5.95,5.0,0.0,0.0,0.0,10.774580470670424,92.67330203535003,134.20796244242007,idle,1.320892752718275,2026-08-02
2026-08-02 01:50:00,VIC1,8.94,0.00894,0.0,0.0,0.0,0.0,0.0,0.0,5.95,5.95,5.0,0.0,0.0,0.0,10.774580470670424,92.67330203535003,134.20796244242007,idle,1.320892752718275,2026-08-02
2026-08-02 01:55:00,VIC1,0.36195,0.00036195,0.0,0.0,0.0,0.0,0.0,0.0,5.95,5.95,5.0,0.0,0.0,0.0,10.774580470670424,92.67330203535003,134.20796244242007,idle,1.320892752718275,2026-08-02
2026-08-02 02:00:00,VIC1,6.62,0.00662,0.0,0.0,0.0,0.0,0.0,0.0,5.95,5.95,5.0,0.0,0.0,0.0,10.774580470670424,92.67330203535003,134.20796244242007,idle,1.320892752718275,2026-08-02
2026-08-02 02:05:00,VIC1,0.19368,0.00019368,0.0,0.0,0.0,0.0,0.0,0.0,5.95,5.95,5.0,0.0,0.0,0.0,10.774580470670424,92.67330203535003,134.20796244242007,idle,1.320892752718275,2026-08-02
2026-08-02 02:10:00,VIC1,0.19608,0.00019608,0.0,0.0,0.0,0.0,0.0,0.0,5.95,5.95,5.0,0.0,0.0,0.0,10.774580470670424,92.67330203535003,134.20796244242007,idle,1.320892752718275,2026-08-02
2026-08-02 02:15:00,VIC1,5.08,0.00508,0.0,0.0,0.0,0.0,0.0,0.0,5.95,5.95,5.0,0.0,0.0,0.0,10.774580470670424,92.67330203535003,134.20796244242007,idle,1.320892752718275,2026-08-02
2026-08-02 02:20:00,VIC1,10.4998,0.0104998,0.0,0.0,0.0,0.0,0.0,0.0,5.95,5.95,5.0,0.0,0.0,0.0,10.774580470670424,92.67330203535003,134.20796244242007,idle,1.320892752718275,2026-08-02
2026-08-02 02:25:00,VIC1,4.36,0.00436,0.0,0.0,0.0,0.0,0.0,0.0,5.95,5.95,5.0,0.0,0.0,0.0,10.774580470670424,92.67330203535003,134.20796244242007,idle,1.320892752718275,2026-08-02
2026-08-02 02:30:00,VIC1,15.08,0.01508,0.0,0.0,0.0,0.0,0.0,0.0,5.95,5.95,5.0,0.0,0.0,0.0,10.774580470670424,92.67330203535003,134.20796244242007,idle,1.320892752718275,2026-08-02
2026-08-02 02:35:00,VIC1,0.37548,0.00037548,0.0,0.0,0.0,0.0,0.0,0.0,5.95,5.95,5.0,0.0,0.0,0.0,10.774580470670424,92.67330203535003,134.20796244242007,idle,1.320892752718275,2026-08-02
2026-08-02 02:40:00,VIC1,10.50019,0.01050019,0.0,0.0,0.0,0.0,0.0,0.0,5.95,5.95,5.0,0.0,0.0,0.0,10.774580470670424,92.67330203535003,134.20796244242007,idle,1.320892752718275,2026-08-02
2026-08-02 02:45:00,VIC1,8.94,0.00894,0.0,0.0,0.0,0.0,0.0,0.0,5.95,5.95,5.0,0.0,0.0,0.0,10.774580470670424,92.67330203535003,134.20796244242007,idle,1.320892752718275,2026-08-02
2026-08-02 02:50:00,VIC1,5.08,0.00508,0.0,0.0,0.0,0.0,0.0,0.0,5.95,5.95,5.0,0.0,0.0,0.0,10.774580470670424,92.67330203535003,134.20796244242007,idle,1.320892752718275,2026-08-02
2026-08-02 02:55:00,VIC1,8.94,0.00894,0.0,0.0,0.0,0.0,0.0,0.0,5.95,5.95,5.0,0.0,0.0,0.0,10.774580470670424,92.67330203535003,134.20796244242007,idle,1.320892752718275,2026-08-02
2026-08-02 03:00:00,VIC1,8.95,0.00895,0.0,0.0,0.0,0.0,0.0,0.0,5.95,5.95,5.0,0.0,0.0,0.0,10.774580470670424,92.67330203535003,134.20796244242007,idle,1.320892752718275,2026-08-02
2026-08-02 03:05:00,VIC1,10.45,0.01045,0.0,0.0,0.0,0.0,0.0,0.0,5.95,5.95,5.0,0.0,0.0,0.0,10.774580470670424,92.67330203535003,134.20796244242007,idle,1.320892752718275,2026-08-02
2026-08-02 03:10:00,VIC1,1e-05,1e-08,0.0,0.0,0.0,0.0,0.0,0.0,5.95,5.95,5.0,0.0,0.0,0.0,10.774580470670424,92.67330203535003,134.20796244242007,idle,1.320892752718275,2026-08-02
2026-08-02 03:15:00,VIC1,0.00022,2.2e-07,0.0,0.0,0.0,0.0,0.0,0.0,5.95,5.95,5.0,0.0,0.0,0.0,10.774580470670424,92.67330203535003,134.20796244242007,idle,1.320892752718275,2026-08-02
2026-08-02 03:20:00,VIC1,10.5,0.0105,0.0,0.0,0.0,0.0,0.0,0.0,5.95,5.95,5.0,0.0,0.0,0.0,10.774580470670424,92.67330203535003,134.20796244242007,idle,1.320892752718275,2026-08-02
2026-08-02 03:25:00,VIC1,0.0,0.0,0.0,0.0,0.0,0.0,0.0,0.0,5.95,5.95,5.0,0.0,0.0,0.0,10.774580470670424,92.67330203535003,134.20796244242007,idle,1.320892752718275,2026-08-02
2026-08-02 03:30:00,VIC1,0.00022,2.2e-07,0.0,0.0,0.0,0.0,0.0,0.0,5.95,5.95,5.0,0.0,0.0,0.0,10.774580470670424,92.67330203535003,134.20796244242007,idle,1.320892752718275,2026-08-02
2026-08-02 03:35:00,VIC1,10.5,0.0105,0.0,0.0,0.0,0.0,0.0,0.0,5.95,5.95,5.0,0.0,0.0,0.0,10.774580470670424,92.67330203535003,134.20796244242007,idle,1.320892752718275,2026-08-02
2026-08-02 03:40:00,VIC1,5.47547,0.00547547,0.0,0.0,0.0,0.0,0.0,0.0,5.95,5.95,5.0,0.0,0.0,0.0,10.774580470670424,92.67330203535003,134.20796244242007,idle,1.320892752718275,2026-08-02
2026-08-02 03:45:00,VIC1,8.94,0.00894,0.0,0.0,0.0,0.0,0.0,0.0,5.95,5.95,5.0,0.0,0.0,0.0,10.774580470670424,92.67330203535003,134.20796244242007,idle,1.320892752718275,2026-08-02
2026-08-02 03:50:00,VIC1,-1e-05,-1e-08,0.0,0.0,0.0,0.0,0.0,0.0,5.95,5.95,5.0,-0.0,-0.0,0.0,10.774580470670424,92.67330203535003,134.20796244242007,idle,1.320892752718275,2026-08-02
2026-08-02 03:55:00,VIC1,0.67,0.00067,0.0,0.0,0.0,0.0,0.0,0.0,5.95,5.95,5.0,0.0,0.0,0.0,10.774580470670424,92.67330203535003,134.20796244242007,idle,1.320892752718275,2026-08-02
2026-08-02 04:00:00,VIC1,5.08,0.00508,0.0,0.0,0.0,0.0,0.0,0.0,5.95,5.95,5.0,0.0,0.0,0.0,10.774580470670424,92.67330203535003,134.20796244242007,idle,1.320892752718275,2026-08-02
2026-08-02 04:05:00,VIC1,0.67,0.00067,0.0,0.0,0.0,0.0,0.0,0.0,5.95,5.95,5.0,0.0,0.0,0.0,10.774580470670424,92.67330203535003,134.20796244242007,idle,1.320892752718275,2026-08-02
2026-08-02 04:10:00,VIC1,5.08,0.00508,0.0,0.0,0.0,0.0,0.0,0.0,5.95,5.95,5.0,0.0,0.0,0.0,10.774580470670424,92.67330203535003,134.20796244242007,idle,1.320892752718275,2026-08-02
2026-08-02 04:15:00,VIC1,0.62,0.00062,0.0,0.0,0.0,0.0,0.0,0.0,5.95,5.95,5.0,0.0,0.0,0.0,10.774580470670424,92.67330203535003,134.20796244242007,idle,1.320892752718275,2026-08-02
2026-08-02 04:20:00,VIC1,0.62,0.00062,0.0,0.0,0.0,0.0,0.0,0.0,5.95,5.95,5.0,0.0,0.0,0.0,10.774580470670424,92.67330203535003,134.20796244242007,idle,1.320892752718275,2026-08-02
2026-08-02 04:25:00,VIC1,0.01,1e-05,0.0,0.0,0.0,0.0,0.0,0.0,5.95,5.95,5.0,0.0,0.0,0.0,10.774580470670424,92.67330203535003,134.20796244242007,idle,1.320892752718275,2026-08-02
2026-08-02 04:30:00,VIC1,0.00026,2.6e-07,0.0,0.0,0.0,0.0,0.0,0.0,5.95,5.95,5.0,0.0,0.0,0.0,10.774580470670424,92.67330203535003,134.20796244242007,idle,1.320892752718275,2026-08-02
2026-08-02 04:35:00,VIC1,1e-05,1e-08,0.0,0.0,0.0,0.0,0.0,0.0,5.95,5.95,5.0,0.0,0.0,0.0,10.774580470670424,92.67330203535003,134.20796244242007,idle,1.320892752718275,2026-08-02
2026-08-02 04:40:00,VIC1,-1e-05,-1e-08,0.0,0.0,0.0,0.0,0.0,0.0,5.95,5.95,5.0,-0.0,-0.0,0.0,10.774580470670424,92.67330203535003,134.20796244242007,idle,1.320892752718275,2026-08-02
2026-08-02 04:45:00,VIC1,-1.1,-0.0011,0.0,0.0,0.0,0.0,0.0,0.0,5.95,5.95,5.0,-0.0,-0.0,0.0,10.774580470670424,92.67330203535003,134.20796244242007,idle,1.320892752718275,2026-08-02
2026-08-02 04:50:00,VIC1,-1.1,-0.0011,0.0,0.0,0.0,0.0,0.0,0.0,5.95,5.95,5.0,-0.0,-0.0,0.0,10.774580470670424,92.67330203535003,134.20796244242007,idle,1.320892752718275,2026-08-02
2026-08-02 04:55:00,VIC1,-1.15,-0.00115,0.0,0.0,0.0,0.0,0.0,0.0,5.95,5.95,5.0,-0.0,-0.0,0.0,10.774580470670424,92.67330203535003,134.20796244242007,idle,1.320892752718275,2026-08-02
2026-08-02 05:00:00,VIC1,-1.14976,-0.0011497599999999999,0.0,0.0,0.0,0.0,0.0,0.0,5.95,5.95,5.0,-0.0,-0.0,0.0,10.774580470670424,92.67330203535003,134.20796244242007,idle,1.320892752718275,2026-08-02
2026-08-02 05:05:00,VIC1,-1.1,-0.0011,0.0,0.0,0.0,0.0,0.0,0.0,5.95,5.95,5.0,-0.0,-0.0,0.0,10.774580470670424,92.67330203535003,134.20796244242007,idle,1.320892752718275,2026-08-02
2026-08-02 05:10:00,VIC1,-1.1,-0.0011,0.0,0.0,0.0,0.0,0.0,0.0,5.95,5.95,5.0,-0.0,-0.0,0.0,10.774580470670424,92.67330203535003,134.20796244242007,idle,1.320892752718275,2026-08-02
2026-08-02 05:15:00,VIC1,-1.1,-0.0011,0.0,0.0,0.0,0.0,0.0,0.0,5.95,5.95,5.0,-0.0,-0.0,0.0,10.774580470670424,92.67330203535003,134.20796244242007,idle,1.320892752718275,2026-08-02
2026-08-02 05:20:00,VIC1,-1.14976,-0.0011497599999999999,0.0,0.0,0.0,0.0,0.0,0.0,5.95,5.95,5.0,-0.0,-0.0,0.0,10.774580470670424,92.67330203535003,134.20796244242007,idle,1.320892752718275,2026-08-02
2026-08-02 05:25:00,VIC1,-1.15,-0.00115,0.0,0.0,0.0,0.0,0.0,0.0,5.95,5.95,5.0,-0.0,-0.0,0.0,10.774580470670424,92.67330203535003,134.20796244242007,idle,1.320892752718275,2026-08-02
2026-08-02 05:30:00,VIC1,-1.15,-0.00115,0.0,0.0,0.0,0.0,0.0,0.0,5.95,5.95,5.0,-0.0,-0.0,0.0,10.774580470670424,92.67330203535003,134.20796244242007,idle,1.320892752718275,2026-08-02
2026-08-02 05:35:00,VIC1,-2.99,-0.0029900000000000005,0.0,0.0,0.0,0.0,0.0,0.0,5.95,5.95,5.0,-0.0,-0.0,0.0,10.774580470670424,92.67330203535003,134.20796244242007,idle,1.320892752718275,2026-08-02
2026-08-02 05:40:00,VIC1,-2.99,-0.0029900000000000005,0.0,0.0,0.0,0.0,0.0,0.0,5.95,5.95,5.0,-0.0,-0.0,0.0,10.774580470670424,92.67330203535003,134.20796244242007,idle,1.320892752718275,2026-08-02
2026-08-02 05:45:00,VIC1,-2.99,-0.0029900000000000005,0.0,0.0,0.0,0.0,0.0,0.0,5.95,5.95,5.0,-0.0,-0.0,0.0,10.774580470670424,92.67330203535003,134.20796244242007,idle,1.320892752718275,2026-08-02
2026-08-02 05:50:00,VIC1,-2.99,-0.0029900000000000005,0.0,0.0,0.0,0.0,0.0,0.0,5.95,5.95,5.0,-0.0,-0.0,0.0,10.774580470670424,92.67330203535003,134.20796244242007,idle,1.320892752718275,2026-08-02
2026-08-02 05:55:00,VIC1,-2.99,-0.0029900000000000005,0.0,0.0,0.0,0.0,0.0,0.0,5.95,5.95,5.0,-0.0,-0.0,0.0,10.774580470670424,92.67330203535003,134.20796244242007,idle,1.320892752718275,2026-08-02
2026-08-02 06:00:00,VIC1,-2.25075,-0.00225075,0.0,0.0,0.0,0.0,0.0,0.0,5.95,5.95,5.0,-0.0,-0.0,0.0,10.774580470670424,92.67330203535003,134.20796244242007,idle,1.320892752718275,2026-08-02
2026-08-02 06:05:00,VIC1,-1.41051,-0.00141051,0.0,0.0,0.0,0.0,0.0,0.0,5.95,5.95,5.0,-0.0,-0.0,0.0,10.774580470670424,92.67330203535003,134.20796244242007,idle,1.320892752718275,2026-08-02
2026-08-02 06:10:00,VIC1,-1.14976,-0.0011497599999999999,0.0,0.0,0.0,0.0,0.0,0.0,5.95,5.95,5.0,-0.0,-0.0,0.0,10.774580470670424,92.67330203535003,134.20796244242007,idle,1.320892752718275,2026-08-02
2026-08-02 06:15:00,VIC1,-1.15,-0.00115,0.0,0.0,0.0,0.0,0.0,0.0,5.95,5.95,5.0,-0.0,-0.0,0.0,10.774580470670424,92.67330203535003,134.20796244242007,idle,1.320892752718275,2026-08-02
2026-08-02 06:20:00,VIC1,-1.14976,-0.0011497599999999999,0.0,0.0,0.0,0.0,0.0,0.0,5.95,5.95,5.0,-0.0,-0.0,0.0,10.774580470670424,92.67330203535003,134.20796244242007,idle,1.320892752718275,2026-08-02
2026-08-02 06:25:00,VIC1,-1.15,-0.00115,0.0,0.0,0.0,0.0,0.0,0.0,5.95,5.95,5.0,-0.0,-0.0,0.0,10.774580470670424,92.67330203535003,134.20796244242007,idle,1.320892752718275,2026-08-02
2026-08-02 06:30:00,VIC1,-1.15,-0.00115,0.0,0.0,0.0,0.0,0.0,0.0,5.95,5.95,5.0,-0.0,-0.0,0.0,10.774580470670424,92.67330203535003,134.20796244242007,idle,1.320892752718275,2026-08-02
2026-08-02 06:35:00,VIC1,-1.15,-0.00115,0.0,0.0,0.0,0.0,0.0,0.0,5.95,5.95,5.0,-0.0,-0.0,0.0,10.774580470670424,92.67330203535003,134.20796244242007,idle,1.320892752718275,2026-08-02
2026-08-02 06:40:00,VIC1,-1.15,-0.00115,0.0,0.0,0.0,0.0,0.0,0.0,5.95,5.95,5.0,-0.0,-0.0,0.0,10.774580470670424,92.67330203535003,134.20796244242007,idle,1.320892752718275,2026-08-02
2026-08-02 06:45:00,VIC1,-1.15,-0.00115,0.0,0.0,0.0,0.0,0.0,0.0,5.95,5.95,5.0,-0.0,-0.0,0.0,10.774580470670424,92.67330203535003,134.20796244242007,idle,1.320892752718275,2026-08-02
2026-08-02 06:50:00,VIC1,-1.15,-0.00115,0.0,0.0,0.0,0.0,0.0,0.0,5.95,5.95,5.0,-0.0,-0.0,0.0,10.774580470670424,92.67330203535003,134.20796244242007,idle,1.320892752718275,2026-08-02
2026-08-02 06:55:00,VIC1,-1.13403,-0.00113403,0.0,0.0,0.0,0.0,0.0,0.0,5.95,5.95,5.0,-0.0,-0.0,0.0,10.774580470670424,92.67330203535003,134.20796244242007,idle,1.320892752718275,2026-08-02
2026-08-02 07:00:00,VIC1,-1.14331,-0.00114331,0.0,0.0,0.0,0.0,0.0,0.0,5.95,5.95,5.0,-0.0,-0.0,0.0,10.774580470670424,92.67330203535003,134.20796244242007,idle,1.320892752718275,2026-08-02
2026-08-02 07:05:00,VIC1,-1.1,-0.0011,0.0,0.0,0.0,0.0,0.0,0.0,5.95,5.95,5.0,-0.0,-0.0,0.0,10.774580470670424,92.67330203535003,134.20796244242007,idle,1.320892752718275,2026-08-02
2026-08-02 07:10:00,VIC1,-1.1,-0.0011,0.0,0.0,0.0,0.0,0.0,0.0,5.95,5.95,5.0,-0.0,-0.0,0.0,10.774580470670424,92.67330203535003,134.20796244242007,idle,1.320892752718275,2026-08-02
2026-08-02 07:15:00,VIC1,-1.1,-0.0011,0.0,0.0,0.0,0.0,0.0,0.0,5.95,5.95,5.0,-0.0,-0.0,0.0,10.774580470670424,92.67330203535003,134.20796244242007,idle,1.320892752718275,2026-08-02
2026-08-02 07:20:00,VIC1,-1.0997,-0.0010997,0.0,0.0,0.0,0.0,0.0,0.0,5.95,5.95,5.0,-0.0,-0.0,0.0,10.774580470670424,92.67330203535003,134.20796244242007,idle,1.320892752718275,2026-08-02
2026-08-02 07:25:00,VIC1,-0.96544,-0.00096544,0.0,0.0,0.0,0.0,0.0,0.0,5.95,5.95,5.0,-0.0,-0.0,0.0,10.774580470670424,92.67330203535003,134.20796244242007,idle,1.320892752718275,2026-08-02
2026-08-02 07:30:00,VIC1,0.01,1e-05,0.0,0.0,0.0,0.0,0.0,0.0,5.95,5.95,5.0,0.0,0.0,0.0,10.774580470670424,92.67330203535003,134.20796244242007,idle,1.320892752718275,2026-08-02
2026-08-02 07:35:00,VIC1,0.02,2e-05,0.0,0.0,0.0,0.0,0.0,0.0,5.95,5.95,5.0,0.0,0.0,0.0,10.774580470670424,92.67330203535003,134.20796244242007,idle,1.320892752718275,2026-08-02
2026-08-02 07:40:00,VIC1,9.36267,0.00936267,0.0,0.0,0.0,0.0,0.0,0.0,5.95,5.95,5.0,0.0,0.0,0.0,10.774580470670424,92.67330203535003,134.20796244242007,idle,1.320892752718275,2026-08-02
2026-08-02 07:45:00,VIC1,9.25437,0.00925437,0.0,0.0,0.0,0.0,0.0,0.0,5.95,5.95,5.0,0.0,0.0,0.0,10.774580470670424,92.67330203535003,134.20796244242007,idle,1.320892752718275,2026-08-02
2026-08-02 07:50:00,VIC1,5.08,0.00508,0.0,0.0,0.0,0.0,0.0,0.0,5.95,5.95,5.0,0.0,0.0,0.0,10.774580470670424,92.67330203535003,134.20796244242007,idle,1.320892752718275,2026-08-02
2026-08-02 07:55:00,VIC1,0.85952,0.00085952,0.0,0.0,0.0,0.0,0.0,0.0,5.95,5.95,5.0,0.0,0.0,0.0,10.774580470670424,92.67330203535003,134.20796244242007,idle,1.320892752718275,2026-08-02
2026-08-02 08:00:00,VIC1,0.86196,0.0008619599999999999,0.0,0.0,0.0,0.0,0.0,0.0,5.95,5.95,5.0,0.0,0.0,0.0,10.774580470670424,92.67330203535003,134.20796244242007,idle,1.320892752718275,2026-08-02
2026-08-02 08:05:00,VIC1,0.09907,9.907000000000001e-05,0.0,0.0,0.0,0.0,0.0,0.0,5.95,5.95,5.0,0.0,0.0,0.0,10.774580470670424,92.67330203535003,134.20796244242007,idle,1.320892752718275,2026-08-02
2026-08-02 08:10:00,VIC1,0.00026,2.6e-07,0.0,0.0,0.0,0.0,0.0,0.0,5.95,5.95,5.0,0.0,0.0,0.0,10.774580470670424,92.67330203535003,134.20796244242007,idle,1.320892752718275,2026-08-02
2026-08-02 08:15:00,VIC1,0.01,1e-05,0.0,0.0,0.0,0.0,0.0,0.0,5.95,5.95,5.0,0.0,0.0,0.0,10.774580470670424,92.67330203535003,134.20796244242007,idle,1.320892752718275,2026-08-02
2026-08-02 08:20:00,VIC1,0.00026,2.6e-07,0.0,0.0,0.0,0.0,0.0,0.0,5.95,5.95,5.0,0.0,0.0,0.0,10.774580470670424,92.67330203535003,134.20796244242007,idle,1.320892752718275,2026-08-02
2026-08-02 08:25:00,VIC1,-1.1,-0.0011,0.0,0.0,0.0,0.0,0.0,0.0,5.95,5.95,5.0,-0.0,-0.0,0.0,10.774580470670424,92.67330203535003,134.20796244242007,idle,1.320892752718275,2026-08-02
2026-08-02 08:30:00,VIC1,-1.15,-0.00115,0.0,0.0,0.0,0.0,0.0,0.0,5.95,5.95,5.0,-0.0,-0.0,0.0,10.774580470670424,92.67330203535003,134.20796244242007,idle,1.320892752718275,2026-08-02
2026-08-02 08:35:00,VIC1,-2.99004,-0.0029900400000000002,0.0,0.0,0.0,0.0,0.0,0.0,5.95,5.95,5.0,-0.0,-0.0,0.0,10.774580470670424,92.67330203535003,134.20796244242007,idle,1.320892752718275,2026-08-02
2026-08-02 08:40:00,VIC1,-6.50987,-0.00650987,0.0,0.0,0.0,0.0,0.0,0.0,5.95,5.95,5.0,-0.0,-0.0,0.0,10.774580470670424,92.67330203535003,134.20796244242007,idle,1.320892752718275,2026-08-02
2026-08-02 08:45:00,VIC1,-7.17012,-0.00717012,0.0,0.0,0.0,0.0,0.0,0.0,5.95,5.95,5.0,-0.0,-0.0,0.0,10.774580470670424,92.67330203535003,134.20796244242007,idle,1.320892752718275,2026-08-02
2026-08-02 08:50:00,VIC1,-6.90306,-0.00690306,0.0,0.0,0.0,0.0,0.0,0.0,5.95,5.95,5.0,-0.0,-0.0,0.0,10.774580470670424,92.67330203535003,134.20796244242007,idle,1.320892752718275,2026-08-02
2026-08-02 08:55:00,VIC1,-7.34344,-0.0073434400000000006,0.0,0.0,0.0,0.0,0.0,0.0,5.95,5.95,5.0,-0.0,-0.0,0.0,10.774580470670424,92.67330203535003,134.20796244242007,idle,1.320892752718275,2026-08-02
2026-08-02 09:00:00,VIC1,-9.44452,-0.009444520000000001,0.0,0.0,0.0,0.0,0.0,0.0,5.95,5.95,5.0,-0.0,-0.0,0.0,10.774580470670424,92.67330203535003,134.20796244242007,idle,1.320892752718275,2026-08-02
2026-08-02 09:05:00,VIC1,-10.04655,-0.01004655,0.0,0.0,0.0,0.0,0.0,0.0,5.95,5.95,5.0,-0.0,-0.0,0.0,10.774580470670424,92.67330203535003,134.20796244242007,idle,1.320892752718275,2026-08-02
2026-08-02 09:10:00,VIC1,-7.51,-0.00751,0.0,0.0,0.0,0.0,0.0,0.0,5.95,5.95,5.0,-0.0,-0.0,0.0,10.774580470670424,92.67330203535003,134.20796244242007,idle,1.320892752718275,2026-08-02
2026-08-02 09:15:00,VIC1,-11.95,-0.011949999999999999,0.0,0.0,0.0,0.0,0.0,0.0,5.95,5.95,5.0,-0.0,-0.0,0.0,10.774580470670424,92.67330203535003,134.20796244242007,idle,1.320892752718275,2026-08-02
2026-08-02 09:20:00,VIC1,-10.07357,-0.01007357,0.0,0.0,0.0,0.0,0.0,0.0,5.95,5.95,5.0,-0.0,-0.0,0.0,10.774580470670424,92.67330203535003,134.20796244242007,idle,1.320892752718275,2026-08-02
2026-08-02 09:25:00,VIC1,-6.6,-0.0066,0.0,0.0,0.0,0.0,0.0,0.0,5.95,5.95,5.0,-0.0,-0.0,0.0,10.774580470670424,92.67330203535003,134.20796244242007,idle,1.320892752718275,2026-08-02
2026-08-02 09:30:00,VIC1,-11.95,-0.011949999999999999,0.0,0.0,0.0,0.0,0.0,0.0,5.95,5.95,5.0,-0.0,-0.0,0.0,10.774580470670424,92.67330203535003,134.20796244242007,idle,1.320892752718275,2026-08-02
2026-08-02 09:35:00,VIC1,-7.51,-0.00751,0.0,0.0,0.0,0.0,0.0,0.0,5.95,5.95,5.0,-0.0,-0.0,0.0,10.774580470670424,92.67330203535003,134.20796244242007,idle,1.320892752718275,2026-08-02
2026-08-02 09:40:00,VIC1,-7.51,-0.00751,0.0,0.0,0.0,0.0,0.0,0.0,5.95,5.95,5.0,-0.0,-0.0,0.0,10.774580470670424,92.67330203535003,134.20796244242007,idle,1.320892752718275,2026-08-02
2026-08-02 09:45:00,VIC1,-7.84355,-0.00784355,0.0,0.0,0.0,0.0,0.0,0.0,5.95,5.95,5.0,-0.0,-0.0,0.0,10.774580470670424,92.67330203535003,134.20796244242007,idle,1.320892752718275,2026-08-02
2026-08-02 09:50:00,VIC1,-6.51,-0.00651,0.0,0.0,0.0,0.0,0.0,0.0,5.95,5.95,5.0,-0.0,-0.0,0.0,10.774580470670424,92.67330203535003,134.20796244242007,idle,1.320892752718275,2026-08-02
2026-08-02 09:55:00,VIC1,-6.5,-0.006500000000000001,0.0,0.0,0.0,0.0,0.0,0.0,5.95,5.95,5.0,-0.0,-0.0,0.0,10.774580470670424,92.67330203535003,134.20796244242007,idle,1.320892752718275,2026-08-02
2026-08-02 10:00:00,VIC1,-6.6,-0.0066,0.0,0.0,0.0,0.0,0.0,0.0,5.95,5.95,5.0,-0.0,-0.0,0.0,10.774580470670424,92.67330203535003,134.20796244242007,idle,1.320892752718275,2026-08-02
2026-08-02 10:05:00,VIC1,-6.51,-0.00651,0.0,0.0,0.0,0.0,0.0,0.0,5.95,5.95,5.0,-0.0,-0.0,0.0,10.774580470670424,92.67330203535003,134.20796244242007,idle,1.320892752718275,2026-08-02
2026-08-02 10:10:00,VIC1,-6.6,-0.0066,0.0,0.0,0.0,0.0,0.0,0.0,5.95,5.95,5.0,-0.0,-0.0,0.0,10.774580470670424,92.67330203535003,134.20796244242007,idle,1.320892752718275,2026-08-02
2026-08-02 10:15:00,VIC1,-6.51,-0.00651,0.0,0.0,0.0,0.0,0.0,0.0,5.95,5.95,5.0,-0.0,-0.0,0.0,10.774580470670424,92.67330203535003,134.20796244242007,idle,1.320892752718275,2026-08-02
2026-08-02 10:20:00,VIC1,-7.99118,-0.00799118,0.0,0.0,0.0,0.0,0.0,0.0,5.95,5.95,5.0,-0.0,-0.0,0.0,10.774580470670424,92.67330203535003,134.20796244242007,idle,1.320892752718275,2026-08-02
2026-08-02 10:25:00,VIC1,-6.6,-0.0066,0.0,0.0,0.0,0.0,0.0,0.0,5.95,5.95,5.0,-0.0,-0.0,0.0,10.774580470670424,92.67330203535003,134.20796244242007,idle,1.320892752718275,2026-08-02
2026-08-02 10:30:00,VIC1,-9.5196,-0.009519600000000001,0.0,0.0,0.0,0.0,0.0,0.0,5.95,5.95,5.0,-0.0,-0.0,0.0,10.774580470670424,92.67330203535003,134.20796244242007,idle,1.320892752718275,2026-08-02
2026-08-02 10:35:00,VIC1,-7.23095,-0.00723095,0.0,0.0,0.0,0.0,0.0,0.0,5.95,5.95,5.0,-0.0,-0.0,0.0,10.774580470670424,92.67330203535003,134.20796244242007,idle,1.320892752718275,2026-08-02
2026-08-02 10:40:00,VIC1,-7.19101,-0.00719101,0.0,0.0,0.0,0.0,0.0,0.0,5.95,5.95,5.0,-0.0,-0.0,0.0,10.774580470670424,92.67330203535003,134.20796244242007,idle,1.320892752718275,2026-08-02
2026-08-02 10:45:00,VIC1,-7.51,-0.00751,0.0,0.0,0.0,0.0,0.0,0.0,5.95,5.95,5.0,-0.0,-0.0,0.0,10.774580470670424,92.67330203535003,134.20796244242007,idle,1.320892752718275,2026-08-02
2026-08-02 10:50:00,VIC1,-7.51,-0.00751,0.0,0.0,0.0,0.0,0.0,0.0,5.95,5.95,5.0,-0.0,-0.0,0.0,10.774580470670424,92.67330203535003,134.20796244242007,idle,1.320892752718275,2026-08-02
2026-08-02 10:55:00,VIC1,-7.51,-0.00751,0.0,0.0,0.0,0.0,0.0,0.0,5.95,5.95,5.0,-0.0,-0.0,0.0,10.774580470670424,92.67330203535003,134.20796244242007,idle,1.320892752718275,2026-08-02
2026-08-02 11:00:00,VIC1,-12.75,-0.012750000000000001,0.0,0.0,0.0,0.0,0.0,0.0,5.95,5.95,5.0,-0.0,-0.0,0.0,10.774580470670424,92.67330203535003,134.20796244242007,idle,1.320892752718275,2026-08-02
2026-08-02 11:05:00,VIC1,-15.42,-0.01542,0.0,0.0,0.0,0.0,0.0,0.0,5.95,5.95,5.0,-0.0,-0.0,0.0,10.774580470670424,92.67330203535003,134.20796244242007,idle,1.320892752718275,2026-08-02
2026-08-02 11:10:00,VIC1,-11.95,-0.011949999999999999,0.0,0.0,0.0,0.0,0.0,0.0,5.95,5.95,5.0,-0.0,-0.0,0.0,10.774580470670424,92.67330203535003,134.20796244242007,idle,1.320892752718275,2026-08-02
2026-08-02 11:15:00,VIC1,-12.75,-0.012750000000000001,0.0,0.0,0.0,0.0,0.0,0.0,5.95,5.95,5.0,-0.0,-0.0,0.0,10.774580470670424,92.67330203535003,134.20796244242007,idle,1.320892752718275,2026-08-02
2026-08-02 11:20:00,VIC1,-12.75,-0.012750000000000001,0.0,0.0,0.0,0.0,0.0,0.0,5.95,5.95,5.0,-0.0,-0.0,0.0,10.774580470670424,92.67330203535003,134.20796244242007,idle,1.320892752718275,2026-08-02
2026-08-02 11:25:00,VIC1,-16.66837,-0.01666837,-0.0,0.0,-0.0,0.0,-0.0,0.0,5.95,5.95,5.0,0.0,-0.0,-0.0,10.774580470670424,92.67330203535003,134.20796244242007,idle,1.320892752718275,2026-08-02
2026-08-02 11:30:00,VIC1,-15.42,-0.01542,0.0,0.0,0.0,0.0,0.0,0.0,5.95,5.95,5.0,-0.0,-0.0,0.0,10.774580470670424,92.67330203535003,134.20796244242007,idle,1.320892752718275,2026-08-02
2026-08-02 11:35:00,VIC1,-16.28203,-0.01628203,0.0,0.0,0.0,0.0,0.0,0.0,5.95,5.95,5.0,-0.0,-0.0,0.0,10.774580470670424,92.67330203535003,134.20796244242007,idle,1.320892752718275,2026-08-02
2026-08-02 11:40:00,VIC1,-20.59011,-0.02059011,-0.0,0.0,-0.0,0.0,-0.0,0.0,5.95,5.95,5.0,0.0,-0.0,-0.0,10.774580470670424,92.67330203535003,134.20796244242007,idle,1.320892752718275,2026-08-02
2026-08-02 11:45:00,VIC1,-34.42,-0.03442,62.705857816032186,0.0,5.225488151336015,0.0,4.957333333333333,0.0,5.95,10.907333333333334,9.165826330532214,-0.17986130216898563,-0.0,0.17986130216898563,10.95444177283941,97.89879018668604,134.20796244242007,charge,1.320892752718275,2026-08-02
2026-08-02 11:50:00,VIC1,-50.01,-0.05001,62.705857816032186,0.0,5.225488151336015,0.0,4.957333333333333,0.0,10.907333333333334,15.864666666666666,13.331652661064425,-0.2613266624483141,-0.0,0.2613266624483141,11.215768435287723,103.12427833802205,134.20796244242007,charge,1.320892752718275,2026-08-02
2026-08-02 11:55:00,VIC1,-20.85964,-0.02085964,0.0,0.0,0.0,0.0,0.0,0.0,15.864666666666666,15.864666666666666,13.331652661064425,-0.0,-0.0,0.0,11.215768435287723,103.12427833802205,134.20796244242007,idle,1.320892752718275,2026-08-02
2026-08-02 12:00:00,VIC1,-15.42,-0.01542,0.0,0.0,0.0,0.0,0.0,0.0,15.864666666666666,15.864666666666666,13.331652661064425,-0.0,-0.0,0.0,11.215768435287723,103.12427833802205,134.20796244242007,idle,1.320892752718275,2026-08-02
2026-08-02 12:05:00,VIC1,-15.42,-0.01542,0.0,0.0,0.0,0.0,0.0,0.0,15.864666666666666,15.864666666666666,13.331652661064425,-0.0,-0.0,0.0,11.215768435287723,103.12427833802205,134.20796244242007,idle,1.320892752718275,2026-08-02
2026-08-02 12:10:00,VIC1,-15.42,-0.01542,0.0,0.0,0.0,0.0,0.0,0.0,15.864666666666666,15.864666666666666,13.331652661064425,-0.0,-0.0,0.0,11.215768435287723,103.12427833802205,134.20796244242007,idle,1.320892752718275,2026-08-02
2026-08-02 12:15:00,VIC1,-21.52969,-0.02152969,0.0,0.0,0.0,0.0,0.0,0.0,15.864666666666666,15.864666666666666,13.331652661064425,-0.0,-0.0,0.0,11.215768435287723,103.12427833802205,134.20796244242007,idle,1.320892752718275,2026-08-02
2026-08-02 12:20:00,VIC1,-20.99875,-0.02099875,0.0,0.0,0.0,0.0,0.0,0.0,15.864666666666666,15.864666666666666,13.331652661064425,-0.0,-0.0,0.0,11.215768435287723,103.12427833802205,134.20796244242007,idle,1.320892752718275,2026-08-02
2026-08-02 12:25:00,VIC1,-12.75,-0.012750000000000001,0.0,0.0,0.0,0.0,0.0,0.0,15.864666666666666,15.864666666666666,13.331652661064425,-0.0,-0.0,0.0,11.215768435287723,103.12427833802205,134.20796244242007,idle,1.320892752718275,2026-08-02
2026-08-02 12:30:00,VIC1,-19.99,-0.019989999999999997,0.0,0.0,0.0,0.0,0.0,0.0,15.864666666666666,15.864666666666666,13.331652661064425,-0.0,-0.0,0.0,11.215768435287723,103.12427833802205,134.20796244242007,idle,1.320892752718275,2026-08-02
2026-08-02 12:35:00,VIC1,-21.32569,-0.02132569,0.0,0.0,0.0,0.0,0.0,0.0,15.864666666666666,15.864666666666666,13.331652661064425,-0.0,-0.0,0.0,11.215768435287723,103.12427833802205,134.20796244242007,idle,1.320892752718275,2026-08-02
2026-08-02 12:40:00,VIC1,-24.88,-0.02488,0.0,0.0,0.0,0.0,0.0,0.0,15.864666666666666,15.864666666666666,13.331652661064425,-0.0,-0.0,0.0,11.215768435287723,103.12427833802205,134.20796244242007,idle,1.320892752718275,2026-08-02
2026-08-02 12:45:00,VIC1,-25.03,-0.02503,37.8967354794576,0.0,3.1580612899547997,0.0,2.995999999999979,0.0,15.864666666666666,18.860666666666646,15.849299719887938,-0.07904627408756863,-0.0,0.07904627408756863,11.294814709375292,106.28233962797685,134.20796244242007,charge,1.320892752718275,2026-08-02
2026-08-02 12:50:00,VIC1,-22.01971,-0.02201971,0.0,0.0,0.0,0.0,0.0,0.0,18.860666666666646,18.860666666666646,15.849299719887938,-0.0,-0.0,0.0,11.294814709375292,106.28233962797685,134.20796244242007,idle,1.320892752718275,2026-08-02
2026-08-02 12:55:00,VIC1,-21.08103,-0.021081029999999997,0.0,0.0,0.0,0.0,0.0,0.0,18.860666666666646,18.860666666666646,15.849299719887938,-0.0,-0.0,0.0,11.294814709375292,106.28233962797685,134.20796244242007,idle,1.320892752718275,2026-08-02
2026-08-02 13:00:00,VIC1,-34.42,-0.03442,62.705857816032186,0.0,5.225488151336015,0.0,4.957333333333333,0.0,18.860666666666646,23.817999999999977,20.015126050420147,-0.17986130216898563,-0.0,0.17986130216898563,11.474676011544277,111.50782777931286,134.20796244242007,charge,1.320892752718275,2026-08-02
2026-08-02 13:05:00,VIC1,-20.37538,-0.020375380000000002,0.0,0.0,0.0,0.0,0.0,0.0,23.817999999999977,23.817999999999977,20.015126050420147,-0.0,-0.0,0.0,11.474676011544277,111.50782777931286,134.20796244242007,idle,1.320892752718275,2026-08-02
2026-08-02 13:10:00,VIC1,-24.88,-0.02488,0.0,0.0,0.0,0.0,0.0,0.0,23.817999999999977,23.817999999999977,20.015126050420147,-0.0,-0.0,0.0,11.474676011544277,111.50782777931286,134.20796244242007,idle,1.320892752718275,2026-08-02
2026-08-02 13:15:00,VIC1,-34.42,-0.03442,62.705857816032186,0.0,5.225488151336015,0.0,4.957333333333333,0.0,23.817999999999977,28.775333333333307,24.18095238095236,-0.17986130216898563,-0.0,0.17986130216898563,11.654537313713263,116.73331593064887,134.20796244242007,charge,1.320892752718275,2026-08-02
2026-08-02 13:20:00,VIC1,-35.84039,-0.03584039,62.705857816032186,0.0,5.225488151336015,0.0,4.957333333333333,0.0,28.775333333333307,33.73266666666664,28.34677871148457,-0.1872835332842618,-0.0,0.1872835332842618,11.841820846997525,121.95880408198488,134.20796244242007,charge,1.320892752718275,2026-08-02
2026-08-02 13:25:00,VIC1,-58.57221,-0.05857221,62.705857816032186,0.0,5.225488151336015,0.0,4.957333333333333,0.0,33.73266666666664,38.68999999999997,32.51260504201678,-0.30606838935256486,-0.0,0.30606838935256486,12.147889236350089,127.18429223332089,134.20796244242007,charge,1.320892752718275,2026-08-02
2026-08-02 13:30:00,VIC1,-34.63,-0.03463,62.705857816032186,0.0,5.225488151336015,0.0,4.957333333333333,0.0,38.68999999999997,43.6473333333333,36.67843137254899,-0.18095865468076622,-0.0,0.18095865468076622,12.328847891030856,132.4097803846569,134.20796244242007,charge,1.320892752718275,2026-08-02
2026-08-02 13:35:00,VIC1,-60.0,-0.06,62.705857816032186,0.0,5.225488151336015,0.0,4.957333333333333,0.0,43.6473333333333,48.60466666666663,40.844257703081205,-0.3135292890801609,-0.0,0.3135292890801609,12.642377180111017,137.6352685359929,134.20796244242007,charge,1.320892752718275,2026-08-02
2026-08-02 13:40:00,VIC1,-34.42,-0.03442,62.705857816032186,0.0,5.225488151336015,0.0,4.957333333333333,0.0,48.60466666666663,53.56199999999996,45.01008403361341,-0.17986130216898563,-0.0,0.17986130216898563,12.822238482280003,142.86075668732892,134.20796244242007,charge,1.320892752718275,2026-08-02
2026-08-02 13:45:00,VIC1,-59.47,-0.05947,62.705857816032186,0.0,5.225488151336015,0.0,4.957333333333333,0.0,53.56199999999996,58.51933333333329,49.17591036414562,-0.31075978035995283,-0.0,0.31075978035995283,13.132998262639957,148.08624483866492,134.20796244242007,charge,1.320892752718275,2026-08-02
2026-08-02 13:50:00,VIC1,-60.0,-0.06,62.705857816032186,0.0,5.225488151336015,0.0,4.957333333333333,0.0,58.51933333333329,63.476666666666624,53.341736694677834,-0.3135292890801609,-0.0,0.3135292890801609,13.446527551720118,153.31173299000093,134.20796244242007,charge,1.320892752718275,2026-08-02
2026-08-02 13:55:00,VIC1,-59.47,-0.05947,62.705857816032186,0.0,5.225488151336015,0.0,4.957333333333333,0.0,63.476666666666624,68.43399999999995,57.507563025210054,-0.31075978035995283,-0.0,0.31075978035995283,13.757287332080072,158.53722114133694,134.20796244242007,charge,1.320892752718275,2026-08-02
2026-08-02 14:00:00,VIC1,-44.23,-0.04423,62.705857816032186,0.0,5.225488151336015,0.0,4.957333333333333,0.0,68.43399999999995,73.3913333333333,61.67338935574226,-0.23112334093359194,-0.0,0.23112334093359194,13.988410673013664,163.76270929267295,134.20796244242007,charge,1.320892752718275,2026-08-02
2026-08-02 14:05:00,VIC1,-60.0,-0.06,62.705857816032186,0.0,5.225488151336015,0.0,4.957333333333333,0.0,73.3913333333333,78.34866666666663,65.83921568627447,-0.3135292890801609,-0.0,0.3135292890801609,14.301939962093826,168.98819744400896,134.20796244242007,charge,1.320892752718275,2026-08-02
2026-08-02 14:10:00,VIC1,-49.36,-0.04936,62.705857816032186,0.0,5.225488151336015,0.0,4.957333333333333,0.0,78.34866666666663,83.30599999999997,70.0050420168067,-0.2579300951499457,-0.0,0.2579300951499457,14.55987005724377,174.21368559534497,134.20796244242007,charge,1.320892752718275,2026-08-02
2026-08-02 14:15:00,VIC1,-59.47,-0.05947,62.705857816032186,0.0,5.225488151336015,0.0,4.957333333333333,0.0,83.30599999999997,88.2633333333333,74.17086834733891,-0.31075978035995283,-0.0,0.31075978035995283,14.870629837603724,179.43917374668098,134.20796244242007,charge,1.320892752718275,2026-08-02
2026-08-02 14:20:00,VIC1,-34.89,-0.034890000000000004,62.705857816032186,0.0,5.225488151336015,0.0,4.957333333333333,0.0,88.2633333333333,93.22066666666665,78.33669467787114,-0.1823172816001136,-0.0,0.1823172816001136,15.052947119203838,184.664661898017,134.20796244242007,charge,1.320892752718275,2026-08-02
2026-08-02 14:25:00,VIC1,-50.01,-0.05001,62.705857816032186,0.0,5.225488151336015,0.0,4.957333333333333,0.0,93.22066666666665,98.17799999999998,82.50252100840335,-0.2613266624483141,-0.0,0.2613266624483141,15.314273781652151,189.890150049353,134.20796244242007,charge,1.320892752718275,2026-08-02
2026-08-02 14:30:00,VIC1,-34.68,-0.03468,62.705857816032186,0.0,5.225488151336015,0.0,4.957333333333333,0.0,98.17799999999998,103.13533333333332,86.66834733893556,-0.181219929088333,-0.0,0.181219929088333,15.495493710740485,195.115638200689,134.20796244242007,charge,1.320892752718275,2026-08-02
2026-08-02 14:35:00,VIC1,-33.92,-0.033920000000000006,62.705857816032186,0.0,5.225488151336015,0.0,4.957333333333333,0.0,103.13533333333332,108.09266666666666,90.83417366946777,-0.17724855809331766,-0.0,0.17724855809331766,15.672742268833803,200.34112635202501,134.20796244242007,charge,1.320892752718275,2026-08-02
2026-08-02 14:40:00,VIC1,-21.09,-0.02109,0.0,0.0,0.0,0.0,0.0,0.0,108.09266666666666,108.09266666666666,90.83417366946777,-0.0,-0.0,0.0,15.672742268833803,200.34112635202501,134.20796244242007,idle,1.320892752718275,2026-08-02
2026-08-02 14:45:00,VIC1,-21.09,-0.02109,0.0,0.0,0.0,0.0,0.0,0.0,108.09266666666666,108.09266666666666,90.83417366946777,-0.0,-0.0,0.0,15.672742268833803,200.34112635202501,134.20796244242007,idle,1.320892752718275,2026-08-02
2026-08-02 14:50:00,VIC1,-21.09,-0.02109,0.0,0.0,0.0,0.0,0.0,0.0,108.09266666666666,108.09266666666666,90.83417366946777,-0.0,-0.0,0.0,15.672742268833803,200.34112635202501,134.20796244242007,idle,1.320892752718275,2026-08-02
2026-08-02 14:55:00,VIC1,-19.77666,-0.01977666,0.0,0.0,0.0,0.0,0.0,0.0,108.09266666666666,108.09266666666666,90.83417366946777,-0.0,-0.0,0.0,15.672742268833803,200.34112635202501,134.20796244242007,idle,1.320892752718275,2026-08-02
2026-08-02 15:00:00,VIC1,-19.39781,-0.01939781,0.0,0.0,0.0,0.0,0.0,0.0,108.09266666666666,108.09266666666666,90.83417366946777,-0.0,-0.0,0.0,15.672742268833803,200.34112635202501,134.20796244242007,idle,1.320892752718275,2026-08-02
2026-08-02 15:05:00,VIC1,-15.42,-0.01542,0.0,0.0,0.0,0.0,0.0,0.0,108.09266666666666,108.09266666666666,90.83417366946777,-0.0,-0.0,0.0,15.672742268833803,200.34112635202501,134.20796244242007,idle,1.320892752718275,2026-08-02
2026-08-02 15:10:00,VIC1,-15.42,-0.01542,0.0,0.0,0.0,0.0,0.0,0.0,108.09266666666666,108.09266666666666,90.83417366946777,-0.0,-0.0,0.0,15.672742268833803,200.34112635202501,134.20796244242007,idle,1.320892752718275,2026-08-02
2026-08-02 15:15:00,VIC1,-34.42,-0.03442,62.705857816032186,0.0,5.225488151336015,0.0,4.957333333333333,0.0,108.09266666666666,113.05,95.0,-0.17986130216898563,-0.0,0.17986130216898563,15.852603571002788,205.56661450336102,134.20796244242007,charge,1.320892752718275,2026-08-02
2026-08-02 15:20:00,VIC1,-15.42,-0.01542,0.0,0.0,0.0,0.0,0.0,0.0,113.05,113.05,95.0,-0.0,-0.0,0.0,15.852603571002788,205.56661450336102,134.20796244242007,idle,1.320892752718275,2026-08-02
2026-08-02 15:25:00,VIC1,-12.75,-0.012750000000000001,0.0,0.0,0.0,0.0,0.0,0.0,113.05,113.05,95.0,-0.0,-0.0,0.0,15.852603571002788,205.56661450336102,134.20796244242007,idle,1.320892752718275,2026-08-02
2026-08-02 15:30:00,VIC1,-15.42,-0.01542,0.0,0.0,0.0,0.0,0.0,0.0,113.05,113.05,95.0,-0.0,-0.0,0.0,15.852603571002788,205.56661450336102,134.20796244242007,idle,1.320892752718275,2026-08-02
2026-08-02 15:35:00,VIC1,-12.75,-0.012750000000000001,0.0,0.0,0.0,0.0,0.0,0.0,113.05,113.05,95.0,-0.0,-0.0,0.0,15.852603571002788,205.56661450336102,134.20796244242007,idle,1.320892752718275,2026-08-02
2026-08-02 15:40:00,VIC1,-15.42,-0.01542,0.0,0.0,0.0,0.0,0.0,0.0,113.05,113.05,95.0,-0.0,-0.0,0.0,15.852603571002788,205.56661450336102,134.20796244242007,idle,1.320892752718275,2026-08-02
2026-08-02 15:45:00,VIC1,-19.99,-0.019989999999999997,0.0,0.0,0.0,0.0,0.0,0.0,113.05,113.05,95.0,-0.0,-0.0,0.0,15.852603571002788,205.56661450336102,134.20796244242007,idle,1.320892752718275,2026-08-02
2026-08-02 15:50:00,VIC1,-15.42,-0.01542,0.0,0.0,0.0,0.0,0.0,0.0,113.05,113.05,95.0,-0.0,-0.0,0.0,15.852603571002788,205.56661450336102,134.20796244242007,idle,1.320892752718275,2026-08-02
2026-08-02 15:55:00,VIC1,-15.42,-0.01542,0.0,0.0,0.0,0.0,0.0,0.0,113.05,113.05,95.0,-0.0,-0.0,0.0,15.852603571002788,205.56661450336102,134.20796244242007,idle,1.320892752718275,2026-08-02
2026-08-02 16:00:00,VIC1,-12.75,-0.012750000000000001,0.0,0.0,0.0,0.0,0.0,0.0,113.05,113.05,95.0,-0.0,-0.0,0.0,15.852603571002788,205.56661450336102,134.20796244242007,idle,1.320892752718275,2026-08-02
2026-08-02 16:05:00,VIC1,-15.42,-0.01542,0.0,0.0,0.0,0.0,0.0,0.0,113.05,113.05,95.0,-0.0,-0.0,0.0,15.852603571002788,205.56661450336102,134.20796244242007,idle,1.320892752718275,2026-08-02
2026-08-02 16:10:00,VIC1,-12.75,-0.012750000000000001,0.0,0.0,0.0,0.0,0.0,0.0,113.05,113.05,95.0,-0.0,-0.0,0.0,15.852603571002788,205.56661450336102,134.20796244242007,idle,1.320892752718275,2026-08-02
2026-08-02 16:15:00,VIC1,-12.75,-0.012750000000000001,0.0,0.0,0.0,0.0,0.0,0.0,113.05,113.05,95.0,-0.0,-0.0,0.0,15.852603571002788,205.56661450336102,134.20796244242007,idle,1.320892752718275,2026-08-02
2026-08-02 16:20:00,VIC1,-6.6,-0.0066,-0.0,0.0,-0.0,0.0,-0.0,0.0,113.05,113.05,95.0,0.0,-0.0,-0.0,15.852603571002788,205.56661450336102,134.20796244242007,idle,1.320892752718275,2026-08-02
2026-08-02 16:25:00,VIC1,-6.32397,-0.00632397,-0.0,0.0,-0.0,0.0,-0.0,0.0,113.05,113.05,95.0,0.0,-0.0,-0.0,15.852603571002788,205.56661450336102,134.20796244242007,idle,1.320892752718275,2026-08-02
2026-08-02 16:30:00,VIC1,-4.9999,-0.004999900000000001,0.0,0.0,0.0,0.0,0.0,0.0,113.05,113.05,95.0,-0.0,-0.0,0.0,15.852603571002788,205.56661450336102,134.20796244242007,idle,1.320892752718275,2026-08-02
2026-08-02 16:35:00,VIC1,-5.62379,-0.00562379,-0.0,0.0,-0.0,0.0,-0.0,0.0,113.05,113.05,95.0,0.0,-0.0,-0.0,15.852603571002788,205.56661450336102,134.20796244242007,idle,1.320892752718275,2026-08-02
2026-08-02 16:40:00,VIC1,-4.9999,-0.004999900000000001,0.0,0.0,0.0,0.0,0.0,0.0,113.05,113.05,95.0,-0.0,-0.0,0.0,15.852603571002788,205.56661450336102,134.20796244242007,idle,1.320892752718275,2026-08-02
2026-08-02 16:45:00,VIC1,-1.15,-0.00115,0.0,0.0,0.0,0.0,0.0,0.0,113.05,113.05,95.0,-0.0,-0.0,0.0,15.852603571002788,205.56661450336102,134.20796244242007,idle,1.320892752718275,2026-08-02
2026-08-02 16:50:00,VIC1,-1.04752,-0.0010475200000000001,0.0,0.0,0.0,0.0,0.0,0.0,113.05,113.05,95.0,-0.0,-0.0,0.0,15.852603571002788,205.56661450336102,134.20796244242007,idle,1.320892752718275,2026-08-02
2026-08-02 16:55:00,VIC1,0.01,1e-05,0.0,0.0,0.0,0.0,0.0,0.0,113.05,113.05,95.0,0.0,0.0,0.0,15.852603571002788,205.56661450336102,134.20796244242007,idle,1.320892752718275,2026-08-02
2026-08-02 17:00:00,VIC1,54.48,0.05448,0.0,69.0,0.0,5.75,0.0,6.061032181989394,113.05,106.98896781801061,89.90669564538707,0.0,0.31326,0.31326,16.165863571002788,205.56661450336102,139.95796244242007,discharge,1.3774850233250855,2026-08-02
2026-08-02 17:05:00,VIC1,10.12,0.010119999999999999,0.0,0.0,0.0,0.0,0.0,0.0,106.98896781801061,106.98896781801061,89.90669564538707,0.0,0.0,0.0,16.165863571002788,205.56661450336102,139.95796244242007,idle,1.3774850233250855,2026-08-02
2026-08-02 17:10:00,VIC1,17.01006,0.01701006,0.0,0.0,0.0,0.0,0.0,0.0,106.98896781801061,106.98896781801061,89.90669564538707,0.0,0.0,0.0,16.165863571002788,205.56661450336102,139.95796244242007,idle,1.3774850233250855,2026-08-02
2026-08-02 17:15:00,VIC1,44.0,0.044,0.0,69.0,0.0,5.75,0.0,6.061032181989394,106.98896781801061,100.92793563602122,84.81339129077413,0.0,0.253,0.253,16.418863571002788,205.56661450336102,145.70796244242007,discharge,1.4340772939318958,2026-08-02
2026-08-02 17:20:00,VIC1,22.67,0.022670000000000003,0.0,69.0,0.0,5.75,0.0,6.061032181989394,100.92793563602122,94.86690345403183,79.72008693616121,0.0,0.1303525,0.1303525,16.54921607100279,205.56661450336102,151.45796244242007,discharge,1.4906695645387062,2026-08-02
2026-08-02 17:25:00,VIC1,10.12,0.010119999999999999,0.0,0.0,0.0,0.0,0.0,0.0,94.86690345403183,94.86690345403183,79.72008693616121,0.0,0.0,0.0,16.54921607100279,205.56661450336102,151.45796244242007,idle,1.4906695645387062,2026-08-02
2026-08-02 17:30:00,VIC1,22.67,0.022670000000000003,0.0,69.0,0.0,5.75,0.0,6.061032181989394,94.86690345403183,88.80587127204244,74.62678258154827,0.0,0.1303525,0.1303525,16.67956857100279,205.56661450336102,157.20796244242007,discharge,1.5472618351455165,2026-08-02
2026-08-02 17:35:00,VIC1,10.65,0.01065,0.0,0.0,0.0,0.0,0.0,0.0,88.80587127204244,88.80587127204244,74.62678258154827,0.0,0.0,0.0,16.67956857100279,205.56661450336102,157.20796244242007,idle,1.5472618351455165,2026-08-02
2026-08-02 17:40:00,VIC1,10.65,0.01065,0.0,0.0,0.0,0.0,0.0,0.0,88.80587127204244,88.80587127204244,74.62678258154827,0.0,0.0,0.0,16.67956857100279,205.56661450336102,157.20796244242007,idle,1.5472618351455165,2026-08-02
2026-08-02 17:45:00,VIC1,31.48,0.03148,0.0,69.0,0.0,5.75,0.0,6.061032181989394,88.80587127204244,82.74483909005305,69.53347822693533,0.0,0.18101,0.18101,16.86057857100279,205.56661450336102,162.95796244242007,discharge,1.603854105752327,2026-08-02
2026-08-02 17:50:00,VIC1,31.48,0.03148,0.0,69.0,0.0,5.75,0.0,6.061032181989394,82.74483909005305,76.68380690806366,64.4401738723224,0.0,0.18101,0.18101,17.04158857100279,205.56661450336102,168.70796244242007,discharge,1.6604463763591373,2026-08-02
2026-08-02 17:55:00,VIC1,31.48,0.03148,0.0,69.0,0.0,5.75,0.0,6.061032181989394,76.68380690806366,70.62277472607427,59.346869517709465,0.0,0.18101,0.18101,17.22259857100279,205.56661450336102,174.45796244242007,discharge,1.7170386469659475,2026-08-02
2026-08-02 18:00:00,VIC1,26.80051,0.02680051,0.0,69.0,0.0,5.75,0.0,6.061032181989394,70.62277472607427,64.56174254408488,54.25356516309654,0.0,0.1541029325,0.1541029325,17.37670150350279,205.56661450336102,180.20796244242007,discharge,1.773630917572758,2026-08-02
2026-08-02 18:05:00,VIC1,22.67,0.022670000000000003,0.0,69.0,0.0,5.75,0.0,6.061032181989394,64.56174254408488,58.50071036209548,49.1602608084836,0.0,0.1303525,0.1303525,17.50705400350279,205.56661450336102,185.95796244242007,discharge,1.8302231881795683,2026-08-02
2026-08-02 18:10:00,VIC1,22.67,0.022670000000000003,0.0,69.0,0.0,5.75,0.0,6.061032181989394,58.50071036209548,52.439678180106085,44.06695645387066,0.0,0.1303525,0.1303525,17.637406503502792,205.56661450336102,191.70796244242007,discharge,1.8868154587863788,2026-08-02
2026-08-02 18:15:00,VIC1,10.65,0.01065,0.0,0.0,0.0,0.0,0.0,0.0,52.439678180106085,52.439678180106085,44.06695645387066,0.0,0.0,0.0,17.637406503502792,205.56661450336102,191.70796244242007,idle,1.8868154587863788,2026-08-02
2026-08-02 18:20:00,VIC1,10.50026,0.01050026,0.0,0.0,0.0,0.0,0.0,0.0,52.439678180106085,52.439678180106085,44.06695645387066,0.0,0.0,0.0,17.637406503502792,205.56661450336102,191.70796244242007,idle,1.8868154587863788,2026-08-02
2026-08-02 18:25:00,VIC1,10.50026,0.01050026,0.0,0.0,0.0,0.0,0.0,0.0,52.439678180106085,52.439678180106085,44.06695645387066,0.0,0.0,0.0,17.637406503502792,205.56661450336102,191.70796244242007,idle,1.8868154587863788,2026-08-02
2026-08-02 18:30:00,VIC1,10.50026,0.01050026,0.0,0.0,0.0,0.0,0.0,0.0,52.439678180106085,52.439678180106085,44.06695645387066,0.0,0.0,0.0,17.637406503502792,205.56661450336102,191.70796244242007,idle,1.8868154587863788,2026-08-02
2026-08-02 18:35:00,VIC1,8.94,0.00894,0.0,0.0,0.0,0.0,0.0,0.0,52.439678180106085,52.439678180106085,44.06695645387066,0.0,0.0,0.0,17.637406503502792,205.56661450336102,191.70796244242007,idle,1.8868154587863788,2026-08-02
2026-08-02 18:40:00,VIC1,10.50026,0.01050026,0.0,0.0,0.0,0.0,0.0,0.0,52.439678180106085,52.439678180106085,44.06695645387066,0.0,0.0,0.0,17.637406503502792,205.56661450336102,191.70796244242007,idle,1.8868154587863788,2026-08-02
2026-08-02 18:45:00,VIC1,10.49948,0.01049948,0.0,0.0,0.0,0.0,0.0,0.0,52.439678180106085,52.439678180106085,44.06695645387066,0.0,0.0,0.0,17.637406503502792,205.56661450336102,191.70796244242007,idle,1.8868154587863788,2026-08-02
2026-08-02 18:50:00,VIC1,10.5,0.0105,0.0,0.0,0.0,0.0,0.0,0.0,52.439678180106085,52.439678180106085,44.06695645387066,0.0,0.0,0.0,17.637406503502792,205.56661450336102,191.70796244242007,idle,1.8868154587863788,2026-08-02
2026-08-02 18:55:00,VIC1,10.5,0.0105,0.0,0.0,0.0,0.0,0.0,0.0,52.439678180106085,52.439678180106085,44.06695645387066,0.0,0.0,0.0,17.637406503502792,205.56661450336102,191.70796244242007,idle,1.8868154587863788,2026-08-02
2026-08-02 19:00:00,VIC1,8.94,0.00894,0.0,0.0,0.0,0.0,0.0,0.0,52.439678180106085,52.439678180106085,44.06695645387066,0.0,0.0,0.0,17.637406503502792,205.56661450336102,191.70796244242007,idle,1.8868154587863788,2026-08-02
2026-08-02 19:05:00,VIC1,10.49974,0.010499739999999999,0.0,0.0,0.0,0.0,0.0,0.0,52.439678180106085,52.439678180106085,44.06695645387066,0.0,0.0,0.0,17.637406503502792,205.56661450336102,191.70796244242007,idle,1.8868154587863788,2026-08-02
2026-08-02 19:10:00,VIC1,10.49974,0.010499739999999999,0.0,0.0,0.0,0.0,0.0,0.0,52.439678180106085,52.439678180106085,44.06695645387066,0.0,0.0,0.0,17.637406503502792,205.56661450336102,191.70796244242007,idle,1.8868154587863788,2026-08-02
2026-08-02 19:15:00,VIC1,10.49974,0.010499739999999999,0.0,0.0,0.0,0.0,0.0,0.0,52.439678180106085,52.439678180106085,44.06695645387066,0.0,0.0,0.0,17.637406503502792,205.56661450336102,191.70796244242007,idle,1.8868154587863788,2026-08-02
2026-08-02 19:20:00,VIC1,10.68,0.01068,0.0,0.0,0.0,0.0,0.0,0.0,52.439678180106085,52.439678180106085,44.06695645387066,0.0,0.0,0.0,17.637406503502792,205.56661450336102,191.70796244242007,idle,1.8868154587863788,2026-08-02
2026-08-02 19:25:00,VIC1,10.49974,0.010499739999999999,0.0,0.0,0.0,0.0,0.0,0.0,52.439678180106085,52.439678180106085,44.06695645387066,0.0,0.0,0.0,17.637406503502792,205.56661450336102,191.70796244242007,idle,1.8868154587863788,2026-08-02
2026-08-02 19:30:00,VIC1,10.49974,0.010499739999999999,0.0,0.0,0.0,0.0,0.0,0.0,52.439678180106085,52.439678180106085,44.06695645387066,0.0,0.0,0.0,17.637406503502792,205.56661450336102,191.70796244242007,idle,1.8868154587863788,2026-08-02
2026-08-02 19:35:00,VIC1,10.5,0.0105,0.0,0.0,0.0,0.0,0.0,0.0,52.439678180106085,52.439678180106085,44.06695645387066,0.0,0.0,0.0,17.637406503502792,205.56661450336102,191.70796244242007,idle,1.8868154587863788,2026-08-02
2026-08-02 19:40:00,VIC1,10.5,0.0105,0.0,0.0,0.0,0.0,0.0,0.0,52.439678180106085,52.439678180106085,44.06695645387066,0.0,0.0,0.0,17.637406503502792,205.56661450336102,191.70796244242007,idle,1.8868154587863788,2026-08-02
2026-08-02 19:45:00,VIC1,10.5,0.0105,0.0,0.0,0.0,0.0,0.0,0.0,52.439678180106085,52.439678180106085,44.06695645387066,0.0,0.0,0.0,17.637406503502792,205.56661450336102,191.70796244242007,idle,1.8868154587863788,2026-08-02
2026-08-02 19:50:00,VIC1,10.49974,0.010499739999999999,0.0,0.0,0.0,0.0,0.0,0.0,52.439678180106085,52.439678180106085,44.06695645387066,0.0,0.0,0.0,17.637406503502792,205.56661450336102,191.70796244242007,idle,1.8868154587863788,2026-08-02
2026-08-02 19:55:00,VIC1,10.49974,0.010499739999999999,0.0,0.0,0.0,0.0,0.0,0.0,52.439678180106085,52.439678180106085,44.06695645387066,0.0,0.0,0.0,17.637406503502792,205.56661450336102,191.70796244242007,idle,1.8868154587863788,2026-08-02
2026-08-02 20:00:00,VIC1,10.49974,0.010499739999999999,0.0,0.0,0.0,0.0,0.0,0.0,52.439678180106085,52.439678180106085,44.06695645387066,0.0,0.0,0.0,17.637406503502792,205.56661450336102,191.70796244242007,idle,1.8868154587863788,2026-08-02
2026-08-02 20:05:00,VIC1,8.94,0.00894,0.0,0.0,0.0,0.0,0.0,0.0,52.439678180106085,52.439678180106085,44.06695645387066,0.0,0.0,0.0,17.637406503502792,205.56661450336102,191.70796244242007,idle,1.8868154587863788,2026-08-02
2026-08-02 20:10:00,VIC1,10.49975,0.01049975,0.0,0.0,0.0,0.0,0.0,0.0,52.439678180106085,52.439678180106085,44.06695645387066,0.0,0.0,0.0,17.637406503502792,205.56661450336102,191.70796244242007,idle,1.8868154587863788,2026-08-02
2026-08-02 20:15:00,VIC1,10.46975,0.01046975,0.0,0.0,0.0,0.0,0.0,0.0,52.439678180106085,52.439678180106085,44.06695645387066,0.0,0.0,0.0,17.637406503502792,205.56661450336102,191.70796244242007,idle,1.8868154587863788,2026-08-02
2026-08-02 20:20:00,VIC1,8.94,0.00894,0.0,0.0,0.0,0.0,0.0,0.0,52.439678180106085,52.439678180106085,44.06695645387066,0.0,0.0,0.0,17.637406503502792,205.56661450336102,191.70796244242007,idle,1.8868154587863788,2026-08-02
2026-08-02 20:25:00,VIC1,10.5,0.0105,0.0,0.0,0.0,0.0,0.0,0.0,52.439678180106085,52.439678180106085,44.06695645387066,0.0,0.0,0.0,17.637406503502792,205.56661450336102,191.70796244242007,idle,1.8868154587863788,2026-08-02
2026-08-02 20:30:00,VIC1,-32.86442,-0.032864420000000005,62.705857816032186,0.0,5.225488151336015,0.0,4.957333333333333,0.0,52.439678180106085,57.397011513439416,48.23278278440287,-0.1717326373105304,-0.0,0.1717326373105304,17.809139140813322,210.79210265469703,191.70796244242007,charge,1.8868154587863788,2026-08-02
2026-08-02 20:35:00,VIC1,8.94,0.00894,0.0,0.0,0.0,0.0,0.0,0.0,57.397011513439416,57.397011513439416,48.23278278440287,0.0,0.0,0.0,17.809139140813322,210.79210265469703,191.70796244242007,idle,1.8868154587863788,2026-08-02
2026-08-02 20:40:00,VIC1,8.94,0.00894,0.0,0.0,0.0,0.0,0.0,0.0,57.397011513439416,57.397011513439416,48.23278278440287,0.0,0.0,0.0,17.809139140813322,210.79210265469703,191.70796244242007,idle,1.8868154587863788,2026-08-02
2026-08-02 20:45:00,VIC1,5.08,0.00508,0.0,0.0,0.0,0.0,0.0,0.0,57.397011513439416,57.397011513439416,48.23278278440287,0.0,0.0,0.0,17.809139140813322,210.79210265469703,191.70796244242007,idle,1.8868154587863788,2026-08-02
2026-08-02 20:50:00,VIC1,8.94,0.00894,0.0,0.0,0.0,0.0,0.0,0.0,57.397011513439416,57.397011513439416,48.23278278440287,0.0,0.0,0.0,17.809139140813322,210.79210265469703,191.70796244242007,idle,1.8868154587863788,2026-08-02
2026-08-02 20:55:00,VIC1,5.08,0.00508,0.0,0.0,0.0,0.0,0.0,0.0,57.397011513439416,57.397011513439416,48.23278278440287,0.0,0.0,0.0,17.809139140813322,210.79210265469703,191.70796244242007,idle,1.8868154587863788,2026-08-02
2026-08-02 21:00:00,VIC1,8.94,0.00894,0.0,0.0,0.0,0.0,0.0,0.0,57.397011513439416,57.397011513439416,48.23278278440287,0.0,0.0,0.0,17.809139140813322,210.79210265469703,191.70796244242007,idle,1.8868154587863788,2026-08-02
2026-08-02 21:05:00,VIC1,8.94,0.00894,0.0,0.0,0.0,0.0,0.0,0.0,57.397011513439416,57.397011513439416,48.23278278440287,0.0,0.0,0.0,17.809139140813322,210.79210265469703,191.70796244242007,idle,1.8868154587863788,2026-08-02
2026-08-02 21:10:00,VIC1,10.49974,0.010499739999999999,0.0,0.0,0.0,0.0,0.0,0.0,57.397011513439416,57.397011513439416,48.23278278440287,0.0,0.0,0.0,17.809139140813322,210.79210265469703,191.70796244242007,idle,1.8868154587863788,2026-08-02
2026-08-02 21:15:00,VIC1,-3.55589,-0.0035558900000000004,62.705857816032186,0.0,5.225488151336015,0.0,4.957333333333333,0.0,57.397011513439416,62.35434484677275,52.39860911493508,-0.018581261062454224,-0.0,0.018581261062454224,17.827720401875776,216.01759080603304,191.70796244242007,charge,1.8868154587863788,2026-08-02
2026-08-02 21:20:00,VIC1,5.08,0.00508,0.0,0.0,0.0,0.0,0.0,0.0,62.35434484677275,62.35434484677275,52.39860911493508,0.0,0.0,0.0,17.827720401875776,216.01759080603304,191.70796244242007,idle,1.8868154587863788,2026-08-02
2026-08-02 21:25:00,VIC1,8.94,0.00894,0.0,0.0,0.0,0.0,0.0,0.0,62.35434484677275,62.35434484677275,52.39860911493508,0.0,0.0,0.0,17.827720401875776,216.01759080603304,191.70796244242007,idle,1.8868154587863788,2026-08-02
2026-08-02 21:30:00,VIC1,10.49948,0.01049948,0.0,0.0,0.0,0.0,0.0,0.0,62.35434484677275,62.35434484677275,52.39860911493508,0.0,0.0,0.0,17.827720401875776,216.01759080603304,191.70796244242007,idle,1.8868154587863788,2026-08-02
2026-08-02 21:35:00,VIC1,8.94,0.00894,0.0,0.0,0.0,0.0,0.0,0.0,62.35434484677275,62.35434484677275,52.39860911493508,0.0,0.0,0.0,17.827720401875776,216.01759080603304,191.70796244242007,idle,1.8868154587863788,2026-08-02
2026-08-02 21:40:00,VIC1,8.94,0.00894,0.0,0.0,0.0,0.0,0.0,0.0,62.35434484677275,62.35434484677275,52.39860911493508,0.0,0.0,0.0,17.827720401875776,216.01759080603304,191.70796244242007,idle,1.8868154587863788,2026-08-02
2026-08-02 21:45:00,VIC1,8.94,0.00894,0.0,0.0,0.0,0.0,0.0,0.0,62.35434484677275,62.35434484677275,52.39860911493508,0.0,0.0,0.0,17.827720401875776,216.01759080603304,191.70796244242007,idle,1.8868154587863788,2026-08-02
2026-08-02 21:50:00,VIC1,8.94,0.00894,0.0,0.0,0.0,0.0,0.0,0.0,62.35434484677275,62.35434484677275,52.39860911493508,0.0,0.0,0.0,17.827720401875776,216.01759080603304,191.70796244242007,idle,1.8868154587863788,2026-08-02
2026-08-02 21:55:00,VIC1,8.94,0.00894,0.0,0.0,0.0,0.0,0.0,0.0,62.35434484677275,62.35434484677275,52.39860911493508,0.0,0.0,0.0,17.827720401875776,216.01759080603304,191.70796244242007,idle,1.8868154587863788,2026-08-02
2026-08-02 22:00:00,VIC1,5.08,0.00508,0.0,0.0,0.0,0.0,0.0,0.0,62.35434484677275,62.35434484677275,52.39860911493508,0.0,0.0,0.0,17.827720401875776,216.01759080603304,191.70796244242007,idle,1.8868154587863788,2026-08-02
2026-08-02 22:05:00,VIC1,22.77,0.02277,0.0,69.0,0.0,5.75,0.0,6.061032181989394,62.35434484677275,56.29331266478335,47.305304760322144,0.0,0.1309275,0.1309275,17.958647901875775,216.01759080603304,197.45796244242007,discharge,1.943407729393189,2026-08-02
2026-08-02 22:10:00,VIC1,10.5,0.0105,0.0,0.0,0.0,0.0,0.0,0.0,56.29331266478335,56.29331266478335,47.305304760322144,0.0,0.0,0.0,17.958647901875775,216.01759080603304,197.45796244242007,idle,1.943407729393189,2026-08-02
2026-08-02 22:15:00,VIC1,-1.0997,-0.0010997,0.0,0.0,0.0,0.0,0.0,0.0,56.29331266478335,56.29331266478335,47.305304760322144,-0.0,-0.0,0.0,17.958647901875775,216.01759080603304,197.45796244242007,idle,1.943407729393189,2026-08-02
2026-08-02 22:20:00,VIC1,-1.0997,-0.0010997,0.0,0.0,0.0,0.0,0.0,0.0,56.29331266478335,56.29331266478335,47.305304760322144,-0.0,-0.0,0.0,17.958647901875775,216.01759080603304,197.45796244242007,idle,1.943407729393189,2026-08-02
2026-08-02 22:25:00,VIC1,8.93989,0.00893989,0.0,0.0,0.0,0.0,0.0,0.0,56.29331266478335,56.29331266478335,47.305304760322144,0.0,0.0,0.0,17.958647901875775,216.01759080603304,197.45796244242007,idle,1.943407729393189,2026-08-02
2026-08-02 22:30:00,VIC1,5.08,0.00508,0.0,0.0,0.0,0.0,0.0,0.0,56.29331266478335,56.29331266478335,47.305304760322144,0.0,0.0,0.0,17.958647901875775,216.01759080603304,197.45796244242007,idle,1.943407729393189,2026-08-02
2026-08-02 22:35:00,VIC1,8.94,0.00894,0.0,0.0,0.0,0.0,0.0,0.0,56.29331266478335,56.29331266478335,47.305304760322144,0.0,0.0,0.0,17.958647901875775,216.01759080603304,197.45796244242007,idle,1.943407729393189,2026-08-02
2026-08-02 22:40:00,VIC1,5.08,0.00508,0.0,0.0,0.0,0.0,0.0,0.0,56.29331266478335,56.29331266478335,47.305304760322144,0.0,0.0,0.0,17.958647901875775,216.01759080603304,197.45796244242007,idle,1.943407729393189,2026-08-02
2026-08-02 22:45:00,VIC1,-1.0997,-0.0010997,0.0,0.0,0.0,0.0,0.0,0.0,56.29331266478335,56.29331266478335,47.305304760322144,-0.0,-0.0,0.0,17.958647901875775,216.01759080603304,197.45796244242007,idle,1.943407729393189,2026-08-02
2026-08-02 22:50:00,VIC1,-1.0997,-0.0010997,0.0,0.0,0.0,0.0,0.0,0.0,56.29331266478335,56.29331266478335,47.305304760322144,-0.0,-0.0,0.0,17.958647901875775,216.01759080603304,197.45796244242007,idle,1.943407729393189,2026-08-02
2026-08-02 22:55:00,VIC1,-1.1,-0.0011,0.0,0.0,0.0,0.0,0.0,0.0,56.29331266478335,56.29331266478335,47.305304760322144,-0.0,-0.0,0.0,17.958647901875775,216.01759080603304,197.45796244242007,idle,1.943407729393189,2026-08-02
2026-08-02 23:00:00,VIC1,-1.0997,-0.0010997,0.0,0.0,0.0,0.0,0.0,0.0,56.29331266478335,56.29331266478335,47.305304760322144,-0.0,-0.0,0.0,17.958647901875775,216.01759080603304,197.45796244242007,idle,1.943407729393189,2026-08-02
2026-08-02 23:05:00,VIC1,8.94005,0.00894005,0.0,0.0,0.0,0.0,0.0,0.0,56.29331266478335,56.29331266478335,47.305304760322144,0.0,0.0,0.0,17.958647901875775,216.01759080603304,197.45796244242007,idle,1.943407729393189,2026-08-02
2026-08-02 23:10:00,VIC1,22.67,0.022670000000000003,0.0,69.0,0.0,5.75,0.0,6.061032181989394,56.29331266478335,50.23228048279395,42.212000405709205,0.0,0.1303525,0.1303525,18.089000401875776,216.01759080603304,203.20796244242007,discharge,1.9999999999999996,2026-08-02
2026-08-02 23:15:00,VIC1,8.94,0.00894,0.0,0.0,0.0,0.0,0.0,0.0,50.23228048279395,50.23228048279395,42.212000405709205,0.0,0.0,0.0,18.089000401875776,216.01759080603304,203.20796244242007,idle,1.9999999999999996,2026-08-02
2026-08-02 23:20:00,VIC1,3.4,0.0034,0.0,0.0,0.0,0.0,0.0,0.0,50.23228048279395,50.23228048279395,42.212000405709205,0.0,0.0,0.0,18.089000401875776,216.01759080603304,203.20796244242007,idle,1.9999999999999996,2026-08-02
2026-08-02 23:25:00,VIC1,5.08,0.00508,0.0,0.0,0.0,0.0,0.0,0.0,50.23228048279395,50.23228048279395,42.212000405709205,0.0,0.0,0.0,18.089000401875776,216.01759080603304,203.20796244242007,idle,1.9999999999999996,2026-08-02
2026-08-02 23:30:00,VIC1,5.08,0.00508,0.0,0.0,0.0,0.0,0.0,0.0,50.23228048279395,50.23228048279395,42.212000405709205,0.0,0.0,0.0,18.089000401875776,216.01759080603304,203.20796244242007,idle,1.9999999999999996,2026-08-02
2026-08-02 23:35:00,VIC1,5.08,0.00508,0.0,0.0,0.0,0.0,0.0,0.0,50.23228048279395,50.23228048279395,42.212000405709205,0.0,0.0,0.0,18.089000401875776,216.01759080603304,203.20796244242007,idle,1.9999999999999996,2026-08-02
2026-08-02 23:40:00,VIC1,5.08,0.00508,0.0,0.0,0.0,0.0,0.0,0.0,50.23228048279395,50.23228048279395,42.212000405709205,0.0,0.0,0.0,18.089000401875776,216.01759080603304,203.20796244242007,idle,1.9999999999999996,2026-08-02
2026-08-02 23:45:00,VIC1,9.93005,0.00993005,0.0,0.0,0.0,0.0,0.0,0.0,50.23228048279395,50.23228048279395,42.212000405709205,0.0,0.0,0.0,18.089000401875776,216.01759080603304,203.20796244242007,idle,1.9999999999999996,2026-08-02
2026-08-02 23:50:00,VIC1,8.94995,0.00894995,0.0,0.0,0.0,0.0,0.0,0.0,50.23228048279395,50.23228048279395,42.212000405709205,0.0,0.0,0.0,18.089000401875776,216.01759080603304,203.20796244242007,idle,1.9999999999999996,2026-08-02
2026-08-02 23:55:00,VIC1,8.94,0.00894,0.0,0.0,0.0,0.0,0.0,0.0,50.23228048279395,50.23228048279395,42.212000405709205,0.0,0.0,0.0,18.089000401875776,216.01759080603304,203.20796244242007,idle,1.9999999999999996,2026-08-02
2026-08-03 00:00:00,VIC1,8.94,0.00894,0.0,0.0,0.0,0.0,0.0,0.0,50.23228048279395,50.23228048279395,42.212000405709205,0.0,0.0,0.0,18.089000401875776,216.01759080603304,203.20796244242007,idle,1.9999999999999996,2026-08-02
2026-08-03 00:05:00,VIC1,8.94,0.00894,0.0,0.0,0.0,0.0,0.0,0.0,50.23228048279395,50.23228048279395,42.212000405709205,0.0,0.0,0.0,18.089000401875776,216.01759080603304,203.20796244242007,idle,1.9999999999999996,2026-08-03
2026-08-03 00:10:00,VIC1,4.98,0.004980000000000001,0.0,0.0,0.0,0.0,0.0,0.0,50.23228048279395,50.23228048279395,42.212000405709205,0.0,0.0,0.0,18.089000401875776,216.01759080603304,203.20796244242007,idle,1.9999999999999996,2026-08-03
2026-08-03 00:15:00,VIC1,8.78682,0.00878682,0.0,0.0,0.0,0.0,0.0,0.0,50.23228048279395,50.23228048279395,42.212000405709205,0.0,0.0,0.0,18.089000401875776,216.01759080603304,203.20796244242007,idle,1.9999999999999996,2026-08-03
2026-08-03 00:20:00,VIC1,3.4,0.0034,0.0,0.0,0.0,0.0,0.0,0.0,50.23228048279395,50.23228048279395,42.212000405709205,0.0,0.0,0.0,18.089000401875776,216.01759080603304,203.20796244242007,idle,1.9999999999999996,2026-08-03
2026-08-03 00:25:00,VIC1,-1.0997,-0.0010997,0.0,0.0,0.0,0.0,0.0,0.0,50.23228048279395,50.23228048279395,42.212000405709205,-0.0,-0.0,0.0,18.089000401875776,216.01759080603304,203.20796244242007,idle,1.9999999999999996,2026-08-03
2026-08-03 00:30:00,VIC1,0.01,1e-05,0.0,0.0,0.0,0.0,0.0,0.0,50.23228048279395,50.23228048279395,42.212000405709205,0.0,0.0,0.0,18.089000401875776,216.01759080603304,203.20796244242007,idle,1.9999999999999996,2026-08-03
2026-08-03 00:35:00,VIC1,8.94005,0.00894005,0.0,0.0,0.0,0.0,0.0,0.0,50.23228048279395,50.23228048279395,42.212000405709205,0.0,0.0,0.0,18.089000401875776,216.01759080603304,203.20796244242007,idle,1.9999999999999996,2026-08-03
2026-08-03 00:40:00,VIC1,8.94,0.00894,0.0,0.0,0.0,0.0,0.0,0.0,50.23228048279395,50.23228048279395,42.212000405709205,0.0,0.0,0.0,18.089000401875776,216.01759080603304,203.20796244242007,idle,1.9999999999999996,2026-08-03
2026-08-03 00:45:00,VIC1,10.03158,0.01003158,0.0,0.0,0.0,0.0,0.0,0.0,50.23228048279395,50.23228048279395,42.212000405709205,0.0,0.0,0.0,18.089000401875776,216.01759080603304,203.20796244242007,idle,1.9999999999999996,2026-08-03
2026-08-03 00:50:00,VIC1,8.94,0.00894,0.0,0.0,0.0,0.0,0.0,0.0,50.23228048279395,50.23228048279395,42.212000405709205,0.0,0.0,0.0,18.089000401875776,216.01759080603304,203.20796244242007,idle,1.9999999999999996,2026-08-03
2026-08-03 00:55:00,VIC1,8.94,0.00894,0.0,0.0,0.0,0.0,0.0,0.0,50.23228048279395,50.23228048279395,42.212000405709205,0.0,0.0,0.0,18.089000401875776,216.01759080603304,203.20796244242007,idle,1.9999999999999996,2026-08-03
2026-08-03 01:00:00,VIC1,5.08,0.00508,0.0,0.0,0.0,0.0,0.0,0.0,50.23228048279395,50.23228048279395,42.212000405709205,0.0,0.0,0.0,18.089000401875776,216.01759080603304,203.20796244242007,idle,1.9999999999999996,2026-08-03
2026-08-03 01:05:00,VIC1,5.08,0.00508,0.0,0.0,0.0,0.0,0.0,0.0,50.23228048279395,50.23228048279395,42.212000405709205,0.0,0.0,0.0,18.089000401875776,216.01759080603304,203.20796244242007,idle,1.9999999999999996,2026-08-03
2026-08-03 01:10:00,VIC1,8.94,0.00894,0.0,0.0,0.0,0.0,0.0,0.0,50.23228048279395,50.23228048279395,42.212000405709205,0.0,0.0,0.0,18.089000401875776,216.01759080603304,203.20796244242007,idle,1.9999999999999996,2026-08-03
2026-08-03 01:15:00,VIC1,-1.0997,-0.0010997,0.0,0.0,0.0,0.0,0.0,0.0,50.23228048279395,50.23228048279395,42.212000405709205,-0.0,-0.0,0.0,18.089000401875776,216.01759080603304,203.20796244242007,idle,1.9999999999999996,2026-08-03
2026-08-03 01:20:00,VIC1,-1.0997,-0.0010997,0.0,0.0,0.0,0.0,0.0,0.0,50.23228048279395,50.23228048279395,42.212000405709205,-0.0,-0.0,0.0,18.089000401875776,216.01759080603304,203.20796244242007,idle,1.9999999999999996,2026-08-03
2026-08-03 01:25:00,VIC1,8.94005,0.00894005,0.0,0.0,0.0,0.0,0.0,0.0,50.23228048279395,50.23228048279395,42.212000405709205,0.0,0.0,0.0,18.089000401875776,216.01759080603304,203.20796244242007,idle,1.9999999999999996,2026-08-03
2026-08-03 01:30:00,VIC1,0.67,0.00067,0.0,0.0,0.0,0.0,0.0,0.0,50.23228048279395,50.23228048279395,42.212000405709205,0.0,0.0,0.0,18.089000401875776,216.01759080603304,203.20796244242007,idle,1.9999999999999996,2026-08-03
2026-08-03 01:35:00,VIC1,0.01,1e-05,0.0,0.0,0.0,0.0,0.0,0.0,50.23228048279395,50.23228048279395,42.212000405709205,0.0,0.0,0.0,18.089000401875776,216.01759080603304,203.20796244242007,idle,1.9999999999999996,2026-08-03
2026-08-03 01:40:00,VIC1,0.67,0.00067,0.0,0.0,0.0,0.0,0.0,0.0,50.23228048279395,50.23228048279395,42.212000405709205,0.0,0.0,0.0,18.089000401875776,216.01759080603304,203.20796244242007,idle,1.9999999999999996,2026-08-03
2026-08-03 01:45:00,VIC1,0.62,0.00062,0.0,0.0,0.0,0.0,0.0,0.0,50.23228048279395,50.23228048279395,42.212000405709205,0.0,0.0,0.0,18.089000401875776,216.01759080603304,203.20796244242007,idle,1.9999999999999996,2026-08-03
2026-08-03 01:50:00,VIC1,5.08,0.00508,0.0,0.0,0.0,0.0,0.0,0.0,50.23228048279395,50.23228048279395,42.212000405709205,0.0,0.0,0.0,18.089000401875776,216.01759080603304,203.20796244242007,idle,1.9999999999999996,2026-08-03
2026-08-03 01:55:00,VIC1,5.08,0.00508,0.0,0.0,0.0,0.0,0.0,0.0,50.23228048279395,50.23228048279395,42.212000405709205,0.0,0.0,0.0,18.089000401875776,216.01759080603304,203.20796244242007,idle,1.9999999999999996,2026-08-03
2026-08-03 02:00:00,VIC1,0.64,0.00064,0.0,0.0,0.0,0.0,0.0,0.0,50.23228048279395,50.23228048279395,42.212000405709205,0.0,0.0,0.0,18.089000401875776,216.01759080603304,203.20796244242007,idle,1.9999999999999996,2026-08-03
2026-08-03 02:05:00,VIC1,0.64,0.00064,0.0,0.0,0.0,0.0,0.0,0.0,50.23228048279395,50.23228048279395,42.212000405709205,0.0,0.0,0.0,18.089000401875776,216.01759080603304,203.20796244242007,idle,1.9999999999999996,2026-08-03
2026-08-03 02:10:00,VIC1,0.07,7.000000000000001e-05,0.0,0.0,0.0,0.0,0.0,0.0,50.23228048279395,50.23228048279395,42.212000405709205,0.0,0.0,0.0,18.089000401875776,216.01759080603304,203.20796244242007,idle,1.9999999999999996,2026-08-03
2026-08-03 02:15:00,VIC1,0.80895,0.00080895,0.0,0.0,0.0,0.0,0.0,0.0,50.23228048279395,50.23228048279395,42.212000405709205,0.0,0.0,0.0,18.089000401875776,216.01759080603304,203.20796244242007,idle,1.9999999999999996,2026-08-03
2026-08-03 02:20:00,VIC1,0.08125,8.125000000000001e-05,0.0,0.0,0.0,0.0,0.0,0.0,50.23228048279395,50.23228048279395,42.212000405709205,0.0,0.0,0.0,18.089000401875776,216.01759080603304,203.20796244242007,idle,1.9999999999999996,2026-08-03
2026-08-03 02:25:00,VIC1,0.62,0.00062,0.0,0.0,0.0,0.0,0.0,0.0,50.23228048279395,50.23228048279395,42.212000405709205,0.0,0.0,0.0,18.089000401875776,216.01759080603304,203.20796244242007,idle,1.9999999999999996,2026-08-03
2026-08-03 02:30:00,VIC1,0.07,7.000000000000001e-05,0.0,0.0,0.0,0.0,0.0,0.0,50.23228048279395,50.23228048279395,42.212000405709205,0.0,0.0,0.0,18.089000401875776,216.01759080603304,203.20796244242007,idle,1.9999999999999996,2026-08-03
2026-08-03 02:35:00,VIC1,0.67,0.00067,0.0,0.0,0.0,0.0,0.0,0.0,50.23228048279395,50.23228048279395,42.212000405709205,0.0,0.0,0.0,18.089000401875776,216.01759080603304,203.20796244242007,idle,1.9999999999999996,2026-08-03
2026-08-03 02:40:00,VIC1,0.07,7.000000000000001e-05,0.0,0.0,0.0,0.0,0.0,0.0,50.23228048279395,50.23228048279395,42.212000405709205,0.0,0.0,0.0,18.089000401875776,216.01759080603304,203.20796244242007,idle,1.9999999999999996,2026-08-03
2026-08-03 02:45:00,VIC1,0.07,7.000000000000001e-05,0.0,0.0,0.0,0.0,0.0,0.0,50.23228048279395,50.23228048279395,42.212000405709205,0.0,0.0,0.0,18.089000401875776,216.01759080603304,203.20796244242007,idle,1.9999999999999996,2026-08-03
2026-08-03 02:50:00,VIC1,0.01,1e-05,0.0,0.0,0.0,0.0,0.0,0.0,50.23228048279395,50.23228048279395,42.212000405709205,0.0,0.0,0.0,18.089000401875776,216.01759080603304,203.20796244242007,idle,1.9999999999999996,2026-08-03
2026-08-03 02:55:00,VIC1,0.07,7.000000000000001e-05,0.0,0.0,0.0,0.0,0.0,0.0,50.23228048279395,50.23228048279395,42.212000405709205,0.0,0.0,0.0,18.089000401875776,216.01759080603304,203.20796244242007,idle,1.9999999999999996,2026-08-03
2026-08-03 03:00:00,VIC1,-0.09,-8.999999999999999e-05,0.0,0.0,0.0,0.0,0.0,0.0,50.23228048279395,50.23228048279395,42.212000405709205,-0.0,-0.0,0.0,18.089000401875776,216.01759080603304,203.20796244242007,idle,1.9999999999999996,2026-08-03
2026-08-03 03:05:00,VIC1,-1.1,-0.0011,0.0,0.0,0.0,0.0,0.0,0.0,50.23228048279395,50.23228048279395,42.212000405709205,-0.0,-0.0,0.0,18.089000401875776,216.01759080603304,203.20796244242007,idle,1.9999999999999996,2026-08-03
2026-08-03 03:10:00,VIC1,-1.0997,-0.0010997,0.0,0.0,0.0,0.0,0.0,0.0,50.23228048279395,50.23228048279395,42.212000405709205,-0.0,-0.0,0.0,18.089000401875776,216.01759080603304,203.20796244242007,idle,1.9999999999999996,2026-08-03
2026-08-03 03:15:00,VIC1,-1.0997,-0.0010997,0.0,0.0,0.0,0.0,0.0,0.0,50.23228048279395,50.23228048279395,42.212000405709205,-0.0,-0.0,0.0,18.089000401875776,216.01759080603304,203.20796244242007,idle,1.9999999999999996,2026-08-03
2026-08-03 03:20:00,VIC1,-1.0997,-0.0010997,0.0,0.0,0.0,0.0,0.0,0.0,50.23228048279395,50.23228048279395,42.212000405709205,-0.0,-0.0,0.0,18.089000401875776,216.01759080603304,203.20796244242007,idle,1.9999999999999996,2026-08-03
2026-08-03 03:25:00,VIC1,0.01,1e-05,0.0,0.0,0.0,0.0,0.0,0.0,50.23228048279395,50.23228048279395,42.212000405709205,0.0,0.0,0.0,18.089000401875776,216.01759080603304,203.20796244242007,idle,1.9999999999999996,2026-08-03
2026-08-03 03:30:00,VIC1,2.59,0.00259,0.0,0.0,0.0,0.0,0.0,0.0,50.23228048279395,50.23228048279395,42.212000405709205,0.0,0.0,0.0,18.089000401875776,216.01759080603304,203.20796244242007,idle,1.9999999999999996,2026-08-03
2026-08-03 03:35:00,VIC1,4.93,0.0049299999999999995,0.0,0.0,0.0,0.0,0.0,0.0,50.23228048279395,50.23228048279395,42.212000405709205,0.0,0.0,0.0,18.089000401875776,216.01759080603304,203.20796244242007,idle,1.9999999999999996,2026-08-03
2026-08-03 03:40:00,VIC1,3.39,0.0033900000000000002,0.0,0.0,0.0,0.0,0.0,0.0,50.23228048279395,50.23228048279395,42.212000405709205,0.0,0.0,0.0,18.089000401875776,216.01759080603304,203.20796244242007,idle,1.9999999999999996,2026-08-03
2026-08-03 03:45:00,VIC1,1.42,0.00142,0.0,0.0,0.0,0.0,0.0,0.0,50.23228048279395,50.23228048279395,42.212000405709205,0.0,0.0,0.0,18.089000401875776,216.01759080603304,203.20796244242007,idle,1.9999999999999996,2026-08-03
2026-08-03 03:50:00,VIC1,8.94005,0.00894005,0.0,0.0,0.0,0.0,0.0,0.0,50.23228048279395,50.23228048279395,42.212000405709205,0.0,0.0,0.0,18.089000401875776,216.01759080603304,203.20796244242007,idle,1.9999999999999996,2026-08-03
2026-08-03 03:55:00,VIC1,9.46577,0.00946577,0.0,0.0,0.0,0.0,0.0,0.0,50.23228048279395,50.23228048279395,42.212000405709205,0.0,0.0,0.0,18.089000401875776,216.01759080603304,203.20796244242007,idle,1.9999999999999996,2026-08-03
2026-08-03 04:00:00,VIC1,5.08,0.00508,0.0,0.0,0.0,0.0,0.0,0.0,50.23228048279395,50.23228048279395,42.212000405709205,0.0,0.0,0.0,18.089000401875776,216.01759080603304,203.20796244242007,idle,1.9999999999999996,2026-08-03
2026-08-03 04:05:00,VIC1,4.27363,0.00427363,0.0,0.0,0.0,0.0,0.0,0.0,50.23228048279395,50.23228048279395,42.212000405709205,0.0,0.0,0.0,18.089000401875776,216.01759080603304,203.20796244242007,idle,1.9999999999999996,2026-08-03
2026-08-03 04:10:00,VIC1,1.22014,0.00122014,0.0,0.0,0.0,0.0,0.0,0.0,50.23228048279395,50.23228048279395,42.212000405709205,0.0,0.0,0.0,18.089000401875776,216.01759080603304,203.20796244242007,idle,1.9999999999999996,2026-08-03
2026-08-03 04:15:00,VIC1,0.14423,0.00014423,0.0,0.0,0.0,0.0,0.0,0.0,50.23228048279395,50.23228048279395,42.212000405709205,0.0,0.0,0.0,18.089000401875776,216.01759080603304,203.20796244242007,idle,1.9999999999999996,2026-08-03
2026-08-03 04:20:00,VIC1,3.63,0.00363,0.0,0.0,0.0,0.0,0.0,0.0,50.23228048279395,50.23228048279395,42.212000405709205,0.0,0.0,0.0,18.089000401875776,216.01759080603304,203.20796244242007,idle,1.9999999999999996,2026-08-03
2026-08-03 04:25:00,VIC1,0.1649,0.0001649,0.0,0.0,0.0,0.0,0.0,0.0,50.23228048279395,50.23228048279395,42.212000405709205,0.0,0.0,0.0,18.089000401875776,216.01759080603304,203.20796244242007,idle,1.9999999999999996,2026-08-03
2026-08-03 04:30:00,VIC1,-1.0997,-0.0010997,0.0,0.0,0.0,0.0,0.0,0.0,50.23228048279395,50.23228048279395,42.212000405709205,-0.0,-0.0,0.0,18.089000401875776,216.01759080603304,203.20796244242007,idle,1.9999999999999996,2026-08-03
2026-08-03 04:35:00,VIC1,-0.62771,-0.00062771,0.0,0.0,0.0,0.0,0.0,0.0,50.23228048279395,50.23228048279395,42.212000405709205,-0.0,-0.0,0.0,18.089000401875776,216.01759080603304,203.20796244242007,idle,1.9999999999999996,2026-08-03
2026-08-03 04:40:00,VIC1,-0.62394,-0.00062394,0.0,0.0,0.0,0.0,0.0,0.0,50.23228048279395,50.23228048279395,42.212000405709205,-0.0,-0.0,0.0,18.089000401875776,216.01759080603304,203.20796244242007,idle,1.9999999999999996,2026-08-03
2026-08-03 04:45:00,VIC1,0.01,1e-05,0.0,0.0,0.0,0.0,0.0,0.0,50.23228048279395,50.23228048279395,42.212000405709205,0.0,0.0,0.0,18.089000401875776,216.01759080603304,203.20796244242007,idle,1.9999999999999996,2026-08-03
2026-08-03 04:50:00,VIC1,0.00026,2.6e-07,0.0,0.0,0.0,0.0,0.0,0.0,50.23228048279395,50.23228048279395,42.212000405709205,0.0,0.0,0.0,18.089000401875776,216.01759080603304,203.20796244242007,idle,1.9999999999999996,2026-08-03
2026-08-03 04:55:00,VIC1,1.44595,0.00144595,0.0,0.0,0.0,0.0,0.0,0.0,50.23228048279395,50.23228048279395,42.212000405709205,0.0,0.0,0.0,18.089000401875776,216.01759080603304,203.20796244242007,idle,1.9999999999999996,2026-08-03
2026-08-03 05:00:00,VIC1,3.33,0.00333,0.0,0.0,0.0,0.0,0.0,0.0,50.23228048279395,50.23228048279395,42.212000405709205,0.0,0.0,0.0,18.089000401875776,216.01759080603304,203.20796244242007,idle,1.9999999999999996,2026-08-03
2026-08-03 05:05:00,VIC1,-2e-05,-2e-08,0.0,0.0,0.0,0.0,0.0,0.0,50.23228048279395,50.23228048279395,42.212000405709205,-0.0,-0.0,0.0,18.089000401875776,216.01759080603304,203.20796244242007,idle,1.9999999999999996,2026-08-03
2026-08-03 05:10:00,VIC1,0.01,1e-05,0.0,0.0,0.0,0.0,0.0,0.0,50.23228048279395,50.23228048279395,42.212000405709205,0.0,0.0,0.0,18.089000401875776,216.01759080603304,203.20796244242007,idle,1.9999999999999996,2026-08-03
2026-08-03 05:15:00,VIC1,0.16348,0.00016348,0.0,0.0,0.0,0.0,0.0,0.0,50.23228048279395,50.23228048279395,42.212000405709205,0.0,0.0,0.0,18.089000401875776,216.01759080603304,203.20796244242007,idle,1.9999999999999996,2026-08-03
2026-08-03 05:20:00,VIC1,0.01,1e-05,0.0,0.0,0.0,0.0,0.0,0.0,50.23228048279395,50.23228048279395,42.212000405709205,0.0,0.0,0.0,18.089000401875776,216.01759080603304,203.20796244242007,idle,1.9999999999999996,2026-08-03
2026-08-03 05:25:00,VIC1,-1.0997,-0.0010997,0.0,0.0,0.0,0.0,0.0,0.0,50.23228048279395,50.23228048279395,42.212000405709205,-0.0,-0.0,0.0,18.089000401875776,216.01759080603304,203.20796244242007,idle,1.9999999999999996,2026-08-03
2026-08-03 05:30:00,VIC1,0.01,1e-05,0.0,0.0,0.0,0.0,0.0,0.0,50.23228048279395,50.23228048279395,42.212000405709205,0.0,0.0,0.0,18.089000401875776,216.01759080603304,203.20796244242007,idle,1.9999999999999996,2026-08-03
2026-08-03 05:35:00,VIC1,-1.0997,-0.0010997,0.0,0.0,0.0,0.0,0.0,0.0,50.23228048279395,50.23228048279395,42.212000405709205,-0.0,-0.0,0.0,18.089000401875776,216.01759080603304,203.20796244242007,idle,1.9999999999999996,2026-08-03
2026-08-03 05:40:00,VIC1,0.01,1e-05,0.0,0.0,0.0,0.0,0.0,0.0,50.23228048279395,50.23228048279395,42.212000405709205,0.0,0.0,0.0,18.089000401875776,216.01759080603304,203.20796244242007,idle,1.9999999999999996,2026-08-03
2026-08-03 05:45:00,VIC1,-1.0997,-0.0010997,0.0,0.0,0.0,0.0,0.0,0.0,50.23228048279395,50.23228048279395,42.212000405709205,-0.0,-0.0,0.0,18.089000401875776,216.01759080603304,203.20796244242007,idle,1.9999999999999996,2026-08-03
2026-08-03 05:50:00,VIC1,0.01,1e-05,0.0,0.0,0.0,0.0,0.0,0.0,50.23228048279395,50.23228048279395,42.212000405709205,0.0,0.0,0.0,18.089000401875776,216.01759080603304,203.20796244242007,idle,1.9999999999999996,2026-08-03
2026-08-03 05:55:00,VIC1,0.01,1e-05,0.0,0.0,0.0,0.0,0.0,0.0,50.23228048279395,50.23228048279395,42.212000405709205,0.0,0.0,0.0,18.089000401875776,216.01759080603304,203.20796244242007,idle,1.9999999999999996,2026-08-03
2026-08-03 06:00:00,VIC1,0.01,1e-05,0.0,0.0,0.0,0.0,0.0,0.0,50.23228048279395,50.23228048279395,42.212000405709205,0.0,0.0,0.0,18.089000401875776,216.01759080603304,203.20796244242007,idle,1.9999999999999996,2026-08-03
2026-08-03 06:05:00,VIC1,5.08,0.00508,0.0,0.0,0.0,0.0,0.0,0.0,50.23228048279395,50.23228048279395,42.212000405709205,0.0,0.0,0.0,18.089000401875776,216.01759080603304,203.20796244242007,idle,1.9999999999999996,2026-08-03
2026-08-03 06:10:00,VIC1,9.7,0.0097,0.0,0.0,0.0,0.0,0.0,0.0,50.23228048279395,50.23228048279395,42.212000405709205,0.0,0.0,0.0,18.089000401875776,216.01759080603304,203.20796244242007,idle,1.9999999999999996,2026-08-03
2026-08-03 06:15:00,VIC1,22.67,0.022670000000000003,0.0,0.0,0.0,0.0,0.0,0.0,50.23228048279395,50.23228048279395,42.212000405709205,0.0,0.0,0.0,18.089000401875776,216.01759080603304,203.20796244242007,idle,1.9999999999999996,2026-08-03
2026-08-03 06:20:00,VIC1,22.67,0.022670000000000003,0.0,0.0,0.0,0.0,0.0,0.0,50.23228048279395,50.23228048279395,42.212000405709205,0.0,0.0,0.0,18.089000401875776,216.01759080603304,203.20796244242007,idle,1.9999999999999996,2026-08-03
2026-08-03 06:25:00,VIC1,10.5,0.0105,0.0,0.0,0.0,0.0,0.0,0.0,50.23228048279395,50.23228048279395,42.212000405709205,0.0,0.0,0.0,18.089000401875776,216.01759080603304,203.20796244242007,idle,1.9999999999999996,2026-08-03
2026-08-03 06:30:00,VIC1,10.50021,0.01050021,0.0,0.0,0.0,0.0,0.0,0.0,50.23228048279395,50.23228048279395,42.212000405709205,0.0,0.0,0.0,18.089000401875776,216.01759080603304,203.20796244242007,idle,1.9999999999999996,2026-08-03
2026-08-03 06:35:00,VIC1,22.67,0.022670000000000003,0.0,0.0,0.0,0.0,0.0,0.0,50.23228048279395,50.23228048279395,42.212000405709205,0.0,0.0,0.0,18.089000401875776,216.01759080603304,203.20796244242007,idle,1.9999999999999996,2026-08-03
2026-08-03 06:40:00,VIC1,22.67,0.022670000000000003,0.0,0.0,0.0,0.0,0.0,0.0,50.23228048279395,50.23228048279395,42.212000405709205,0.0,0.0,0.0,18.089000401875776,216.01759080603304,203.20796244242007,idle,1.9999999999999996,2026-08-03
2026-08-03 06:45:00,VIC1,22.67,0.022670000000000003,0.0,0.0,0.0,0.0,0.0,0.0,50.23228048279395,50.23228048279395,42.212000405709205,0.0,0.0,0.0,18.089000401875776,216.01759080603304,203.20796244242007,idle,1.9999999999999996,2026-08-03
2026-08-03 06:50:00,VIC1,54.48,0.05448,0.0,-0.0,0.0,-0.0,0.0,-0.0,50.23228048279395,50.23228048279395,42.212000405709205,0.0,-0.0,-0.0,18.089000401875776,216.01759080603304,203.20796244242007,idle,1.9999999999999996,2026-08-03
2026-08-03 06:55:00,VIC1,22.67,0.022670000000000003,0.0,0.0,0.0,0.0,0.0,0.0,50.23228048279395,50.23228048279395,42.212000405709205,0.0,0.0,0.0,18.089000401875776,216.01759080603304,203.20796244242007,idle,1.9999999999999996,2026-08-03
2026-08-03 07:00:00,VIC1,10.50026,0.01050026,0.0,0.0,0.0,0.0,0.0,0.0,50.23228048279395,50.23228048279395,42.212000405709205,0.0,0.0,0.0,18.089000401875776,216.01759080603304,203.20796244242007,idle,1.9999999999999996,2026-08-03
2026-08-03 07:05:00,VIC1,10.49948,0.01049948,0.0,0.0,0.0,0.0,0.0,0.0,50.23228048279395,50.23228048279395,42.212000405709205,0.0,0.0,0.0,18.089000401875776,216.01759080603304,203.20796244242007,idle,1.9999999999999996,2026-08-03
2026-08-03 07:10:00,VIC1,10.50026,0.01050026,0.0,0.0,0.0,0.0,0.0,0.0,50.23228048279395,50.23228048279395,42.212000405709205,0.0,0.0,0.0,18.089000401875776,216.01759080603304,203.20796244242007,idle,1.9999999999999996,2026-08-03
2026-08-03 07:15:00,VIC1,29.33439,0.02933439,0.0,0.0,0.0,0.0,0.0,0.0,50.23228048279395,50.23228048279395,42.212000405709205,0.0,0.0,0.0,18.089000401875776,216.01759080603304,203.20796244242007,idle,1.9999999999999996,2026-08-03
2026-08-03 07:20:00,VIC1,29.97815,0.02997815,0.0,0.0,0.0,0.0,0.0,0.0,50.23228048279395,50.23228048279395,42.212000405709205,0.0,0.0,0.0,18.089000401875776,216.01759080603304,203.20796244242007,idle,1.9999999999999996,2026-08-03
2026-08-03 07:25:00,VIC1,33.39165,0.03339165,0.0,0.0,0.0,0.0,0.0,0.0,50.23228048279395,50.23228048279395,42.212000405709205,0.0,0.0,0.0,18.089000401875776,216.01759080603304,203.20796244242007,idle,1.9999999999999996,2026-08-03
2026-08-03 07:30:00,VIC1,35.02662,0.03502662,0.0,0.0,0.0,0.0,0.0,0.0,50.23228048279395,50.23228048279395,42.212000405709205,0.0,0.0,0.0,18.089000401875776,216.01759080603304,203.20796244242007,idle,1.9999999999999996,2026-08-03
2026-08-03 07:35:00,VIC1,29.77438,0.029774380000000003,0.0,0.0,0.0,0.0,0.0,0.0,50.23228048279395,50.23228048279395,42.212000405709205,0.0,0.0,0.0,18.089000401875776,216.01759080603304,203.20796244242007,idle,1.9999999999999996,2026-08-03
2026-08-03 07:40:00,VIC1,31.67617,0.03167617,0.0,0.0,0.0,0.0,0.0,0.0,50.23228048279395,50.23228048279395,42.212000405709205,0.0,0.0,0.0,18.089000401875776,216.01759080603304,203.20796244242007,idle,1.9999999999999996,2026-08-03
2026-08-03 07:45:00,VIC1,31.61179,0.03161179,0.0,0.0,0.0,0.0,0.0,0.0,50.23228048279395,50.23228048279395,42.212000405709205,0.0,0.0,0.0,18.089000401875776,216.01759080603304,203.20796244242007,idle,1.9999999999999996,2026-08-03
2026-08-03 07:50:00,VIC1,35.50835,0.03550835,0.0,0.0,0.0,0.0,0.0,0.0,50.23228048279395,50.23228048279395,42.212000405709205,0.0,0.0,0.0,18.089000401875776,216.01759080603304,203.20796244242007,idle,1.9999999999999996,2026-08-03
2026-08-03 07:55:00,VIC1,28.30102,0.028301020000000003,0.0,0.0,0.0,0.0,0.0,0.0,50.23228048279395,50.23228048279395,42.212000405709205,0.0,0.0,0.0,18.089000401875776,216.01759080603304,203.20796244242007,idle,1.9999999999999996,2026-08-03
2026-08-03 08:00:00,VIC1,10.65002,0.01065002,0.0,0.0,0.0,0.0,0.0,0.0,50.23228048279395,50.23228048279395,42.212000405709205,0.0,0.0,0.0,18.089000401875776,216.01759080603304,203.20796244242007,idle,1.9999999999999996,2026-08-03
2026-08-03 08:05:00,VIC1,10.5,0.0105,0.0,0.0,0.0,0.0,0.0,0.0,50.23228048279395,50.23228048279395,42.212000405709205,0.0,0.0,0.0,18.089000401875776,216.01759080603304,203.20796244242007,idle,1.9999999999999996,2026-08-03
2026-08-03 08:10:00,VIC1,12.57005,0.012570050000000001,0.0,0.0,0.0,0.0,0.0,0.0,50.23228048279395,50.23228048279395,42.212000405709205,0.0,0.0,0.0,18.089000401875776,216.01759080603304,203.20796244242007,idle,1.9999999999999996,2026-08-03
2026-08-03 08:15:00,VIC1,-1.0997,-0.0010997,0.0,0.0,0.0,0.0,0.0,0.0,50.23228048279395,50.23228048279395,42.212000405709205,-0.0,-0.0,0.0,18.089000401875776,216.01759080603304,203.20796244242007,idle,1.9999999999999996,2026-08-03
2026-08-03 08:20:00,VIC1,8.93994,0.00893994,0.0,0.0,0.0,0.0,0.0,0.0,50.23228048279395,50.23228048279395,42.212000405709205,0.0,0.0,0.0,18.089000401875776,216.01759080603304,203.20796244242007,idle,1.9999999999999996,2026-08-03
2026-08-03 08:25:00,VIC1,4.08,0.00408,0.0,0.0,0.0,0.0,0.0,0.0,50.23228048279395,50.23228048279395,42.212000405709205,0.0,0.0,0.0,18.089000401875776,216.01759080603304,203.20796244242007,idle,1.9999999999999996,2026-08-03
2026-08-03 08:30:00,VIC1,0.01,1e-05,0.0,0.0,0.0,0.0,0.0,0.0,50.23228048279395,50.23228048279395,42.212000405709205,0.0,0.0,0.0,18.089000401875776,216.01759080603304,203.20796244242007,idle,1.9999999999999996,2026-08-03
2026-08-03 08:35:00,VIC1,0.01,1e-05,0.0,0.0,0.0,0.0,0.0,0.0,50.23228048279395,50.23228048279395,42.212000405709205,0.0,0.0,0.0,18.089000401875776,216.01759080603304,203.20796244242007,idle,1.9999999999999996,2026-08-03
2026-08-03 08:40:00,VIC1,-1.1,-0.0011,0.0,0.0,0.0,0.0,0.0,0.0,50.23228048279395,50.23228048279395,42.212000405709205,-0.0,-0.0,0.0,18.089000401875776,216.01759080603304,203.20796244242007,idle,1.9999999999999996,2026-08-03
2026-08-03 08:45:00,VIC1,-1.1,-0.0011,0.0,0.0,0.0,0.0,0.0,0.0,50.23228048279395,50.23228048279395,42.212000405709205,-0.0,-0.0,0.0,18.089000401875776,216.01759080603304,203.20796244242007,idle,1.9999999999999996,2026-08-03
2026-08-03 08:50:00,VIC1,-1.0997,-0.0010997,0.0,0.0,0.0,0.0,0.0,0.0,50.23228048279395,50.23228048279395,42.212000405709205,-0.0,-0.0,0.0,18.089000401875776,216.01759080603304,203.20796244242007,idle,1.9999999999999996,2026-08-03
2026-08-03 08:55:00,VIC1,-1.15,-0.00115,0.0,0.0,0.0,0.0,0.0,0.0,50.23228048279395,50.23228048279395,42.212000405709205,-0.0,-0.0,0.0,18.089000401875776,216.01759080603304,203.20796244242007,idle,1.9999999999999996,2026-08-03
2026-08-03 09:00:00,VIC1,-1.1,-0.0011,0.0,0.0,0.0,0.0,0.0,0.0,50.23228048279395,50.23228048279395,42.212000405709205,-0.0,-0.0,0.0,18.089000401875776,216.01759080603304,203.20796244242007,idle,1.9999999999999996,2026-08-03
2026-08-03 09:05:00,VIC1,-1.1,-0.0011,0.0,0.0,0.0,0.0,0.0,0.0,50.23228048279395,50.23228048279395,42.212000405709205,-0.0,-0.0,0.0,18.089000401875776,216.01759080603304,203.20796244242007,idle,1.9999999999999996,2026-08-03
2026-08-03 09:10:00,VIC1,0.01,1e-05,0.0,0.0,0.0,0.0,0.0,0.0,50.23228048279395,50.23228048279395,42.212000405709205,0.0,0.0,0.0,18.089000401875776,216.01759080603304,203.20796244242007,idle,1.9999999999999996,2026-08-03
2026-08-03 09:15:00,VIC1,-1.0997,-0.0010997,0.0,0.0,0.0,0.0,0.0,0.0,50.23228048279395,50.23228048279395,42.212000405709205,-0.0,-0.0,0.0,18.089000401875776,216.01759080603304,203.20796244242007,idle,1.9999999999999996,2026-08-03
2026-08-03 09:20:00,VIC1,-1.1,-0.0011,0.0,0.0,0.0,0.0,0.0,0.0,50.23228048279395,50.23228048279395,42.212000405709205,-0.0,-0.0,0.0,18.089000401875776,216.01759080603304,203.20796244242007,idle,1.9999999999999996,2026-08-03
2026-08-03 09:25:00,VIC1,-1.1,-0.0011,0.0,0.0,0.0,0.0,0.0,0.0,50.23228048279395,50.23228048279395,42.212000405709205,-0.0,-0.0,0.0,18.089000401875776,216.01759080603304,203.20796244242007,idle,1.9999999999999996,2026-08-03
2026-08-03 09:30:00,VIC1,-1.1,-0.0011,0.0,0.0,0.0,0.0,0.0,0.0,50.23228048279395,50.23228048279395,42.212000405709205,-0.0,-0.0,0.0,18.089000401875776,216.01759080603304,203.20796244242007,idle,1.9999999999999996,2026-08-03
2026-08-03 09:35:00,VIC1,-1.1,-0.0011,0.0,0.0,0.0,0.0,0.0,0.0,50.23228048279395,50.23228048279395,42.212000405709205,-0.0,-0.0,0.0,18.089000401875776,216.01759080603304,203.20796244242007,idle,1.9999999999999996,2026-08-03
2026-08-03 09:40:00,VIC1,-1.1,-0.0011,0.0,0.0,0.0,0.0,0.0,0.0,50.23228048279395,50.23228048279395,42.212000405709205,-0.0,-0.0,0.0,18.089000401875776,216.01759080603304,203.20796244242007,idle,1.9999999999999996,2026-08-03
2026-08-03 09:45:00,VIC1,-1.1,-0.0011,0.0,0.0,0.0,0.0,0.0,0.0,50.23228048279395,50.23228048279395,42.212000405709205,-0.0,-0.0,0.0,18.089000401875776,216.01759080603304,203.20796244242007,idle,1.9999999999999996,2026-08-03
2026-08-03 09:50:00,VIC1,-1.1,-0.0011,0.0,0.0,0.0,0.0,0.0,0.0,50.23228048279395,50.23228048279395,42.212000405709205,-0.0,-0.0,0.0,18.089000401875776,216.01759080603304,203.20796244242007,idle,1.9999999999999996,2026-08-03
2026-08-03 09:55:00,VIC1,-1.15,-0.00115,0.0,0.0,0.0,0.0,0.0,0.0,50.23228048279395,50.23228048279395,42.212000405709205,-0.0,-0.0,0.0,18.089000401875776,216.01759080603304,203.20796244242007,idle,1.9999999999999996,2026-08-03
2026-08-03 10:00:00,VIC1,-1.1,-0.0011,0.0,0.0,0.0,0.0,0.0,0.0,50.23228048279395,50.23228048279395,42.212000405709205,-0.0,-0.0,0.0,18.089000401875776,216.01759080603304,203.20796244242007,idle,1.9999999999999996,2026-08-03
2026-08-03 10:05:00,VIC1,-1.15,-0.00115,0.0,0.0,0.0,0.0,0.0,0.0,50.23228048279395,50.23228048279395,42.212000405709205,-0.0,-0.0,0.0,18.089000401875776,216.01759080603304,203.20796244242007,idle,1.9999999999999996,2026-08-03
2026-08-03 10:10:00,VIC1,-1.1,-0.0011,0.0,0.0,0.0,0.0,0.0,0.0,50.23228048279395,50.23228048279395,42.212000405709205,-0.0,-0.0,0.0,18.089000401875776,216.01759080603304,203.20796244242007,idle,1.9999999999999996,2026-08-03
2026-08-03 10:15:00,VIC1,-1.15,-0.00115,0.0,0.0,0.0,0.0,0.0,0.0,50.23228048279395,50.23228048279395,42.212000405709205,-0.0,-0.0,0.0,18.089000401875776,216.01759080603304,203.20796244242007,idle,1.9999999999999996,2026-08-03
2026-08-03 10:20:00,VIC1,-1.15,-0.00115,0.0,0.0,0.0,0.0,0.0,0.0,50.23228048279395,50.23228048279395,42.212000405709205,-0.0,-0.0,0.0,18.089000401875776,216.01759080603304,203.20796244242007,idle,1.9999999999999996,2026-08-03
2026-08-03 10:25:00,VIC1,-1.15,-0.00115,0.0,0.0,0.0,0.0,0.0,0.0,50.23228048279395,50.23228048279395,42.212000405709205,-0.0,-0.0,0.0,18.089000401875776,216.01759080603304,203.20796244242007,idle,1.9999999999999996,2026-08-03
2026-08-03 10:30:00,VIC1,-1.15,-0.00115,0.0,0.0,0.0,0.0,0.0,0.0,50.23228048279395,50.23228048279395,42.212000405709205,-0.0,-0.0,0.0,18.089000401875776,216.01759080603304,203.20796244242007,idle,1.9999999999999996,2026-08-03
2026-08-03 10:35:00,VIC1,-1.15,-0.00115,0.0,0.0,0.0,0.0,0.0,0.0,50.23228048279395,50.23228048279395,42.212000405709205,-0.0,-0.0,0.0,18.089000401875776,216.01759080603304,203.20796244242007,idle,1.9999999999999996,2026-08-03
2026-08-03 10:40:00,VIC1,-1.15,-0.00115,0.0,0.0,0.0,0.0,0.0,0.0,50.23228048279395,50.23228048279395,42.212000405709205,-0.0,-0.0,0.0,18.089000401875776,216.01759080603304,203.20796244242007,idle,1.9999999999999996,2026-08-03
2026-08-03 10:45:00,VIC1,-1.1,-0.0011,0.0,0.0,0.0,0.0,0.0,0.0,50.23228048279395,50.23228048279395,42.212000405709205,-0.0,-0.0,0.0,18.089000401875776,216.01759080603304,203.20796244242007,idle,1.9999999999999996,2026-08-03
2026-08-03 10:50:00,VIC1,-1.1,-0.0011,0.0,0.0,0.0,0.0,0.0,0.0,50.23228048279395,50.23228048279395,42.212000405709205,-0.0,-0.0,0.0,18.089000401875776,216.01759080603304,203.20796244242007,idle,1.9999999999999996,2026-08-03
2026-08-03 10:55:00,VIC1,-1.15,-0.00115,0.0,0.0,0.0,0.0,0.0,0.0,50.23228048279395,50.23228048279395,42.212000405709205,-0.0,-0.0,0.0,18.089000401875776,216.01759080603304,203.20796244242007,idle,1.9999999999999996,2026-08-03
2026-08-03 11:00:00,VIC1,-1.15,-0.00115,0.0,0.0,0.0,0.0,0.0,0.0,50.23228048279395,50.23228048279395,42.212000405709205,-0.0,-0.0,0.0,18.089000401875776,216.01759080603304,203.20796244242007,idle,1.9999999999999996,2026-08-03
2026-08-03 11:05:00,VIC1,-1.0997,-0.0010997,0.0,0.0,0.0,0.0,0.0,0.0,50.23228048279395,50.23228048279395,42.212000405709205,-0.0,-0.0,0.0,18.089000401875776,216.01759080603304,203.20796244242007,idle,1.9999999999999996,2026-08-03
2026-08-03 11:10:00,VIC1,-1.0997,-0.0010997,0.0,0.0,0.0,0.0,0.0,0.0,50.23228048279395,50.23228048279395,42.212000405709205,-0.0,-0.0,0.0,18.089000401875776,216.01759080603304,203.20796244242007,idle,1.9999999999999996,2026-08-03
2026-08-03 11:15:00,VIC1,0.00022,2.2e-07,0.0,0.0,0.0,0.0,0.0,0.0,50.23228048279395,50.23228048279395,42.212000405709205,0.0,0.0,0.0,18.089000401875776,216.01759080603304,203.20796244242007,idle,1.9999999999999996,2026-08-03
2026-08-03 11:20:00,VIC1,0.08663,8.663e-05,0.0,0.0,0.0,0.0,0.0,0.0,50.23228048279395,50.23228048279395,42.212000405709205,0.0,0.0,0.0,18.089000401875776,216.01759080603304,203.20796244242007,idle,1.9999999999999996,2026-08-03
2026-08-03 11:25:00,VIC1,0.00022,2.2e-07,0.0,0.0,0.0,0.0,0.0,0.0,50.23228048279395,50.23228048279395,42.212000405709205,0.0,0.0,0.0,18.089000401875776,216.01759080603304,203.20796244242007,idle,1.9999999999999996,2026-08-03
2026-08-03 11:30:00,VIC1,-1.1,-0.0011,0.0,0.0,0.0,0.0,0.0,0.0,50.23228048279395,50.23228048279395,42.212000405709205,-0.0,-0.0,0.0,18.089000401875776,216.01759080603304,203.20796244242007,idle,1.9999999999999996,2026-08-03
2026-08-03 11:35:00,VIC1,-1.0997,-0.0010997,0.0,0.0,0.0,0.0,0.0,0.0,50.23228048279395,50.23228048279395,42.212000405709205,-0.0,-0.0,0.0,18.089000401875776,216.01759080603304,203.20796244242007,idle,1.9999999999999996,2026-08-03
2026-08-03 11:40:00,VIC1,-1.1,-0.0011,0.0,0.0,0.0,0.0,0.0,0.0,50.23228048279395,50.23228048279395,42.212000405709205,-0.0,-0.0,0.0,18.089000401875776,216.01759080603304,203.20796244242007,idle,1.9999999999999996,2026-08-03
2026-08-03 11:45:00,VIC1,-1.0997,-0.0010997,0.0,0.0,0.0,0.0,0.0,0.0,50.23228048279395,50.23228048279395,42.212000405709205,-0.0,-0.0,0.0,18.089000401875776,216.01759080603304,203.20796244242007,idle,1.9999999999999996,2026-08-03
2026-08-03 11:50:00,VIC1,-1.1,-0.0011,0.0,0.0,0.0,0.0,0.0,0.0,50.23228048279395,50.23228048279395,42.212000405709205,-0.0,-0.0,0.0,18.089000401875776,216.01759080603304,203.20796244242007,idle,1.9999999999999996,2026-08-03
2026-08-03 11:55:00,VIC1,-1.15,-0.00115,0.0,0.0,0.0,0.0,0.0,0.0,50.23228048279395,50.23228048279395,42.212000405709205,-0.0,-0.0,0.0,18.089000401875776,216.01759080603304,203.20796244242007,idle,1.9999999999999996,2026-08-03
2026-08-03 12:00:00,VIC1,-1.1,-0.0011,0.0,0.0,0.0,0.0,0.0,0.0,50.23228048279395,50.23228048279395,42.212000405709205,-0.0,-0.0,0.0,18.089000401875776,216.01759080603304,203.20796244242007,idle,1.9999999999999996,2026-08-03
2026-08-03 12:05:00,VIC1,-1.0997,-0.0010997,0.0,0.0,0.0,0.0,0.0,0.0,50.23228048279395,50.23228048279395,42.212000405709205,-0.0,-0.0,0.0,18.089000401875776,216.01759080603304,203.20796244242007,idle,1.9999999999999996,2026-08-03
2026-08-03 12:10:00,VIC1,-1.0997,-0.0010997,0.0,0.0,0.0,0.0,0.0,0.0,50.23228048279395,50.23228048279395,42.212000405709205,-0.0,-0.0,0.0,18.089000401875776,216.01759080603304,203.20796244242007,idle,1.9999999999999996,2026-08-03
2026-08-03 12:15:00,VIC1,-1.1,-0.0011,0.0,0.0,0.0,0.0,0.0,0.0,50.23228048279395,50.23228048279395,42.212000405709205,-0.0,-0.0,0.0,18.089000401875776,216.01759080603304,203.20796244242007,idle,1.9999999999999996,2026-08-03
2026-08-03 12:20:00,VIC1,-1.1,-0.0011,0.0,0.0,0.0,0.0,0.0,0.0,50.23228048279395,50.23228048279395,42.212000405709205,-0.0,-0.0,0.0,18.089000401875776,216.01759080603304,203.20796244242007,idle,1.9999999999999996,2026-08-03
2026-08-03 12:25:00,VIC1,-1.0997,-0.0010997,0.0,0.0,0.0,0.0,0.0,0.0,50.23228048279395,50.23228048279395,42.212000405709205,-0.0,-0.0,0.0,18.089000401875776,216.01759080603304,203.20796244242007,idle,1.9999999999999996,2026-08-03
2026-08-03 12:30:00,VIC1,-1.1,-0.0011,0.0,0.0,0.0,0.0,0.0,0.0,50.23228048279395,50.23228048279395,42.212000405709205,-0.0,-0.0,0.0,18.089000401875776,216.01759080603304,203.20796244242007,idle,1.9999999999999996,2026-08-03
2026-08-03 12:35:00,VIC1,-1.0997,-0.0010997,0.0,0.0,0.0,0.0,0.0,0.0,50.23228048279395,50.23228048279395,42.212000405709205,-0.0,-0.0,0.0,18.089000401875776,216.01759080603304,203.20796244242007,idle,1.9999999999999996,2026-08-03
2026-08-03 12:40:00,VIC1,-1.1,-0.0011,0.0,0.0,0.0,0.0,0.0,0.0,50.23228048279395,50.23228048279395,42.212000405709205,-0.0,-0.0,0.0,18.089000401875776,216.01759080603304,203.20796244242007,idle,1.9999999999999996,2026-08-03
2026-08-03 12:45:00,VIC1,-1.1,-0.0011,0.0,0.0,0.0,0.0,0.0,0.0,50.23228048279395,50.23228048279395,42.212000405709205,-0.0,-0.0,0.0,18.089000401875776,216.01759080603304,203.20796244242007,idle,1.9999999999999996,2026-08-03
2026-08-03 12:50:00,VIC1,-1.1,-0.0011,0.0,0.0,0.0,0.0,0.0,0.0,50.23228048279395,50.23228048279395,42.212000405709205,-0.0,-0.0,0.0,18.089000401875776,216.01759080603304,203.20796244242007,idle,1.9999999999999996,2026-08-03
2026-08-03 12:55:00,VIC1,-1.15,-0.00115,0.0,0.0,0.0,0.0,0.0,0.0,50.23228048279395,50.23228048279395,42.212000405709205,-0.0,-0.0,0.0,18.089000401875776,216.01759080603304,203.20796244242007,idle,1.9999999999999996,2026-08-03
2026-08-03 13:00:00,VIC1,-1.14975,-0.0011497500000000002,0.0,0.0,0.0,0.0,0.0,0.0,50.23228048279395,50.23228048279395,42.212000405709205,-0.0,-0.0,0.0,18.089000401875776,216.01759080603304,203.20796244242007,idle,1.9999999999999996,2026-08-03
2026-08-03 13:05:00,VIC1,-1.1,-0.0011,0.0,0.0,0.0,0.0,0.0,0.0,50.23228048279395,50.23228048279395,42.212000405709205,-0.0,-0.0,0.0,18.089000401875776,216.01759080603304,203.20796244242007,idle,1.9999999999999996,2026-08-03
2026-08-03 13:10:00,VIC1,-4.9999,-0.004999900000000001,62.705857816032186,0.0,5.225488151336015,0.0,4.957333333333333,0.0,50.23228048279395,55.189613816127284,46.37782673624142,-0.026126918207864946,-0.0,0.026126918207864946,18.11512732008364,221.24307895736905,203.20796244242007,charge,1.9999999999999996,2026-08-03
2026-08-03 13:15:00,VIC1,-1.15,-0.00115,0.0,0.0,0.0,0.0,0.0,0.0,55.189613816127284,55.189613816127284,46.37782673624142,-0.0,-0.0,0.0,18.11512732008364,221.24307895736905,203.20796244242007,idle,1.9999999999999996,2026-08-03
2026-08-03 13:20:00,VIC1,-1.15,-0.00115,0.0,0.0,0.0,0.0,0.0,0.0,55.189613816127284,55.189613816127284,46.37782673624142,-0.0,-0.0,0.0,18.11512732008364,221.24307895736905,203.20796244242007,idle,1.9999999999999996,2026-08-03
2026-08-03 13:25:00,VIC1,-1.1,-0.0011,0.0,0.0,0.0,0.0,0.0,0.0,55.189613816127284,55.189613816127284,46.37782673624142,-0.0,-0.0,0.0,18.11512732008364,221.24307895736905,203.20796244242007,idle,1.9999999999999996,2026-08-03
2026-08-03 13:30:00,VIC1,-1.15,-0.00115,0.0,0.0,0.0,0.0,0.0,0.0,55.189613816127284,55.189613816127284,46.37782673624142,-0.0,-0.0,0.0,18.11512732008364,221.24307895736905,203.20796244242007,idle,1.9999999999999996,2026-08-03
2026-08-03 13:35:00,VIC1,-1.15,-0.00115,0.0,0.0,0.0,0.0,0.0,0.0,55.189613816127284,55.189613816127284,46.37782673624142,-0.0,-0.0,0.0,18.11512732008364,221.24307895736905,203.20796244242007,idle,1.9999999999999996,2026-08-03
2026-08-03 13:40:00,VIC1,-1.15,-0.00115,0.0,0.0,0.0,0.0,0.0,0.0,55.189613816127284,55.189613816127284,46.37782673624142,-0.0,-0.0,0.0,18.11512732008364,221.24307895736905,203.20796244242007,idle,1.9999999999999996,2026-08-03
2026-08-03 13:45:00,VIC1,-5.0,-0.005,62.705857816032186,0.0,5.225488151336015,0.0,4.957333333333333,0.0,55.189613816127284,60.146947149460615,50.54365306677363,-0.026127440756680078,-0.0,0.026127440756680078,18.141254760840322,226.46856710870506,203.20796244242007,charge,1.9999999999999996,2026-08-03
2026-08-03 13:50:00,VIC1,-1.15,-0.00115,0.0,0.0,0.0,0.0,0.0,0.0,60.146947149460615,60.146947149460615,50.54365306677363,-0.0,-0.0,0.0,18.141254760840322,226.46856710870506,203.20796244242007,idle,1.9999999999999996,2026-08-03
2026-08-03 13:55:00,VIC1,-1.15,-0.00115,0.0,0.0,0.0,0.0,0.0,0.0,60.146947149460615,60.146947149460615,50.54365306677363,-0.0,-0.0,0.0,18.141254760840322,226.46856710870506,203.20796244242007,idle,1.9999999999999996,2026-08-03
2026-08-03 14:00:00,VIC1,-1.1,-0.0011,0.0,0.0,0.0,0.0,0.0,0.0,60.146947149460615,60.146947149460615,50.54365306677363,-0.0,-0.0,0.0,18.141254760840322,226.46856710870506,203.20796244242007,idle,1.9999999999999996,2026-08-03
2026-08-03 14:05:00,VIC1,-1.1,-0.0011,0.0,0.0,0.0,0.0,0.0,0.0,60.146947149460615,60.146947149460615,50.54365306677363,-0.0,-0.0,0.0,18.141254760840322,226.46856710870506,203.20796244242007,idle,1.9999999999999996,2026-08-03
2026-08-03 14:10:00,VIC1,-1.15,-0.00115,0.0,0.0,0.0,0.0,0.0,0.0,60.146947149460615,60.146947149460615,50.54365306677363,-0.0,-0.0,0.0,18.141254760840322,226.46856710870506,203.20796244242007,idle,1.9999999999999996,2026-08-03
2026-08-03 14:15:00,VIC1,-1.15,-0.00115,0.0,0.0,0.0,0.0,0.0,0.0,60.146947149460615,60.146947149460615,50.54365306677363,-0.0,-0.0,0.0,18.141254760840322,226.46856710870506,203.20796244242007,idle,1.9999999999999996,2026-08-03
2026-08-03 14:20:00,VIC1,-1.15,-0.00115,0.0,0.0,0.0,0.0,0.0,0.0,60.146947149460615,60.146947149460615,50.54365306677363,-0.0,-0.0,0.0,18.141254760840322,226.46856710870506,203.20796244242007,idle,1.9999999999999996,2026-08-03
2026-08-03 14:25:00,VIC1,-1.15,-0.00115,0.0,0.0,0.0,0.0,0.0,0.0,60.146947149460615,60.146947149460615,50.54365306677363,-0.0,-0.0,0.0,18.141254760840322,226.46856710870506,203.20796244242007,idle,1.9999999999999996,2026-08-03
2026-08-03 14:30:00,VIC1,-1.15,-0.00115,0.0,0.0,0.0,0.0,0.0,0.0,60.146947149460615,60.146947149460615,50.54365306677363,-0.0,-0.0,0.0,18.141254760840322,226.46856710870506,203.20796244242007,idle,1.9999999999999996,2026-08-03
2026-08-03 14:35:00,VIC1,-1.15,-0.00115,0.0,0.0,0.0,0.0,0.0,0.0,60.146947149460615,60.146947149460615,50.54365306677363,-0.0,-0.0,0.0,18.141254760840322,226.46856710870506,203.20796244242007,idle,1.9999999999999996,2026-08-03
2026-08-03 14:40:00,VIC1,-1.14975,-0.0011497500000000002,0.0,0.0,0.0,0.0,0.0,0.0,60.146947149460615,60.146947149460615,50.54365306677363,-0.0,-0.0,0.0,18.141254760840322,226.46856710870506,203.20796244242007,idle,1.9999999999999996,2026-08-03
2026-08-03 14:45:00,VIC1,-1.15,-0.00115,0.0,0.0,0.0,0.0,0.0,0.0,60.146947149460615,60.146947149460615,50.54365306677363,-0.0,-0.0,0.0,18.141254760840322,226.46856710870506,203.20796244242007,idle,1.9999999999999996,2026-08-03
2026-08-03 14:50:00,VIC1,-5.0,-0.005,62.705857816032186,0.0,5.225488151336015,0.0,4.957333333333333,0.0,60.146947149460615,65.10428048279395,54.70947939730584,-0.026127440756680078,-0.0,0.026127440756680078,18.167382201597004,231.69405526004107,203.20796244242007,charge,1.9999999999999996,2026-08-03
2026-08-03 14:55:00,VIC1,-6.25,-0.00625,62.705857816032186,0.0,5.225488151336015,0.0,4.957333333333333,0.0,65.10428048279395,70.06161381612729,58.875305727838054,-0.032659300945850095,-0.0,0.032659300945850095,18.200041502542852,236.91954341137708,203.20796244242007,charge,1.9999999999999996,2026-08-03
2026-08-03 15:00:00,VIC1,-6.6,-0.0066,62.705857816032186,0.0,5.225488151336015,0.0,4.957333333333333,0.0,70.06161381612729,75.01894714946063,63.04113205837027,-0.0344882217988177,-0.0,0.0344882217988177,18.23452972434167,242.1450315627131,203.20796244242007,charge,1.9999999999999996,2026-08-03
2026-08-03 15:05:00,VIC1,-6.25,-0.00625,62.705857816032186,0.0,5.225488151336015,0.0,4.957333333333333,0.0,75.01894714946063,79.97628048279397,67.20695838890249,-0.032659300945850095,-0.0,0.032659300945850095,18.267189025287518,247.3705197140491,203.20796244242007,charge,1.9999999999999996,2026-08-03
2026-08-03 15:10:00,VIC1,-3.5,-0.0035,42.117990575548724,0.0,3.5098325479623935,0.0,3.3297195172060015,0.0,79.97628048279397,83.30599999999997,70.0050420168067,-0.012284413917868378,-0.0,0.012284413917868378,18.279473439205386,250.88035226201148,203.20796244242007,charge,1.9999999999999996,2026-08-03
2026-08-03 15:15:00,VIC1,-5.0,-0.005,62.705857816032186,0.0,5.225488151336015,0.0,4.957333333333333,0.0,83.30599999999997,88.2633333333333,74.17086834733891,-0.026127440756680078,-0.0,0.026127440756680078,18.305600879962068,256.1058404133475,203.20796244242007,charge,1.9999999999999996,2026-08-03
2026-08-03 15:20:00,VIC1,-5.0,-0.005,62.705857816032186,0.0,5.225488151336015,0.0,4.957333333333333,0.0,88.2633333333333,93.22066666666665,78.33669467787114,-0.026127440756680078,-0.0,0.026127440756680078,18.33172832071875,261.33132856468353,203.20796244242007,charge,1.9999999999999996,2026-08-03
2026-08-03 15:25:00,VIC1,-1.15,-0.00115,0.0,0.0,0.0,0.0,0.0,0.0,93.22066666666665,93.22066666666665,78.33669467787114,-0.0,-0.0,0.0,18.33172832071875,261.33132856468353,203.20796244242007,idle,1.9999999999999996,2026-08-03
2026-08-03 15:30:00,VIC1,-6.25,-0.00625,62.705857816032186,0.0,5.225488151336015,0.0,4.957333333333333,0.0,93.22066666666665,98.17799999999998,82.50252100840335,-0.032659300945850095,-0.0,0.032659300945850095,18.364387621664598,266.55681671601957,203.20796244242007,charge,1.9999999999999996,2026-08-03
2026-08-03 15:35:00,VIC1,-4.9999,-0.004999900000000001,62.705857816032186,0.0,5.225488151336015,0.0,4.957333333333333,0.0,98.17799999999998,103.13533333333332,86.66834733893556,-0.026126918207864946,-0.0,0.026126918207864946,18.390514539872463,271.7823048673556,203.20796244242007,charge,1.9999999999999996,2026-08-03
2026-08-03 15:40:00,VIC1,-5.0,-0.005,62.705857816032186,0.0,5.225488151336015,0.0,4.957333333333333,0.0,103.13533333333332,108.09266666666666,90.83417366946777,-0.026127440756680078,-0.0,0.026127440756680078,18.416641980629144,277.00779301869164,203.20796244242007,charge,1.9999999999999996,2026-08-03
2026-08-03 15:45:00,VIC1,-5.0,-0.005,62.705857816032186,0.0,5.225488151336015,0.0,4.957333333333333,0.0,108.09266666666666,113.05,95.0,-0.026127440756680078,-0.0,0.026127440756680078,18.442769421385826,282.2332811700277,203.20796244242007,charge,1.9999999999999996,2026-08-03
2026-08-03 15:50:00,VIC1,-1.15,-0.00115,-0.0,0.0,-0.0,0.0,-0.0,0.0,113.05,113.05,95.0,0.0,-0.0,-0.0,18.442769421385826,282.2332811700277,203.20796244242007,idle,1.9999999999999996,2026-08-03
2026-08-03 15:55:00,VIC1,-1.1,-0.0011,0.0,0.0,0.0,0.0,0.0,0.0,113.05,113.05,95.0,-0.0,-0.0,0.0,18.442769421385826,282.2332811700277,203.20796244242007,idle,1.9999999999999996,2026-08-03
2026-08-03 16:00:00,VIC1,0.0,0.0,0.0,0.0,0.0,0.0,0.0,0.0,113.05,113.05,95.0,0.0,0.0,0.0,18.442769421385826,282.2332811700277,203.20796244242007,idle,1.9999999999999996,2026-08-03
2026-08-03 16:05:00,VIC1,65.77,0.06577,0.0,0.0,0.0,0.0,0.0,0.0,113.05,113.05,95.0,0.0,0.0,0.0,18.442769421385826,282.2332811700277,203.20796244242007,idle,1.9999999999999996,2026-08-03
2026-08-03 16:10:00,VIC1,68.83241,0.06883241,0.0,0.0,0.0,0.0,0.0,0.0,113.05,113.05,95.0,0.0,0.0,0.0,18.442769421385826,282.2332811700277,203.20796244242007,idle,1.9999999999999996,2026-08-03
2026-08-03 16:15:00,VIC1,68.91366,0.06891365999999999,0.0,0.0,0.0,0.0,0.0,0.0,113.05,113.05,95.0,0.0,0.0,0.0,18.442769421385826,282.2332811700277,203.20796244242007,idle,1.9999999999999996,2026-08-03
2026-08-03 16:20:00,VIC1,59.74564,0.05974564,0.0,0.0,0.0,0.0,0.0,0.0,113.05,113.05,95.0,0.0,0.0,0.0,18.442769421385826,282.2332811700277,203.20796244242007,idle,1.9999999999999996,2026-08-03
2026-08-03 16:25:00,VIC1,10.65005,0.010650050000000001,-0.0,0.0,-0.0,0.0,-0.0,0.0,113.05,113.05,95.0,-0.0,0.0,0.0,18.442769421385826,282.2332811700277,203.20796244242007,idle,1.9999999999999996,2026-08-03
2026-08-03 16:30:00,VIC1,10.65006,0.01065006,0.0,0.0,0.0,0.0,0.0,0.0,113.05,113.05,95.0,0.0,0.0,0.0,18.442769421385826,282.2332811700277,203.20796244242007,idle,1.9999999999999996,2026-08-03
2026-08-03 16:35:00,VIC1,65.66401,0.06566401000000001,0.0,0.0,0.0,0.0,0.0,0.0,113.05,113.05,95.0,0.0,0.0,0.0,18.442769421385826,282.2332811700277,203.20796244242007,idle,1.9999999999999996,2026-08-03
2026-08-03 16:40:00,VIC1,76.28192,0.07628192,0.0,0.0,0.0,0.0,0.0,0.0,113.05,113.05,95.0,0.0,0.0,0.0,18.442769421385826,282.2332811700277,203.20796244242007,idle,1.9999999999999996,2026-08-03
2026-08-03 16:45:00,VIC1,80.5,0.0805,0.0,0.0,0.0,0.0,0.0,0.0,113.05,113.05,95.0,0.0,0.0,0.0,18.442769421385826,282.2332811700277,203.20796244242007,idle,1.9999999999999996,2026-08-03
2026-08-03 16:50:00,VIC1,80.5,0.0805,0.0,0.0,0.0,0.0,0.0,0.0,113.05,113.05,95.0,0.0,0.0,0.0,18.442769421385826,282.2332811700277,203.20796244242007,idle,1.9999999999999996,2026-08-03
2026-08-03 16:55:00,VIC1,88.00096,0.08800096,0.0,0.0,0.0,0.0,0.0,0.0,113.05,113.05,95.0,0.0,0.0,0.0,18.442769421385826,282.2332811700277,203.20796244242007,idle,1.9999999999999996,2026-08-03
2026-08-03 17:00:00,VIC1,94.59431,0.09459431,0.0,0.0,0.0,0.0,0.0,0.0,113.05,113.05,95.0,0.0,0.0,0.0,18.442769421385826,282.2332811700277,203.20796244242007,idle,1.9999999999999996,2026-08-03
2026-08-03 17:05:00,VIC1,82.75579,0.08275579000000001,0.0,0.0,0.0,0.0,0.0,0.0,113.05,113.05,95.0,0.0,0.0,0.0,18.442769421385826,282.2332811700277,203.20796244242007,idle,1.9999999999999996,2026-08-03
2026-08-03 17:10:00,VIC1,87.10114,0.08710114000000001,0.0,0.0,0.0,0.0,0.0,0.0,113.05,113.05,95.0,0.0,0.0,0.0,18.442769421385826,282.2332811700277,203.20796244242007,idle,1.9999999999999996,2026-08-03
2026-08-03 17:15:00,VIC1,98.87163,0.09887163,0.0,69.0,0.0,5.75,0.0,6.061032181989394,113.05,106.98896781801061,89.90669564538707,0.0,0.5685118725,0.5685118725,19.011281293885826,282.2332811700277,208.95796244242007,discharge,2.05659227060681,2026-08-03
2026-08-03 17:20:00,VIC1,105.88,0.10588,0.0,69.0,0.0,5.75,0.0,6.061032181989394,106.98896781801061,100.92793563602122,84.81339129077413,0.0,0.60881,0.60881,19.620091293885825,282.2332811700277,214.70796244242007,discharge,2.11318454121362,2026-08-03
2026-08-03 17:25:00,VIC1,94.87,0.09487000000000001,0.0,0.0,0.0,0.0,0.0,0.0,100.92793563602122,100.92793563602122,84.81339129077413,0.0,0.0,0.0,19.620091293885825,282.2332811700277,214.70796244242007,idle,2.11318454121362,2026-08-03
2026-08-03 17:30:00,VIC1,101.14609,0.10114609000000001,0.0,69.0,0.0,5.75,0.0,6.061032181989394,100.92793563602122,94.86690345403183,79.72008693616121,0.0,0.5815900175000001,0.5815900175000001,20.201681311385826,282.2332811700277,220.45796244242007,discharge,2.1697768118204306,2026-08-03
2026-08-03 17:35:00,VIC1,93.2043,0.0932043,0.0,0.0,0.0,0.0,0.0,0.0,94.86690345403183,94.86690345403183,79.72008693616121,0.0,0.0,0.0,20.201681311385826,282.2332811700277,220.45796244242007,idle,2.1697768118204306,2026-08-03
2026-08-03 17:40:00,VIC1,90.38357,0.09038357000000001,0.0,0.0,0.0,0.0,0.0,0.0,94.86690345403183,94.86690345403183,79.72008693616121,0.0,0.0,0.0,20.201681311385826,282.2332811700277,220.45796244242007,idle,2.1697768118204306,2026-08-03
2026-08-03 17:45:00,VIC1,100.11541,0.10011541,0.0,69.0,0.0,5.75,0.0,6.061032181989394,94.86690345403183,88.80587127204244,74.62678258154827,0.0,0.5756636075,0.5756636075,20.777344918885827,282.2332811700277,226.20796244242007,discharge,2.226369082427241,2026-08-03
2026-08-03 17:50:00,VIC1,98.66929,0.09866929,0.0,69.0,0.0,5.75,0.0,6.061032181989394,88.80587127204244,82.74483909005305,69.53347822693533,0.0,0.5673484175000001,0.5673484175000001,21.344693336385827,282.2332811700277,231.95796244242007,discharge,2.282961353034051,2026-08-03
2026-08-03 17:55:00,VIC1,90.02743,0.09002742999999999,0.0,0.0,0.0,0.0,0.0,0.0,82.74483909005305,82.74483909005305,69.53347822693533,0.0,0.0,0.0,21.344693336385827,282.2332811700277,231.95796244242007,idle,2.282961353034051,2026-08-03
2026-08-03 18:00:00,VIC1,98.23986,0.09823986,0.0,69.0,0.0,5.75,0.0,6.061032181989394,82.74483909005305,76.68380690806366,64.4401738723224,0.0,0.564879195,0.564879195,21.909572531385827,282.2332811700277,237.70796244242007,discharge,2.3395536236408616,2026-08-03
2026-08-03 18:05:00,VIC1,102.94763,0.10294763000000001,0.0,69.0,0.0,5.75,0.0,6.061032181989394,76.68380690806366,70.62277472607427,59.346869517709465,0.0,0.5919488725000001,0.5919488725000001,22.501521403885828,282.2332811700277,243.45796244242007,discharge,2.396145894247672,2026-08-03
2026-08-03 18:10:00,VIC1,98.05264,0.09805264,0.0,69.0,0.0,5.75,0.0,6.061032181989394,70.62277472607427,64.56174254408488,54.25356516309654,0.0,0.56380268,0.56380268,23.065324083885827,282.2332811700277,249.20796244242007,discharge,2.4527381648544826,2026-08-03
2026-08-03 18:15:00,VIC1,90.56,0.09056,0.0,0.0,0.0,0.0,0.0,0.0,64.56174254408488,64.56174254408488,54.25356516309654,0.0,0.0,0.0,23.065324083885827,282.2332811700277,249.20796244242007,idle,2.4527381648544826,2026-08-03
2026-08-03 18:20:00,VIC1,89.0,0.089,0.0,0.0,0.0,0.0,0.0,0.0,64.56174254408488,64.56174254408488,54.25356516309654,0.0,0.0,0.0,23.065324083885827,282.2332811700277,249.20796244242007,idle,2.4527381648544826,2026-08-03
2026-08-03 18:25:00,VIC1,108.43852,0.10843852,0.0,69.0,0.0,5.75,0.0,6.061032181989394,64.56174254408488,58.50071036209548,49.1602608084836,0.0,0.62352149,0.62352149,23.68884557388583,282.2332811700277,254.95796244242007,discharge,2.5093304354612926,2026-08-03
2026-08-03 18:30:00,VIC1,98.05037,0.09805037,0.0,69.0,0.0,5.75,0.0,6.061032181989394,58.50071036209548,52.439678180106085,44.06695645387066,0.0,0.5637896275,0.5637896275,24.25263520138583,282.2332811700277,260.70796244242007,discharge,2.565922706068103,2026-08-03
2026-08-03 18:35:00,VIC1,90.37,0.09037,0.0,0.0,0.0,0.0,0.0,0.0,52.439678180106085,52.439678180106085,44.06695645387066,0.0,0.0,0.0,24.25263520138583,282.2332811700277,260.70796244242007,idle,2.565922706068103,2026-08-03
2026-08-03 18:40:00,VIC1,94.53755,0.09453755,0.0,0.0,0.0,0.0,0.0,0.0,52.439678180106085,52.439678180106085,44.06695645387066,0.0,0.0,0.0,24.25263520138583,282.2332811700277,260.70796244242007,idle,2.565922706068103,2026-08-03
2026-08-03 18:45:00,VIC1,101.06889,0.10106889,0.0,69.0,0.0,5.75,0.0,6.061032181989394,52.439678180106085,46.37864599811669,38.97365209925772,0.0,0.5811461175,0.5811461175,24.83378131888583,282.2332811700277,266.45796244242007,discharge,2.6225149766749136,2026-08-03
2026-08-03 18:50:00,VIC1,96.65204,0.09665204,0.0,69.0,0.0,5.75,0.0,6.061032181989394,46.37864599811669,40.31761381612729,33.88034774464479,0.0,0.55574923,0.55574923,25.38953054888583,282.2332811700277,272.20796244242007,discharge,2.6791072472817237,2026-08-03
2026-08-03 18:55:00,VIC1,90.00725,0.09000725,0.0,0.0,0.0,0.0,0.0,0.0,40.31761381612729,40.31761381612729,33.88034774464479,0.0,0.0,0.0,25.38953054888583,282.2332811700277,272.20796244242007,idle,2.6791072472817237,2026-08-03
2026-08-03 19:00:00,VIC1,95.60537,0.09560537,0.0,0.0,0.0,0.0,0.0,0.0,40.31761381612729,40.31761381612729,33.88034774464479,0.0,0.0,0.0,25.38953054888583,282.2332811700277,272.20796244242007,idle,2.6791072472817237,2026-08-03
2026-08-03 19:05:00,VIC1,102.85056,0.10285056000000001,0.0,69.0,0.0,5.75,0.0,6.061032181989394,40.31761381612729,34.256581634137895,28.787043390031847,0.0,0.59139072,0.59139072,25.98092126888583,282.2332811700277,277.95796244242007,discharge,2.735699517888534,2026-08-03
2026-08-03 19:10:00,VIC1,98.13072,0.09813072,0.0,69.0,0.0,5.75,0.0,6.061032181989394,34.256581634137895,28.1955494521485,23.693739035418908,0.0,0.56425164,0.56425164,26.545172908885828,282.2332811700277,283.70796244242007,discharge,2.7922917884953447,2026-08-03
2026-08-03 19:15:00,VIC1,85.33702,0.08533702,0.0,0.0,0.0,0.0,0.0,0.0,28.1955494521485,28.1955494521485,23.693739035418908,0.0,0.0,0.0,26.545172908885828,282.2332811700277,283.70796244242007,idle,2.7922917884953447,2026-08-03
2026-08-03 19:20:00,VIC1,85.51984,0.08551984,0.0,0.0,0.0,0.0,0.0,0.0,28.1955494521485,28.1955494521485,23.693739035418908,0.0,0.0,0.0,26.545172908885828,282.2332811700277,283.70796244242007,idle,2.7922917884953447,2026-08-03
2026-08-03 19:25:00,VIC1,96.4778,0.0964778,0.0,69.0,0.0,5.75,0.0,6.061032181989394,28.1955494521485,22.134517270159108,18.600434680805975,0.0,0.55474735,0.55474735,27.099920258885827,282.2332811700277,289.45796244242007,discharge,2.848884059102155,2026-08-03
2026-08-03 19:30:00,VIC1,93.51345,0.09351345000000001,0.0,0.0,0.0,0.0,0.0,0.0,22.134517270159108,22.134517270159108,18.600434680805975,0.0,0.0,0.0,27.099920258885827,282.2332811700277,289.45796244242007,idle,2.848884059102155,2026-08-03
2026-08-03 19:35:00,VIC1,92.12399,0.09212399,0.0,0.0,0.0,0.0,0.0,0.0,22.134517270159108,22.134517270159108,18.600434680805975,0.0,0.0,0.0,27.099920258885827,282.2332811700277,289.45796244242007,idle,2.848884059102155,2026-08-03
2026-08-03 19:40:00,VIC1,91.86797,0.09186797000000001,0.0,0.0,0.0,0.0,0.0,0.0,22.134517270159108,22.134517270159108,18.600434680805975,0.0,0.0,0.0,27.099920258885827,282.2332811700277,289.45796244242007,idle,2.848884059102155,2026-08-03
2026-08-03 19:45:00,VIC1,93.36219,0.09336219,0.0,0.0,0.0,0.0,0.0,0.0,22.134517270159108,22.134517270159108,18.600434680805975,0.0,0.0,0.0,27.099920258885827,282.2332811700277,289.45796244242007,idle,2.848884059102155,2026-08-03
2026-08-03 19:50:00,VIC1,97.39191,0.09739191,0.0,69.0,0.0,5.75,0.0,6.061032181989394,22.134517270159108,16.073485088169715,13.507130326193037,0.0,0.5600034825,0.5600034825,27.65992374138583,282.2332811700277,295.20796244242007,discharge,2.905476329708965,2026-08-03
2026-08-03 19:55:00,VIC1,91.81357,0.09181357,0.0,0.0,0.0,0.0,0.0,0.0,16.073485088169715,16.073485088169715,13.507130326193037,0.0,0.0,0.0,27.65992374138583,282.2332811700277,295.20796244242007,idle,2.905476329708965,2026-08-03
2026-08-03 20:00:00,VIC1,88.38821,0.08838821000000001,0.0,0.0,0.0,0.0,0.0,0.0,16.073485088169715,16.073485088169715,13.507130326193037,0.0,0.0,0.0,27.65992374138583,282.2332811700277,295.20796244242007,idle,2.905476329708965,2026-08-03
2026-08-03 20:05:00,VIC1,84.61137,0.08461136999999999,0.0,0.0,0.0,0.0,0.0,0.0,16.073485088169715,16.073485088169715,13.507130326193037,0.0,0.0,0.0,27.65992374138583,282.2332811700277,295.20796244242007,idle,2.905476329708965,2026-08-03
2026-08-03 20:10:00,VIC1,88.30859,0.08830858999999999,0.0,0.0,0.0,0.0,0.0,0.0,16.073485088169715,16.073485088169715,13.507130326193037,0.0,0.0,0.0,27.65992374138583,282.2332811700277,295.20796244242007,idle,2.905476329708965,2026-08-03
2026-08-03 20:15:00,VIC1,90.15507,0.09015506999999999,0.0,0.0,0.0,0.0,0.0,0.0,16.073485088169715,16.073485088169715,13.507130326193037,0.0,0.0,0.0,27.65992374138583,282.2332811700277,295.20796244242007,idle,2.905476329708965,2026-08-03
2026-08-03 20:20:00,VIC1,83.90697,0.08390697,0.0,0.0,0.0,0.0,0.0,0.0,16.073485088169715,16.073485088169715,13.507130326193037,0.0,0.0,0.0,27.65992374138583,282.2332811700277,295.20796244242007,idle,2.905476329708965,2026-08-03
2026-08-03 20:25:00,VIC1,87.90895,0.08790895,0.0,0.0,0.0,0.0,0.0,0.0,16.073485088169715,16.073485088169715,13.507130326193037,0.0,0.0,0.0,27.65992374138583,282.2332811700277,295.20796244242007,idle,2.905476329708965,2026-08-03
2026-08-03 20:30:00,VIC1,95.81778,0.09581778,0.0,69.0,0.0,5.75,0.0,6.061032181989394,16.073485088169715,10.012452906180322,8.413825971580103,0.0,0.550952235,0.550952235,28.21087597638583,282.2332811700277,300.95796244242007,discharge,2.9620686003157757,2026-08-03
2026-08-03 20:35:00,VIC1,90.12832,0.09012832,0.0,0.0,0.0,0.0,0.0,0.0,10.012452906180322,10.012452906180322,8.413825971580103,0.0,0.0,0.0,28.21087597638583,282.2332811700277,300.95796244242007,idle,2.9620686003157757,2026-08-03
2026-08-03 20:40:00,VIC1,88.02974,0.08802974000000001,0.0,0.0,0.0,0.0,0.0,0.0,10.012452906180322,10.012452906180322,8.413825971580103,0.0,0.0,0.0,28.21087597638583,282.2332811700277,300.95796244242007,idle,2.9620686003157757,2026-08-03
2026-08-03 20:45:00,VIC1,95.03337,0.09503337,0.0,0.0,0.0,0.0,0.0,0.0,10.012452906180322,10.012452906180322,8.413825971580103,0.0,0.0,0.0,28.21087597638583,282.2332811700277,300.95796244242007,idle,2.9620686003157757,2026-08-03
2026-08-03 20:50:00,VIC1,87.42101,0.08742101,0.0,0.0,0.0,0.0,0.0,0.0,10.012452906180322,10.012452906180322,8.413825971580103,0.0,0.0,0.0,28.21087597638583,282.2332811700277,300.95796244242007,idle,2.9620686003157757,2026-08-03
2026-08-03 20:55:00,VIC1,83.48,0.08348000000000001,0.0,0.0,0.0,0.0,0.0,0.0,10.012452906180322,10.012452906180322,8.413825971580103,0.0,0.0,0.0,28.21087597638583,282.2332811700277,300.95796244242007,idle,2.9620686003157757,2026-08-03
2026-08-03 21:00:00,VIC1,82.97,0.08297,0.0,0.0,0.0,0.0,0.0,0.0,10.012452906180322,10.012452906180322,8.413825971580103,0.0,0.0,0.0,28.21087597638583,282.2332811700277,300.95796244242007,idle,2.9620686003157757,2026-08-03
2026-08-03 21:05:00,VIC1,95.79541,0.09579541000000001,0.0,46.2477746545205,0.0,3.8539812212100415,0.0,4.062452906180321,10.012452906180322,5.95,5.0,0.0,0.36919371121811667,0.36919371121811667,28.580069687603945,282.2332811700277,304.81194366363013,discharge,2.999999999999999,2026-08-03
2026-08-03 21:10:00,VIC1,90.83346,0.09083346,0.0,0.0,0.0,0.0,0.0,0.0,5.95,5.95,5.0,0.0,0.0,0.0,28.580069687603945,282.2332811700277,304.81194366363013,idle,2.999999999999999,2026-08-03
2026-08-03 21:15:00,VIC1,88.12798,0.08812798,0.0,0.0,0.0,0.0,0.0,0.0,5.95,5.95,5.0,0.0,0.0,0.0,28.580069687603945,282.2332811700277,304.81194366363013,idle,2.999999999999999,2026-08-03
2026-08-03 21:20:00,VIC1,82.79582,0.08279582,0.0,0.0,0.0,0.0,0.0,0.0,5.95,5.95,5.0,0.0,0.0,0.0,28.580069687603945,282.2332811700277,304.81194366363013,idle,2.999999999999999,2026-08-03
2026-08-03 21:25:00,VIC1,80.5,0.0805,0.0,0.0,0.0,0.0,0.0,0.0,5.95,5.95,5.0,0.0,0.0,0.0,28.580069687603945,282.2332811700277,304.81194366363013,idle,2.999999999999999,2026-08-03
2026-08-03 21:30:00,VIC1,64.6449,0.0646449,0.0,0.0,0.0,0.0,0.0,0.0,5.95,5.95,5.0,0.0,0.0,0.0,28.580069687603945,282.2332811700277,304.81194366363013,idle,2.999999999999999,2026-08-03
2026-08-03 21:35:00,VIC1,83.48,0.08348000000000001,0.0,0.0,0.0,0.0,0.0,0.0,5.95,5.95,5.0,0.0,0.0,0.0,28.580069687603945,282.2332811700277,304.81194366363013,idle,2.999999999999999,2026-08-03
2026-08-03 21:40:00,VIC1,54.48,0.05448,0.0,0.0,0.0,0.0,0.0,0.0,5.95,5.95,5.0,0.0,0.0,0.0,28.580069687603945,282.2332811700277,304.81194366363013,idle,2.999999999999999,2026-08-03
2026-08-03 21:45:00,VIC1,50.78309,0.05078309,0.0,0.0,0.0,0.0,0.0,0.0,5.95,5.95,5.0,0.0,0.0,0.0,28.580069687603945,282.2332811700277,304.81194366363013,idle,2.999999999999999,2026-08-03
2026-08-03 21:50:00,VIC1,45.24,0.04524,0.0,0.0,0.0,0.0,0.0,0.0,5.95,5.95,5.0,0.0,0.0,0.0,28.580069687603945,282.2332811700277,304.81194366363013,idle,2.999999999999999,2026-08-03
2026-08-03 21:55:00,VIC1,75.4,0.07540000000000001,0.0,0.0,0.0,0.0,0.0,0.0,5.95,5.95,5.0,0.0,0.0,0.0,28.580069687603945,282.2332811700277,304.81194366363013,idle,2.999999999999999,2026-08-03
2026-08-03 22:00:00,VIC1,15.57,0.01557,62.705857816032186,0.0,5.225488151336015,0.0,4.957333333333333,0.0,5.95,10.907333333333334,9.165826330532214,0.08136085051630176,0.0,-0.08136085051630176,28.498708837087644,287.4587693213637,304.81194366363013,charge,2.999999999999999,2026-08-03
2026-08-03 22:05:00,VIC1,15.08,0.01508,62.705857816032186,0.0,5.225488151336015,0.0,4.957333333333333,0.0,10.907333333333334,15.864666666666666,13.331652661064425,0.07880036132214711,0.0,-0.07880036132214711,28.419908475765496,292.68425747269976,304.81194366363013,charge,2.999999999999999,2026-08-03
2026-08-03 22:10:00,VIC1,45.24,0.04524,0.0,0.0,0.0,0.0,0.0,0.0,15.864666666666666,15.864666666666666,13.331652661064425,0.0,0.0,0.0,28.419908475765496,292.68425747269976,304.81194366363013,idle,2.999999999999999,2026-08-03
2026-08-03 22:15:00,VIC1,15.08,0.01508,62.705857816032186,0.0,5.225488151336015,0.0,4.957333333333333,0.0,15.864666666666666,20.822,17.497478991596637,0.07880036132214711,0.0,-0.07880036132214711,28.341108114443347,297.9097456240358,304.81194366363013,charge,2.999999999999999,2026-08-03
2026-08-03 22:20:00,VIC1,45.24,0.04524,0.0,0.0,0.0,0.0,0.0,0.0,20.822,20.822,17.497478991596637,0.0,0.0,0.0,28.341108114443347,297.9097456240358,304.81194366363013,idle,2.999999999999999,2026-08-03
2026-08-03 22:25:00,VIC1,15.08,0.01508,62.705857816032186,0.0,5.225488151336015,0.0,4.957333333333333,0.0,20.822,25.779333333333334,21.66330532212885,0.07880036132214711,0.0,-0.07880036132214711,28.2623077531212,303.13523377537183,304.81194366363013,charge,2.999999999999999,2026-08-03
2026-08-03 22:30:00,VIC1,15.08,0.01508,62.705857816032186,0.0,5.225488151336015,0.0,4.957333333333333,0.0,25.779333333333334,30.736666666666665,25.829131652661065,0.07880036132214711,0.0,-0.07880036132214711,28.18350739179905,308.36072192670787,304.81194366363013,charge,2.999999999999999,2026-08-03
2026-08-03 22:35:00,VIC1,45.24,0.04524,0.0,0.0,0.0,0.0,0.0,0.0,30.736666666666665,30.736666666666665,25.829131652661065,0.0,0.0,0.0,28.18350739179905,308.36072192670787,304.81194366363013,idle,2.999999999999999,2026-08-03
2026-08-03 22:40:00,VIC1,10.5,0.0105,62.705857816032186,0.0,5.225488151336015,0.0,4.957333333333333,0.0,30.736666666666665,35.693999999999996,29.99495798319327,0.05486762558902816,0.0,-0.05486762558902816,28.12863976621002,313.5862100780439,304.81194366363013,charge,2.999999999999999,2026-08-03
2026-08-03 22:45:00,VIC1,45.24,0.04524,0.0,0.0,0.0,0.0,0.0,0.0,35.693999999999996,35.693999999999996,29.99495798319327,0.0,0.0,0.0,28.12863976621002,313.5862100780439,304.81194366363013,idle,2.999999999999999,2026-08-03
2026-08-03 22:50:00,VIC1,75.4,0.07540000000000001,0.0,0.0,0.0,0.0,0.0,0.0,35.693999999999996,35.693999999999996,29.99495798319327,0.0,0.0,0.0,28.12863976621002,313.5862100780439,304.81194366363013,idle,2.999999999999999,2026-08-03
2026-08-03 22:55:00,VIC1,53.39788,0.05339788,0.0,0.0,0.0,0.0,0.0,0.0,35.693999999999996,35.693999999999996,29.99495798319327,0.0,0.0,0.0,28.12863976621002,313.5862100780439,304.81194366363013,idle,2.999999999999999,2026-08-03
2026-08-03 23:00:00,VIC1,20.68,0.02068,0.0,0.0,0.0,0.0,0.0,0.0,35.693999999999996,35.693999999999996,29.99495798319327,0.0,0.0,0.0,28.12863976621002,313.5862100780439,304.81194366363013,idle,2.999999999999999,2026-08-03
2026-08-03 23:05:00,VIC1,19.17996,0.019179960000000003,62.705857816032186,0.0,5.225488151336015,0.0,4.957333333333333,0.0,35.693999999999996,40.651333333333326,34.160784313725486,0.10022465372309873,0.0,-0.10022465372309873,28.028415112486922,318.81169822937994,304.81194366363013,charge,2.999999999999999,2026-08-03
2026-08-03 23:10:00,VIC1,45.24,0.04524,0.0,0.0,0.0,0.0,0.0,0.0,40.651333333333326,40.651333333333326,34.160784313725486,0.0,0.0,0.0,28.028415112486922,318.81169822937994,304.81194366363013,idle,2.999999999999999,2026-08-03
2026-08-03 23:15:00,VIC1,63.44122,0.06344122,0.0,0.0,0.0,0.0,0.0,0.0,40.651333333333326,40.651333333333326,34.160784313725486,0.0,0.0,0.0,28.028415112486922,318.81169822937994,304.81194366363013,idle,2.999999999999999,2026-08-03
2026-08-03 23:20:00,VIC1,22.67,0.022670000000000003,0.0,0.0,0.0,0.0,0.0,0.0,40.651333333333326,40.651333333333326,34.160784313725486,0.0,0.0,0.0,28.028415112486922,318.81169822937994,304.81194366363013,idle,2.999999999999999,2026-08-03
2026-08-03 23:25:00,VIC1,35.94,0.03594,0.0,0.0,0.0,0.0,0.0,0.0,40.651333333333326,40.651333333333326,34.160784313725486,0.0,0.0,0.0,28.028415112486922,318.81169822937994,304.81194366363013,idle,2.999999999999999,2026-08-03
2026-08-03 23:30:00,VIC1,45.24,0.04524,0.0,0.0,0.0,0.0,0.0,0.0,40.651333333333326,40.651333333333326,34.160784313725486,0.0,0.0,0.0,28.028415112486922,318.81169822937994,304.81194366363013,idle,2.999999999999999,2026-08-03
2026-08-03 23:35:00,VIC1,-1.0997,-0.0010997,62.705857816032186,0.0,5.225488151336015,0.0,4.957333333333333,0.0,40.651333333333326,45.60866666666666,38.3266106442577,-0.005746469320024215,-0.0,0.005746469320024215,28.034161581806945,324.037186380716,304.81194366363013,charge,2.999999999999999,2026-08-03
2026-08-03 23:40:00,VIC1,19.18,0.01918,-0.0,0.0,-0.0,0.0,-0.0,0.0,45.60866666666666,45.60866666666645,38.32661064425752,-0.0,0.0,0.0,28.034161581806945,324.037186380716,304.81194366363013,idle,2.999999999999999,2026-08-03
2026-08-03 23:45:00,VIC1,17.77997,0.01777997,62.705857816032186,0.0,5.225488151336015,0.0,4.957333333333333,0.0,45.60866666666645,50.56599999999978,42.49243697478973,0.0929090225661098,0.0,-0.0929090225661098,27.941252559240834,329.262674532052,304.81194366363013,charge,2.999999999999999,2026-08-03
2026-08-03 23:50:00,VIC1,19.18,0.01918,13.087613142884255,0.0,1.0906344285736878,0.0,1.0346666666667237,0.0,50.56599999999978,51.600666666666505,43.361904761904626,0.02091836834004333,0.0,-0.02091836834004333,27.92033419090079,330.3533089606257,304.81194366363013,charge,2.999999999999999,2026-08-03
2026-08-03 23:55:00,VIC1,35.94,0.03594,0.0,0.0,0.0,0.0,0.0,0.0,51.600666666666505,51.600666666666505,43.361904761904626,0.0,0.0,0.0,27.92033419090079,330.3533089606257,304.81194366363013,idle,2.999999999999999,2026-08-03
2026-08-04 00:00:00,VIC1,20.68,0.02068,0.0,0.0,0.0,0.0,0.0,0.0,51.600666666666505,51.600666666666505,43.361904761904626,0.0,0.0,0.0,27.92033419090079,330.3533089606257,304.81194366363013,idle,2.999999999999999,2026-08-03
2026-08-04 00:05:00,VIC1,8.93994,0.00893994,62.705857816032186,0.0,5.225488151336015,0.0,4.957333333333333,0.0,51.600666666666505,56.557999999999836,47.52773109243684,0.0467155505436549,0.0,-0.0467155505436549,27.873618640357133,335.57879711196176,304.81194366363013,charge,2.999999999999999,2026-08-04
2026-08-04 00:10:00,VIC1,35.94,0.03594,0.0,0.0,0.0,0.0,0.0,0.0,56.557999999999836,56.557999999999836,47.52773109243684,0.0,0.0,0.0,27.873618640357133,335.57879711196176,304.81194366363013,idle,2.999999999999999,2026-08-04
2026-08-04 00:15:00,VIC1,15.08,0.01508,62.705857816032186,0.0,5.225488151336015,0.0,4.957333333333333,0.0,56.557999999999836,61.51533333333317,51.69355742296905,0.07880036132214711,0.0,-0.07880036132214711,27.794818279034985,340.8042852632978,304.81194366363013,charge,2.999999999999999,2026-08-04
2026-08-04 00:20:00,VIC1,35.94,0.03594,0.0,0.0,0.0,0.0,0.0,0.0,61.51533333333317,61.51533333333317,51.69355742296905,0.0,0.0,0.0,27.794818279034985,340.8042852632978,304.81194366363013,idle,2.999999999999999,2026-08-04
2026-08-04 00:25:00,VIC1,8.93994,0.00893994,62.705857816032186,0.0,5.225488151336015,0.0,4.957333333333333,0.0,61.51533333333317,66.4726666666665,55.859383753501255,0.0467155505436549,0.0,-0.0467155505436549,27.74810272849133,346.02977341463384,304.81194366363013,charge,2.999999999999999,2026-08-04
2026-08-04 00:30:00,VIC1,19.17996,0.019179960000000003,62.705857816032186,0.0,5.225488151336015,0.0,4.957333333333333,0.0,66.4726666666665,71.42999999999984,60.025210084033475,0.10022465372309873,0.0,-0.10022465372309873,27.64787807476823,351.2552615659699,304.81194366363013,charge,2.999999999999999,2026-08-04
2026-08-04 00:35:00,VIC1,20.68,0.02068,0.0,0.0,0.0,0.0,0.0,0.0,71.42999999999984,71.42999999999984,60.025210084033475,0.0,0.0,0.0,27.64787807476823,351.2552615659699,304.81194366363013,idle,2.999999999999999,2026-08-04
2026-08-04 00:40:00,VIC1,19.18,0.01918,62.705857816032186,0.0,5.225488151336015,0.0,4.957333333333333,0.0,71.42999999999984,76.38733333333317,64.1910364145657,0.10022486274262477,0.0,-0.10022486274262477,27.547653212025605,356.4807497173059,304.81194366363013,charge,2.999999999999999,2026-08-04
2026-08-04 00:45:00,VIC1,45.8124,0.045812399999999996,0.0,0.0,0.0,0.0,0.0,0.0,76.38733333333317,76.38733333333317,64.1910364145657,0.0,0.0,0.0,27.547653212025605,356.4807497173059,304.81194366363013,idle,2.999999999999999,2026-08-04
2026-08-04 00:50:00,VIC1,15.08,0.01508,62.705857816032186,0.0,5.225488151336015,0.0,4.957333333333333,0.0,76.38733333333317,81.34466666666651,68.35686274509791,0.07880036132214711,0.0,-0.07880036132214711,27.468852850703456,361.70623786864195,304.81194366363013,charge,2.999999999999999,2026-08-04
2026-08-04 00:55:00,VIC1,15.08,0.01508,62.705857816032186,0.0,5.225488151336015,0.0,4.957333333333333,0.0,81.34466666666651,86.30199999999985,72.52268907563013,0.07880036132214711,0.0,-0.07880036132214711,27.390052489381308,366.931726019978,304.81194366363013,charge,2.999999999999999,2026-08-04
2026-08-04 01:00:00,VIC1,45.24,0.04524,0.0,0.0,0.0,0.0,0.0,0.0,86.30199999999985,86.30199999999985,72.52268907563013,0.0,0.0,0.0,27.390052489381308,366.931726019978,304.81194366363013,idle,2.999999999999999,2026-08-04
2026-08-04 01:05:00,VIC1,23.10267,0.02310267,0.0,0.0,0.0,0.0,0.0,0.0,86.30199999999985,86.30199999999985,72.52268907563013,0.0,0.0,0.0,27.390052489381308,366.931726019978,304.81194366363013,idle,2.999999999999999,2026-08-04
2026-08-04 01:10:00,VIC1,20.63,0.02063,0.0,0.0,0.0,0.0,0.0,0.0,86.30199999999985,86.30199999999985,72.52268907563013,0.0,0.0,0.0,27.390052489381308,366.931726019978,304.81194366363013,idle,2.999999999999999,2026-08-04
2026-08-04 01:15:00,VIC1,45.24,0.04524,0.0,0.0,0.0,0.0,0.0,0.0,86.30199999999985,86.30199999999985,72.52268907563013,0.0,0.0,0.0,27.390052489381308,366.931726019978,304.81194366363013,idle,2.999999999999999,2026-08-04
2026-08-04 01:20:00,VIC1,35.94,0.03594,0.0,0.0,0.0,0.0,0.0,0.0,86.30199999999985,86.30199999999985,72.52268907563013,0.0,0.0,0.0,27.390052489381308,366.931726019978,304.81194366363013,idle,2.999999999999999,2026-08-04
2026-08-04 01:25:00,VIC1,18.45997,0.01845997,62.705857816032186,0.0,5.225488151336015,0.0,4.957333333333333,0.0,86.30199999999985,91.25933333333319,76.68851540616234,0.0964623545090183,0.0,-0.0964623545090183,27.29359013487229,372.157214171314,304.81194366363013,charge,2.999999999999999,2026-08-04
2026-08-04 01:30:00,VIC1,45.24,0.04524,0.0,0.0,0.0,0.0,0.0,0.0,91.25933333333319,91.25933333333319,76.68851540616234,0.0,0.0,0.0,27.29359013487229,372.157214171314,304.81194366363013,idle,2.999999999999999,2026-08-04
2026-08-04 01:35:00,VIC1,45.24,0.04524,0.0,0.0,0.0,0.0,0.0,0.0,91.25933333333319,91.25933333333319,76.68851540616234,0.0,0.0,0.0,27.29359013487229,372.157214171314,304.81194366363013,idle,2.999999999999999,2026-08-04
2026-08-04 01:40:00,VIC1,15.08,0.01508,62.705857816032186,0.0,5.225488151336015,0.0,4.957333333333333,0.0,91.25933333333319,96.21666666666653,80.85434173669455,0.07880036132214711,0.0,-0.07880036132214711,27.21478977355014,377.38270232265006,304.81194366363013,charge,2.999999999999999,2026-08-04
2026-08-04 01:45:00,VIC1,45.24,0.04524,0.0,0.0,0.0,0.0,0.0,0.0,96.21666666666653,96.21666666666653,80.85434173669455,0.0,0.0,0.0,27.21478977355014,377.38270232265006,304.81194366363013,idle,2.999999999999999,2026-08-04
2026-08-04 01:50:00,VIC1,35.94,0.03594,0.0,0.0,0.0,0.0,0.0,0.0,96.21666666666653,96.21666666666653,80.85434173669455,0.0,0.0,0.0,27.21478977355014,377.38270232265006,304.81194366363013,idle,2.999999999999999,2026-08-04
2026-08-04 01:55:00,VIC1,45.24,0.04524,0.0,0.0,0.0,0.0,0.0,0.0,96.21666666666653,96.21666666666653,80.85434173669455,0.0,0.0,0.0,27.21478977355014,377.38270232265006,304.81194366363013,idle,2.999999999999999,2026-08-04
2026-08-04 02:00:00,VIC1,10.65005,0.010650050000000001,62.705857816032186,0.0,5.225488151336015,0.0,4.957333333333333,0.0,96.21666666666653,101.17399999999986,85.02016806722678,0.05565171008613613,0.0,-0.05565171008613613,27.159138063464006,382.6081904739861,304.81194366363013,charge,2.999999999999999,2026-08-04
2026-08-04 02:05:00,VIC1,45.24,0.04524,0.0,0.0,0.0,0.0,0.0,0.0,101.17399999999986,101.17399999999986,85.02016806722678,0.0,0.0,0.0,27.159138063464006,382.6081904739861,304.81194366363013,idle,2.999999999999999,2026-08-04
2026-08-04 02:10:00,VIC1,35.94,0.03594,0.0,0.0,0.0,0.0,0.0,0.0,101.17399999999986,101.17399999999986,85.02016806722678,0.0,0.0,0.0,27.159138063464006,382.6081904739861,304.81194366363013,idle,2.999999999999999,2026-08-04
2026-08-04 02:15:00,VIC1,35.94,0.03594,0.0,0.0,0.0,0.0,0.0,0.0,101.17399999999986,101.17399999999986,85.02016806722678,0.0,0.0,0.0,27.159138063464006,382.6081904739861,304.81194366363013,idle,2.999999999999999,2026-08-04
2026-08-04 02:20:00,VIC1,15.08,0.01508,62.705857816032186,0.0,5.225488151336015,0.0,4.957333333333333,0.0,101.17399999999986,106.1313333333332,89.18599439775899,0.07880036132214711,0.0,-0.07880036132214711,27.080337702141858,387.83367862532214,304.81194366363013,charge,2.999999999999999,2026-08-04
2026-08-04 02:25:00,VIC1,20.68,0.02068,0.0,0.0,0.0,0.0,0.0,0.0,106.1313333333332,106.1313333333332,89.18599439775899,0.0,0.0,0.0,27.080337702141858,387.83367862532214,304.81194366363013,idle,2.999999999999999,2026-08-04
2026-08-04 02:30:00,VIC1,65.68,0.06568,0.0,69.0,0.0,5.75,0.0,6.061032181989394,106.1313333333332,100.07030115134381,84.09269004314606,0.0,0.37766,0.37766,27.457997702141856,387.83367862532214,310.56194366363013,discharge,3.0565922706068096,2026-08-04
2026-08-04 02:35:00,VIC1,35.94,0.03594,0.0,0.0,0.0,0.0,0.0,0.0,100.07030115134381,100.07030115134381,84.09269004314606,0.0,0.0,0.0,27.457997702141856,387.83367862532214,310.56194366363013,idle,3.0565922706068096,2026-08-04
2026-08-04 02:40:00,VIC1,20.68,0.02068,0.0,0.0,0.0,0.0,0.0,0.0,100.07030115134381,100.07030115134381,84.09269004314606,0.0,0.0,0.0,27.457997702141856,387.83367862532214,310.56194366363013,idle,3.0565922706068096,2026-08-04
2026-08-04 02:45:00,VIC1,20.65,0.020649999999999998,0.0,0.0,0.0,0.0,0.0,0.0,100.07030115134381,100.07030115134381,84.09269004314606,0.0,0.0,0.0,27.457997702141856,387.83367862532214,310.56194366363013,idle,3.0565922706068096,2026-08-04
2026-08-04 02:50:00,VIC1,45.24,0.04524,0.0,0.0,0.0,0.0,0.0,0.0,100.07030115134381,100.07030115134381,84.09269004314606,0.0,0.0,0.0,27.457997702141856,387.83367862532214,310.56194366363013,idle,3.0565922706068096,2026-08-04
2026-08-04 02:55:00,VIC1,55.42,0.055420000000000004,0.0,0.0,0.0,0.0,0.0,0.0,100.07030115134381,100.07030115134381,84.09269004314606,0.0,0.0,0.0,27.457997702141856,387.83367862532214,310.56194366363013,idle,3.0565922706068096,2026-08-04
2026-08-04 03:00:00,VIC1,45.24,0.04524,0.0,0.0,0.0,0.0,0.0,0.0,100.07030115134381,100.07030115134381,84.09269004314606,0.0,0.0,0.0,27.457997702141856,387.83367862532214,310.56194366363013,idle,3.0565922706068096,2026-08-04
2026-08-04 03:05:00,VIC1,50.94002,0.050940019999999996,0.0,0.0,0.0,0.0,0.0,0.0,100.07030115134381,100.07030115134381,84.09269004314606,0.0,0.0,0.0,27.457997702141856,387.83367862532214,310.56194366363013,idle,3.0565922706068096,2026-08-04
2026-08-04 03:10:00,VIC1,65.5662,0.06556619999999999,0.0,65.41287803479787,0.0,5.451073169566489,0.0,5.745935636021116,100.07030115134381,94.3243655153227,79.26417270195184,0.0,0.35740615365043027,0.35740615365043027,27.815403855792287,387.83367862532214,316.0130168331966,discharge,3.1102424632867454,2026-08-04
2026-08-04 03:15:00,VIC1,66.33,0.06633,0.0,69.0,0.0,5.75,0.0,6.061032181989394,94.3243655153227,88.2633333333333,74.17086834733891,0.0,0.3813975,0.3813975,28.196801355792285,387.83367862532214,321.7630168331966,discharge,3.1668347338935554,2026-08-04
2026-08-04 03:20:00,VIC1,64.0,0.064,0.0,0.0,0.0,0.0,0.0,0.0,88.2633333333333,88.2633333333333,74.17086834733891,0.0,0.0,0.0,28.196801355792285,387.83367862532214,321.7630168331966,idle,3.1668347338935554,2026-08-04
2026-08-04 03:25:00,VIC1,55.42,0.055420000000000004,0.0,0.0,0.0,0.0,0.0,0.0,88.2633333333333,88.2633333333333,74.17086834733891,0.0,0.0,0.0,28.196801355792285,387.83367862532214,321.7630168331966,idle,3.1668347338935554,2026-08-04
2026-08-04 03:30:00,VIC1,8.94,0.00894,62.705857816032186,0.0,5.225488151336015,0.0,4.957333333333333,0.0,88.2633333333333,93.22066666666665,78.33669467787114,0.04671586407294397,0.0,-0.04671586407294397,28.15008549171934,393.0591667766582,321.7630168331966,charge,3.1668347338935554,2026-08-04
2026-08-04 03:35:00,VIC1,15.08,0.01508,62.705857816032186,0.0,5.225488151336015,0.0,4.957333333333333,0.0,93.22066666666665,98.17799999999998,82.50252100840335,0.07880036132214711,0.0,-0.07880036132214711,28.071285130397193,398.2846549279942,321.7630168331966,charge,3.1668347338935554,2026-08-04
2026-08-04 03:40:00,VIC1,55.42,0.055420000000000004,0.0,0.0,0.0,0.0,0.0,0.0,98.17799999999998,98.17799999999998,82.50252100840335,0.0,0.0,0.0,28.071285130397193,398.2846549279942,321.7630168331966,idle,3.1668347338935554,2026-08-04
2026-08-04 03:45:00,VIC1,45.24,0.04524,0.0,0.0,0.0,0.0,0.0,0.0,98.17799999999998,98.17799999999998,82.50252100840335,0.0,0.0,0.0,28.071285130397193,398.2846549279942,321.7630168331966,idle,3.1668347338935554,2026-08-04
2026-08-04 03:50:00,VIC1,20.68,0.02068,0.0,0.0,0.0,0.0,0.0,0.0,98.17799999999998,98.17799999999998,82.50252100840335,0.0,0.0,0.0,28.071285130397193,398.2846549279942,321.7630168331966,idle,3.1668347338935554,2026-08-04
2026-08-04 03:55:00,VIC1,15.08,0.01508,62.705857816032186,0.0,5.225488151336015,0.0,4.957333333333333,0.0,98.17799999999998,103.13533333333332,86.66834733893556,0.07880036132214711,0.0,-0.07880036132214711,27.992484769075045,403.51014307933025,321.7630168331966,charge,3.1668347338935554,2026-08-04
2026-08-04 04:00:00,VIC1,8.93994,0.00893994,62.705857816032186,0.0,5.225488151336015,0.0,4.957333333333333,0.0,103.13533333333332,108.09266666666666,90.83417366946777,0.0467155505436549,0.0,-0.0467155505436549,27.94576921853139,408.7356312306663,321.7630168331966,charge,3.1668347338935554,2026-08-04
2026-08-04 04:05:00,VIC1,58.35,0.058350000000000006,0.0,0.0,0.0,0.0,0.0,0.0,108.09266666666666,108.09266666666666,90.83417366946777,0.0,0.0,0.0,27.94576921853139,408.7356312306663,321.7630168331966,idle,3.1668347338935554,2026-08-04
2026-08-04 04:10:00,VIC1,35.93993,0.035939929999999995,0.0,0.0,0.0,0.0,0.0,0.0,108.09266666666666,108.09266666666666,90.83417366946777,0.0,0.0,0.0,27.94576921853139,408.7356312306663,321.7630168331966,idle,3.1668347338935554,2026-08-04
2026-08-04 04:15:00,VIC1,8.93994,0.00893994,62.705857816032186,0.0,5.225488151336015,0.0,4.957333333333333,0.0,108.09266666666666,113.05,95.0,0.0467155505436549,0.0,-0.0467155505436549,27.899053667987733,413.9611193820023,321.7630168331966,charge,3.1668347338935554,2026-08-04
2026-08-04 04:20:00,VIC1,35.94,0.03594,0.0,0.0,0.0,0.0,0.0,0.0,113.05,113.05,95.0,0.0,0.0,0.0,27.899053667987733,413.9611193820023,321.7630168331966,idle,3.1668347338935554,2026-08-04
2026-08-04 04:25:00,VIC1,45.24,0.04524,0.0,0.0,0.0,0.0,0.0,0.0,113.05,113.05,95.0,0.0,0.0,0.0,27.899053667987733,413.9611193820023,321.7630168331966,idle,3.1668347338935554,2026-08-04
2026-08-04 04:30:00,VIC1,35.94,0.03594,0.0,0.0,0.0,0.0,0.0,0.0,113.05,113.05,95.0,0.0,0.0,0.0,27.899053667987733,413.9611193820023,321.7630168331966,idle,3.1668347338935554,2026-08-04
2026-08-04 04:35:00,VIC1,45.24,0.04524,0.0,0.0,0.0,0.0,0.0,0.0,113.05,113.05,95.0,0.0,0.0,0.0,27.899053667987733,413.9611193820023,321.7630168331966,idle,3.1668347338935554,2026-08-04
2026-08-04 04:40:00,VIC1,36.42,0.03642,0.0,0.0,0.0,0.0,0.0,0.0,113.05,113.05,95.0,0.0,0.0,0.0,27.899053667987733,413.9611193820023,321.7630168331966,idle,3.1668347338935554,2026-08-04
2026-08-04 04:45:00,VIC1,20.65,0.020649999999999998,0.0,0.0,0.0,0.0,0.0,0.0,113.05,113.05,95.0,0.0,0.0,0.0,27.899053667987733,413.9611193820023,321.7630168331966,idle,3.1668347338935554,2026-08-04
2026-08-04 04:50:00,VIC1,35.94,0.03594,0.0,0.0,0.0,0.0,0.0,0.0,113.05,113.05,95.0,0.0,0.0,0.0,27.899053667987733,413.9611193820023,321.7630168331966,idle,3.1668347338935554,2026-08-04
2026-08-04 04:55:00,VIC1,35.94,0.03594,0.0,0.0,0.0,0.0,0.0,0.0,113.05,113.05,95.0,0.0,0.0,0.0,27.899053667987733,413.9611193820023,321.7630168331966,idle,3.1668347338935554,2026-08-04
2026-08-04 05:00:00,VIC1,35.94,0.03594,0.0,0.0,0.0,0.0,0.0,0.0,113.05,113.05,95.0,0.0,0.0,0.0,27.899053667987733,413.9611193820023,321.7630168331966,idle,3.1668347338935554,2026-08-04
2026-08-04 05:05:00,VIC1,45.24,0.04524,0.0,0.0,0.0,0.0,0.0,0.0,113.05,113.05,95.0,0.0,0.0,0.0,27.899053667987733,413.9611193820023,321.7630168331966,idle,3.1668347338935554,2026-08-04
2026-08-04 05:10:00,VIC1,45.24,0.04524,0.0,0.0,0.0,0.0,0.0,0.0,113.05,113.05,95.0,0.0,0.0,0.0,27.899053667987733,413.9611193820023,321.7630168331966,idle,3.1668347338935554,2026-08-04
2026-08-04 05:15:00,VIC1,34.63989,0.03463989,-0.0,0.0,-0.0,0.0,-0.0,0.0,113.05,113.05,95.0,-0.0,0.0,0.0,27.899053667987733,413.9611193820023,321.7630168331966,idle,3.1668347338935554,2026-08-04
2026-08-04 05:20:00,VIC1,35.94,0.03594,0.0,0.0,0.0,0.0,0.0,0.0,113.05,113.05,95.0,0.0,0.0,0.0,27.899053667987733,413.9611193820023,321.7630168331966,idle,3.1668347338935554,2026-08-04
2026-08-04 05:25:00,VIC1,69.35059,0.06935059,0.0,0.0,0.0,0.0,0.0,0.0,113.05,113.05,95.0,0.0,0.0,0.0,27.899053667987733,413.9611193820023,321.7630168331966,idle,3.1668347338935554,2026-08-04
2026-08-04 05:30:00,VIC1,67.03283,0.06703283,0.0,0.0,0.0,0.0,0.0,0.0,113.05,113.05,95.0,0.0,0.0,0.0,27.899053667987733,413.9611193820023,321.7630168331966,idle,3.1668347338935554,2026-08-04
2026-08-04 05:35:00,VIC1,45.24,0.04524,0.0,0.0,0.0,0.0,0.0,0.0,113.05,113.05,95.0,0.0,0.0,0.0,27.899053667987733,413.9611193820023,321.7630168331966,idle,3.1668347338935554,2026-08-04
2026-08-04 05:40:00,VIC1,35.94,0.03594,0.0,0.0,0.0,0.0,0.0,0.0,113.05,113.05,95.0,0.0,0.0,0.0,27.899053667987733,413.9611193820023,321.7630168331966,idle,3.1668347338935554,2026-08-04
2026-08-04 05:45:00,VIC1,35.94,0.03594,0.0,0.0,0.0,0.0,0.0,0.0,113.05,113.05,95.0,0.0,0.0,0.0,27.899053667987733,413.9611193820023,321.7630168331966,idle,3.1668347338935554,2026-08-04
2026-08-04 05:50:00,VIC1,35.94,0.03594,0.0,0.0,0.0,0.0,0.0,0.0,113.05,113.05,95.0,0.0,0.0,0.0,27.899053667987733,413.9611193820023,321.7630168331966,idle,3.1668347338935554,2026-08-04
2026-08-04 05:55:00,VIC1,62.95,0.06295,0.0,0.0,0.0,0.0,0.0,0.0,113.05,113.05,95.0,0.0,0.0,0.0,27.899053667987733,413.9611193820023,321.7630168331966,idle,3.1668347338935554,2026-08-04
2026-08-04 06:00:00,VIC1,62.95,0.06295,0.0,0.0,0.0,0.0,0.0,0.0,113.05,113.05,95.0,0.0,0.0,0.0,27.899053667987733,413.9611193820023,321.7630168331966,idle,3.1668347338935554,2026-08-04
2026-08-04 06:05:00,VIC1,56.05,0.056049999999999996,0.0,0.0,0.0,0.0,0.0,0.0,113.05,113.05,95.0,0.0,0.0,0.0,27.899053667987733,413.9611193820023,321.7630168331966,idle,3.1668347338935554,2026-08-04
2026-08-04 06:10:00,VIC1,61.42,0.06142,0.0,0.0,0.0,0.0,0.0,0.0,113.05,113.05,95.0,0.0,0.0,0.0,27.899053667987733,413.9611193820023,321.7630168331966,idle,3.1668347338935554,2026-08-04
2026-08-04 06:15:00,VIC1,62.95,0.06295,0.0,0.0,0.0,0.0,0.0,0.0,113.05,113.05,95.0,0.0,0.0,0.0,27.899053667987733,413.9611193820023,321.7630168331966,idle,3.1668347338935554,2026-08-04
2026-08-04 06:20:00,VIC1,61.42,0.06142,0.0,0.0,0.0,0.0,0.0,0.0,113.05,113.05,95.0,0.0,0.0,0.0,27.899053667987733,413.9611193820023,321.7630168331966,idle,3.1668347338935554,2026-08-04
2026-08-04 06:25:00,VIC1,56.67,0.056670000000000005,0.0,0.0,0.0,0.0,0.0,0.0,113.05,113.05,95.0,0.0,0.0,0.0,27.899053667987733,413.9611193820023,321.7630168331966,idle,3.1668347338935554,2026-08-04
2026-08-04 06:30:00,VIC1,92.51882,0.09251882,0.0,69.0,0.0,5.75,0.0,6.061032181989394,113.05,106.98896781801061,89.90669564538707,0.0,0.531983215,0.531983215,28.431036882987733,413.9611193820023,327.5130168331966,discharge,3.223427004500366,2026-08-04
2026-08-04 06:35:00,VIC1,74.97,0.07497,0.0,0.0,0.0,0.0,0.0,0.0,106.98896781801061,106.98896781801061,89.90669564538707,0.0,0.0,0.0,28.431036882987733,413.9611193820023,327.5130168331966,idle,3.223427004500366,2026-08-04
2026-08-04 06:40:00,VIC1,75.48,0.07548,0.0,0.0,0.0,0.0,0.0,0.0,106.98896781801061,106.98896781801061,89.90669564538707,0.0,0.0,0.0,28.431036882987733,413.9611193820023,327.5130168331966,idle,3.223427004500366,2026-08-04
2026-08-04 06:45:00,VIC1,89.0,0.089,0.0,0.0,0.0,0.0,0.0,0.0,106.98896781801061,106.98896781801061,89.90669564538707,0.0,0.0,0.0,28.431036882987733,413.9611193820023,327.5130168331966,idle,3.223427004500366,2026-08-04
2026-08-04 06:50:00,VIC1,90.50272,0.09050272,0.0,0.0,0.0,0.0,0.0,0.0,106.98896781801061,106.98896781801061,89.90669564538707,0.0,0.0,0.0,28.431036882987733,413.9611193820023,327.5130168331966,idle,3.223427004500366,2026-08-04
2026-08-04 06:55:00,VIC1,91.4192,0.0914192,0.0,0.0,0.0,0.0,0.0,0.0,106.98896781801061,106.98896781801061,89.90669564538707,0.0,0.0,0.0,28.431036882987733,413.9611193820023,327.5130168331966,idle,3.223427004500366,2026-08-04
2026-08-04 07:00:00,VIC1,91.92115,0.09192115,0.0,31.305816103287146,0.0,2.608818008607262,0.0,2.7499356360212346,106.98896781801061,104.23903218198937,87.59582536301627,0.0,0.2398055514918894,0.2398055514918894,28.670842434479624,413.9611193820023,330.1218348418039,discharge,3.2491033409711525,2026-08-04
2026-08-04 07:05:00,VIC1,92.22458,0.09222458,0.0,69.0,0.0,5.75,0.0,6.061032181989394,104.23903218198937,98.17799999999998,82.50252100840335,0.0,0.530291335,0.530291335,29.201133769479625,413.9611193820023,335.8718348418039,discharge,3.3056956115779625,2026-08-04
2026-08-04 07:10:00,VIC1,91.79552,0.09179551999999999,0.0,0.0,0.0,0.0,0.0,0.0,98.17799999999998,98.17799999999998,82.50252100840335,0.0,0.0,0.0,29.201133769479625,413.9611193820023,335.8718348418039,idle,3.3056956115779625,2026-08-04
2026-08-04 07:15:00,VIC1,75.71,0.07571,0.0,0.0,0.0,0.0,0.0,0.0,98.17799999999998,98.17799999999998,82.50252100840335,0.0,0.0,0.0,29.201133769479625,413.9611193820023,335.8718348418039,idle,3.3056956115779625,2026-08-04
2026-08-04 07:20:00,VIC1,75.48,0.07548,0.0,0.0,0.0,0.0,0.0,0.0,98.17799999999998,98.17799999999998,82.50252100840335,0.0,0.0,0.0,29.201133769479625,413.9611193820023,335.8718348418039,idle,3.3056956115779625,2026-08-04
2026-08-04 07:25:00,VIC1,88.40183,0.08840183,0.0,0.0,0.0,0.0,0.0,0.0,98.17799999999998,98.17799999999998,82.50252100840335,0.0,0.0,0.0,29.201133769479625,413.9611193820023,335.8718348418039,idle,3.3056956115779625,2026-08-04
2026-08-04 07:30:00,VIC1,85.63989,0.08563989,0.0,0.0,0.0,0.0,0.0,0.0,98.17799999999998,98.17799999999998,82.50252100840335,0.0,0.0,0.0,29.201133769479625,413.9611193820023,335.8718348418039,idle,3.3056956115779625,2026-08-04
2026-08-04 07:35:00,VIC1,86.64701,0.08664701,0.0,0.0,0.0,0.0,0.0,0.0,98.17799999999998,98.17799999999998,82.50252100840335,0.0,0.0,0.0,29.201133769479625,413.9611193820023,335.8718348418039,idle,3.3056956115779625,2026-08-04
2026-08-04 07:40:00,VIC1,78.58013,0.07858013,0.0,0.0,0.0,0.0,0.0,0.0,98.17799999999998,98.17799999999998,82.50252100840335,0.0,0.0,0.0,29.201133769479625,413.9611193820023,335.8718348418039,idle,3.3056956115779625,2026-08-04
2026-08-04 07:45:00,VIC1,75.52,0.07552,0.0,0.0,0.0,0.0,0.0,0.0,98.17799999999998,98.17799999999998,82.50252100840335,0.0,0.0,0.0,29.201133769479625,413.9611193820023,335.8718348418039,idle,3.3056956115779625,2026-08-04
2026-08-04 07:50:00,VIC1,75.48,0.07548,0.0,0.0,0.0,0.0,0.0,0.0,98.17799999999998,98.17799999999998,82.50252100840335,0.0,0.0,0.0,29.201133769479625,413.9611193820023,335.8718348418039,idle,3.3056956115779625,2026-08-04
2026-08-04 07:55:00,VIC1,68.23334,0.06823334,0.0,0.0,0.0,0.0,0.0,0.0,98.17799999999998,98.17799999999998,82.50252100840335,0.0,0.0,0.0,29.201133769479625,413.9611193820023,335.8718348418039,idle,3.3056956115779625,2026-08-04
2026-08-04 08:00:00,VIC1,66.38818,0.06638818,0.0,0.0,0.0,0.0,0.0,0.0,98.17799999999998,98.17799999999998,82.50252100840335,0.0,0.0,0.0,29.201133769479625,413.9611193820023,335.8718348418039,idle,3.3056956115779625,2026-08-04
2026-08-04 08:05:00,VIC1,56.05,0.056049999999999996,0.0,0.0,0.0,0.0,0.0,0.0,98.17799999999998,98.17799999999998,82.50252100840335,0.0,0.0,0.0,29.201133769479625,413.9611193820023,335.8718348418039,idle,3.3056956115779625,2026-08-04
2026-08-04 08:10:00,VIC1,56.05,0.056049999999999996,0.0,0.0,0.0,0.0,0.0,0.0,98.17799999999998,98.17799999999998,82.50252100840335,0.0,0.0,0.0,29.201133769479625,413.9611193820023,335.8718348418039,idle,3.3056956115779625,2026-08-04
2026-08-04 08:15:00,VIC1,56.05,0.056049999999999996,0.0,0.0,0.0,0.0,0.0,0.0,98.17799999999998,98.17799999999998,82.50252100840335,0.0,0.0,0.0,29.201133769479625,413.9611193820023,335.8718348418039,idle,3.3056956115779625,2026-08-04
2026-08-04 08:20:00,VIC1,66.57073,0.06657073,0.0,0.0,0.0,0.0,0.0,0.0,98.17799999999998,98.17799999999998,82.50252100840335,0.0,0.0,0.0,29.201133769479625,413.9611193820023,335.8718348418039,idle,3.3056956115779625,2026-08-04
2026-08-04 08:25:00,VIC1,56.05,0.056049999999999996,0.0,0.0,0.0,0.0,0.0,0.0,98.17799999999998,98.17799999999998,82.50252100840335,0.0,0.0,0.0,29.201133769479625,413.9611193820023,335.8718348418039,idle,3.3056956115779625,2026-08-04
2026-08-04 08:30:00,VIC1,56.11,0.05611,0.0,0.0,0.0,0.0,0.0,0.0,98.17799999999998,98.17799999999998,82.50252100840335,0.0,0.0,0.0,29.201133769479625,413.9611193820023,335.8718348418039,idle,3.3056956115779625,2026-08-04
2026-08-04 08:35:00,VIC1,63.28014,0.06328014,0.0,0.0,0.0,0.0,0.0,0.0,98.17799999999998,98.17799999999998,82.50252100840335,0.0,0.0,0.0,29.201133769479625,413.9611193820023,335.8718348418039,idle,3.3056956115779625,2026-08-04
2026-08-04 08:40:00,VIC1,68.08313,0.06808312999999999,0.0,0.0,0.0,0.0,0.0,0.0,98.17799999999998,98.17799999999998,82.50252100840335,0.0,0.0,0.0,29.201133769479625,413.9611193820023,335.8718348418039,idle,3.3056956115779625,2026-08-04
2026-08-04 08:45:00,VIC1,64.27644,0.06427643999999999,0.0,0.0,0.0,0.0,0.0,0.0,98.17799999999998,98.17799999999998,82.50252100840335,0.0,0.0,0.0,29.201133769479625,413.9611193820023,335.8718348418039,idle,3.3056956115779625,2026-08-04
2026-08-04 08:50:00,VIC1,64.83873,0.06483873,0.0,0.0,0.0,0.0,0.0,0.0,98.17799999999998,98.17799999999998,82.50252100840335,0.0,0.0,0.0,29.201133769479625,413.9611193820023,335.8718348418039,idle,3.3056956115779625,2026-08-04
2026-08-04 08:55:00,VIC1,56.05,0.056049999999999996,0.0,0.0,0.0,0.0,0.0,0.0,98.17799999999998,98.17799999999998,82.50252100840335,0.0,0.0,0.0,29.201133769479625,413.9611193820023,335.8718348418039,idle,3.3056956115779625,2026-08-04
2026-08-04 09:00:00,VIC1,54.68656,0.05468656,0.0,0.0,0.0,0.0,0.0,0.0,98.17799999999998,98.17799999999998,82.50252100840335,0.0,0.0,0.0,29.201133769479625,413.9611193820023,335.8718348418039,idle,3.3056956115779625,2026-08-04
2026-08-04 09:05:00,VIC1,75.48,0.07548,0.0,0.0,0.0,0.0,0.0,0.0,98.17799999999998,98.17799999999998,82.50252100840335,0.0,0.0,0.0,29.201133769479625,413.9611193820023,335.8718348418039,idle,3.3056956115779625,2026-08-04
2026-08-04 09:10:00,VIC1,70.85102,0.07085102,0.0,0.0,0.0,0.0,0.0,0.0,98.17799999999998,98.17799999999998,82.50252100840335,0.0,0.0,0.0,29.201133769479625,413.9611193820023,335.8718348418039,idle,3.3056956115779625,2026-08-04
2026-08-04 09:15:00,VIC1,67.7618,0.0677618,0.0,0.0,0.0,0.0,0.0,0.0,98.17799999999998,98.17799999999998,82.50252100840335,0.0,0.0,0.0,29.201133769479625,413.9611193820023,335.8718348418039,idle,3.3056956115779625,2026-08-04
2026-08-04 09:20:00,VIC1,54.94434,0.05494434,0.0,0.0,0.0,0.0,0.0,0.0,98.17799999999998,98.17799999999998,82.50252100840335,0.0,0.0,0.0,29.201133769479625,413.9611193820023,335.8718348418039,idle,3.3056956115779625,2026-08-04
2026-08-04 09:25:00,VIC1,30.21,0.03021,62.705857816032186,0.0,5.225488151336015,0.0,4.957333333333333,0.0,98.17799999999998,103.13533333333332,86.66834733893556,0.15786199705186102,0.0,-0.15786199705186102,29.043271772427765,419.18660753333836,335.8718348418039,charge,3.3056956115779625,2026-08-04
2026-08-04 09:30:00,VIC1,51.46364,0.05146364,0.0,0.0,0.0,0.0,0.0,0.0,103.13533333333332,103.13533333333332,86.66834733893556,0.0,0.0,0.0,29.043271772427765,419.18660753333836,335.8718348418039,idle,3.3056956115779625,2026-08-04
2026-08-04 09:35:00,VIC1,36.42,0.03642,62.705857816032186,0.0,5.225488151336015,0.0,4.957333333333333,0.0,103.13533333333332,108.09266666666666,90.83417366946777,0.1903122784716577,0.0,-0.1903122784716577,28.852959493956106,424.4120956846744,335.8718348418039,charge,3.3056956115779625,2026-08-04
2026-08-04 09:40:00,VIC1,51.01664,0.05101664,0.0,0.0,0.0,0.0,0.0,0.0,108.09266666666666,108.09266666666666,90.83417366946777,0.0,0.0,0.0,28.852959493956106,424.4120956846744,335.8718348418039,idle,3.3056956115779625,2026-08-04
2026-08-04 09:45:00,VIC1,51.80576,0.05180576,0.0,0.0,0.0,0.0,0.0,0.0,108.09266666666666,108.09266666666666,90.83417366946777,0.0,0.0,0.0,28.852959493956106,424.4120956846744,335.8718348418039,idle,3.3056956115779625,2026-08-04
2026-08-04 09:50:00,VIC1,43.76481,0.04376481,0.0,0.0,0.0,0.0,0.0,0.0,108.09266666666666,108.09266666666666,90.83417366946777,0.0,0.0,0.0,28.852959493956106,424.4120956846744,335.8718348418039,idle,3.3056956115779625,2026-08-04
2026-08-04 09:55:00,VIC1,54.35608,0.05435608,0.0,0.0,0.0,0.0,0.0,0.0,108.09266666666666,108.09266666666666,90.83417366946777,0.0,0.0,0.0,28.852959493956106,424.4120956846744,335.8718348418039,idle,3.3056956115779625,2026-08-04
2026-08-04 10:00:00,VIC1,55.25,0.05525,0.0,0.0,0.0,0.0,0.0,0.0,108.09266666666666,108.09266666666666,90.83417366946777,0.0,0.0,0.0,28.852959493956106,424.4120956846744,335.8718348418039,idle,3.3056956115779625,2026-08-04
2026-08-04 10:05:00,VIC1,54.65742,0.054657420000000005,0.0,0.0,0.0,0.0,0.0,0.0,108.09266666666666,108.09266666666666,90.83417366946777,0.0,0.0,0.0,28.852959493956106,424.4120956846744,335.8718348418039,idle,3.3056956115779625,2026-08-04
2026-08-04 10:10:00,VIC1,55.25,0.05525,0.0,0.0,0.0,0.0,0.0,0.0,108.09266666666666,108.09266666666666,90.83417366946777,0.0,0.0,0.0,28.852959493956106,424.4120956846744,335.8718348418039,idle,3.3056956115779625,2026-08-04
2026-08-04 10:15:00,VIC1,55.25,0.05525,0.0,0.0,0.0,0.0,0.0,0.0,108.09266666666666,108.09266666666666,90.83417366946777,0.0,0.0,0.0,28.852959493956106,424.4120956846744,335.8718348418039,idle,3.3056956115779625,2026-08-04
2026-08-04 10:20:00,VIC1,55.72443,0.05572443,0.0,0.0,0.0,0.0,0.0,0.0,108.09266666666666,108.09266666666666,90.83417366946777,0.0,0.0,0.0,28.852959493956106,424.4120956846744,335.8718348418039,idle,3.3056956115779625,2026-08-04
2026-08-04 10:25:00,VIC1,54.73369,0.05473369,0.0,0.0,0.0,0.0,0.0,0.0,108.09266666666666,108.09266666666666,90.83417366946777,0.0,0.0,0.0,28.852959493956106,424.4120956846744,335.8718348418039,idle,3.3056956115779625,2026-08-04
2026-08-04 10:30:00,VIC1,56.62333,0.056623330000000006,0.0,0.0,0.0,0.0,0.0,0.0,108.09266666666666,108.09266666666666,90.83417366946777,0.0,0.0,0.0,28.852959493956106,424.4120956846744,335.8718348418039,idle,3.3056956115779625,2026-08-04
2026-08-04 10:35:00,VIC1,57.07302,0.05707302,0.0,0.0,0.0,0.0,0.0,0.0,108.09266666666666,108.09266666666666,90.83417366946777,0.0,0.0,0.0,28.852959493956106,424.4120956846744,335.8718348418039,idle,3.3056956115779625,2026-08-04
2026-08-04 10:40:00,VIC1,30.21,0.03021,62.705857816032186,0.0,5.225488151336015,0.0,4.957333333333333,0.0,108.09266666666666,113.05,95.0,0.15786199705186102,0.0,-0.15786199705186102,28.695097496904246,429.63758383601044,335.8718348418039,charge,3.3056956115779625,2026-08-04
2026-08-04 10:45:00,VIC1,55.81445,0.05581445,0.0,0.0,0.0,0.0,0.0,0.0,113.05,113.05,95.0,0.0,0.0,0.0,28.695097496904246,429.63758383601044,335.8718348418039,idle,3.3056956115779625,2026-08-04
2026-08-04 10:50:00,VIC1,45.08813,0.04508813,0.0,0.0,0.0,0.0,0.0,0.0,113.05,113.05,95.0,0.0,0.0,0.0,28.695097496904246,429.63758383601044,335.8718348418039,idle,3.3056956115779625,2026-08-04
2026-08-04 10:55:00,VIC1,43.38853,0.04338853,0.0,0.0,0.0,0.0,0.0,0.0,113.05,113.05,95.0,0.0,0.0,0.0,28.695097496904246,429.63758383601044,335.8718348418039,idle,3.3056956115779625,2026-08-04
2026-08-04 11:00:00,VIC1,44.49904,0.044499040000000004,0.0,0.0,0.0,0.0,0.0,0.0,113.05,113.05,95.0,0.0,0.0,0.0,28.695097496904246,429.63758383601044,335.8718348418039,idle,3.3056956115779625,2026-08-04
2026-08-04 11:05:00,VIC1,55.96921,0.05596921,0.0,0.0,0.0,0.0,0.0,0.0,113.05,113.05,95.0,0.0,0.0,0.0,28.695097496904246,429.63758383601044,335.8718348418039,idle,3.3056956115779625,2026-08-04
2026-08-04 11:10:00,VIC1,57.8718,0.0578718,0.0,0.0,0.0,0.0,0.0,0.0,113.05,113.05,95.0,0.0,0.0,0.0,28.695097496904246,429.63758383601044,335.8718348418039,idle,3.3056956115779625,2026-08-04
2026-08-04 11:15:00,VIC1,57.43132,0.05743132,0.0,0.0,0.0,0.0,0.0,0.0,113.05,113.05,95.0,0.0,0.0,0.0,28.695097496904246,429.63758383601044,335.8718348418039,idle,3.3056956115779625,2026-08-04
2026-08-04 11:20:00,VIC1,58.35,0.058350000000000006,0.0,0.0,0.0,0.0,0.0,0.0,113.05,113.05,95.0,0.0,0.0,0.0,28.695097496904246,429.63758383601044,335.8718348418039,idle,3.3056956115779625,2026-08-04
2026-08-04 11:25:00,VIC1,58.35,0.058350000000000006,0.0,0.0,0.0,0.0,0.0,0.0,113.05,113.05,95.0,0.0,0.0,0.0,28.695097496904246,429.63758383601044,335.8718348418039,idle,3.3056956115779625,2026-08-04
2026-08-04 11:30:00,VIC1,58.35,0.058350000000000006,0.0,0.0,0.0,0.0,0.0,0.0,113.05,113.05,95.0,0.0,0.0,0.0,28.695097496904246,429.63758383601044,335.8718348418039,idle,3.3056956115779625,2026-08-04
2026-08-04 11:35:00,VIC1,47.1053,0.0471053,0.0,0.0,0.0,0.0,0.0,0.0,113.05,113.05,95.0,0.0,0.0,0.0,28.695097496904246,429.63758383601044,335.8718348418039,idle,3.3056956115779625,2026-08-04
2026-08-04 11:40:00,VIC1,64.0,0.064,0.0,0.0,0.0,0.0,0.0,0.0,113.05,113.05,95.0,0.0,0.0,0.0,28.695097496904246,429.63758383601044,335.8718348418039,idle,3.3056956115779625,2026-08-04
2026-08-04 11:45:00,VIC1,64.97353,0.06497353,0.0,0.0,0.0,0.0,0.0,0.0,113.05,113.05,95.0,0.0,0.0,0.0,28.695097496904246,429.63758383601044,335.8718348418039,idle,3.3056956115779625,2026-08-04
2026-08-04 11:50:00,VIC1,87.64,0.08764,0.0,0.0,0.0,0.0,0.0,0.0,113.05,113.05,95.0,0.0,0.0,0.0,28.695097496904246,429.63758383601044,335.8718348418039,idle,3.3056956115779625,2026-08-04
2026-08-04 11:55:00,VIC1,80.01527,0.08001527,0.0,0.0,0.0,0.0,0.0,0.0,113.05,113.05,95.0,0.0,0.0,0.0,28.695097496904246,429.63758383601044,335.8718348418039,idle,3.3056956115779625,2026-08-04
2026-08-04 12:00:00,VIC1,53.35042,0.05335042,0.0,0.0,0.0,0.0,0.0,0.0,113.05,113.05,95.0,0.0,0.0,0.0,28.695097496904246,429.63758383601044,335.8718348418039,idle,3.3056956115779625,2026-08-04
2026-08-04 12:05:00,VIC1,47.08811,0.04708811,0.0,0.0,0.0,0.0,0.0,0.0,113.05,113.05,95.0,0.0,0.0,0.0,28.695097496904246,429.63758383601044,335.8718348418039,idle,3.3056956115779625,2026-08-04
2026-08-04 12:10:00,VIC1,61.42,0.06142,0.0,0.0,0.0,0.0,0.0,0.0,113.05,113.05,95.0,0.0,0.0,0.0,28.695097496904246,429.63758383601044,335.8718348418039,idle,3.3056956115779625,2026-08-04
2026-08-04 12:15:00,VIC1,75.4,0.07540000000000001,0.0,0.0,0.0,0.0,0.0,0.0,113.05,113.05,95.0,0.0,0.0,0.0,28.695097496904246,429.63758383601044,335.8718348418039,idle,3.3056956115779625,2026-08-04
2026-08-04 12:20:00,VIC1,75.4,0.07540000000000001,0.0,0.0,0.0,0.0,0.0,0.0,113.05,113.05,95.0,0.0,0.0,0.0,28.695097496904246,429.63758383601044,335.8718348418039,idle,3.3056956115779625,2026-08-04
2026-08-04 12:25:00,VIC1,58.35,0.058350000000000006,0.0,0.0,0.0,0.0,0.0,0.0,113.05,113.05,95.0,0.0,0.0,0.0,28.695097496904246,429.63758383601044,335.8718348418039,idle,3.3056956115779625,2026-08-04
2026-08-04 12:30:00,VIC1,61.42,0.06142,0.0,0.0,0.0,0.0,0.0,0.0,113.05,113.05,95.0,0.0,0.0,0.0,28.695097496904246,429.63758383601044,335.8718348418039,idle,3.3056956115779625,2026-08-04
2026-08-04 12:35:00,VIC1,70.1779,0.0701779,0.0,0.0,0.0,0.0,0.0,0.0,113.05,113.05,95.0,0.0,0.0,0.0,28.695097496904246,429.63758383601044,335.8718348418039,idle,3.3056956115779625,2026-08-04
2026-08-04 12:40:00,VIC1,61.42,0.06142,0.0,0.0,0.0,0.0,0.0,0.0,113.05,113.05,95.0,0.0,0.0,0.0,28.695097496904246,429.63758383601044,335.8718348418039,idle,3.3056956115779625,2026-08-04
2026-08-04 12:45:00,VIC1,74.7478,0.0747478,0.0,0.0,0.0,0.0,0.0,0.0,113.05,113.05,95.0,0.0,0.0,0.0,28.695097496904246,429.63758383601044,335.8718348418039,idle,3.3056956115779625,2026-08-04
2026-08-04 12:50:00,VIC1,61.42,0.06142,0.0,0.0,0.0,0.0,0.0,0.0,113.05,113.05,95.0,0.0,0.0,0.0,28.695097496904246,429.63758383601044,335.8718348418039,idle,3.3056956115779625,2026-08-04
2026-08-04 12:55:00,VIC1,99.21,0.09920999999999999,0.0,0.0,0.0,0.0,0.0,0.0,113.05,113.05,95.0,0.0,0.0,0.0,28.695097496904246,429.63758383601044,335.8718348418039,idle,3.3056956115779625,2026-08-04
2026-08-04 13:00:00,VIC1,93.86538,0.09386538,0.0,0.0,0.0,0.0,0.0,0.0,113.05,113.05,95.0,0.0,0.0,0.0,28.695097496904246,429.63758383601044,335.8718348418039,idle,3.3056956115779625,2026-08-04
2026-08-04 13:05:00,VIC1,84.42,0.08442000000000001,0.0,0.0,0.0,0.0,0.0,0.0,113.05,113.05,95.0,0.0,0.0,0.0,28.695097496904246,429.63758383601044,335.8718348418039,idle,3.3056956115779625,2026-08-04
2026-08-04 13:10:00,VIC1,98.5,0.0985,0.0,0.0,0.0,0.0,0.0,0.0,113.05,113.05,95.0,0.0,0.0,0.0,28.695097496904246,429.63758383601044,335.8718348418039,idle,3.3056956115779625,2026-08-04
2026-08-04 13:15:00,VIC1,97.11749,0.09711749,0.0,0.0,0.0,0.0,0.0,0.0,113.05,113.05,95.0,0.0,0.0,0.0,28.695097496904246,429.63758383601044,335.8718348418039,idle,3.3056956115779625,2026-08-04
2026-08-04 13:20:00,VIC1,99.21,0.09920999999999999,0.0,0.0,0.0,0.0,0.0,0.0,113.05,113.05,95.0,0.0,0.0,0.0,28.695097496904246,429.63758383601044,335.8718348418039,idle,3.3056956115779625,2026-08-04
2026-08-04 13:25:00,VIC1,94.3059,0.0943059,0.0,0.0,0.0,0.0,0.0,0.0,113.05,113.05,95.0,0.0,0.0,0.0,28.695097496904246,429.63758383601044,335.8718348418039,idle,3.3056956115779625,2026-08-04
2026-08-04 13:30:00,VIC1,92.71373,0.09271373,0.0,0.0,0.0,0.0,0.0,0.0,113.05,113.05,95.0,0.0,0.0,0.0,28.695097496904246,429.63758383601044,335.8718348418039,idle,3.3056956115779625,2026-08-04
2026-08-04 13:35:00,VIC1,84.42,0.08442000000000001,0.0,0.0,0.0,0.0,0.0,0.0,113.05,113.05,95.0,0.0,0.0,0.0,28.695097496904246,429.63758383601044,335.8718348418039,idle,3.3056956115779625,2026-08-04
2026-08-04 13:40:00,VIC1,91.07403,0.09107403,0.0,0.0,0.0,0.0,0.0,0.0,113.05,113.05,95.0,0.0,0.0,0.0,28.695097496904246,429.63758383601044,335.8718348418039,idle,3.3056956115779625,2026-08-04
2026-08-04 13:45:00,VIC1,92.13015,0.09213015000000001,0.0,0.0,0.0,0.0,0.0,0.0,113.05,113.05,95.0,0.0,0.0,0.0,28.695097496904246,429.63758383601044,335.8718348418039,idle,3.3056956115779625,2026-08-04
2026-08-04 13:50:00,VIC1,124.42,0.12442,0.0,43.87054406885808,0.0,3.6558786724048398,0.0,3.853634484677286,113.05,109.19636551532271,91.7616516935485,0.0,0.45486442442061015,0.45486442442061015,29.149961921324856,429.63758383601044,339.52771351420876,discharge,3.3416772594274238,2026-08-04
2026-08-04 13:55:00,VIC1,104.67227,0.10467227,0.0,0.0,0.0,0.0,0.0,0.0,109.19636551532271,109.19636551532271,91.7616516935485,0.0,0.0,0.0,29.149961921324856,429.63758383601044,339.52771351420876,idle,3.3416772594274238,2026-08-04
2026-08-04 14:00:00,VIC1,123.58169,0.12358169,0.0,0.0,0.0,0.0,0.0,0.0,109.19636551532271,109.19636551532271,91.7616516935485,0.0,0.0,0.0,29.149961921324856,429.63758383601044,339.52771351420876,idle,3.3416772594274238,2026-08-04
2026-08-04 14:05:00,VIC1,124.30517,0.12430517,0.0,0.0,0.0,0.0,0.0,0.0,109.19636551532271,109.19636551532271,91.7616516935485,0.0,0.0,0.0,29.149961921324856,429.63758383601044,339.52771351420876,idle,3.3416772594274238,2026-08-04
2026-08-04 14:10:00,VIC1,119.72406,0.11972406,0.0,0.0,0.0,0.0,0.0,0.0,109.19636551532271,109.19636551532271,91.7616516935485,0.0,0.0,0.0,29.149961921324856,429.63758383601044,339.52771351420876,idle,3.3416772594274238,2026-08-04
2026-08-04 14:15:00,VIC1,89.0,0.089,0.0,0.0,0.0,0.0,0.0,0.0,109.19636551532271,109.19636551532271,91.7616516935485,0.0,0.0,0.0,29.149961921324856,429.63758383601044,339.52771351420876,idle,3.3416772594274238,2026-08-04
2026-08-04 14:20:00,VIC1,94.3059,0.0943059,0.0,0.0,0.0,0.0,0.0,0.0,109.19636551532271,109.19636551532271,91.7616516935485,0.0,0.0,0.0,29.149961921324856,429.63758383601044,339.52771351420876,idle,3.3416772594274238,2026-08-04
2026-08-04 14:25:00,VIC1,94.73579,0.09473579,0.0,0.0,0.0,0.0,0.0,0.0,109.19636551532271,109.19636551532271,91.7616516935485,0.0,0.0,0.0,29.149961921324856,429.63758383601044,339.52771351420876,idle,3.3416772594274238,2026-08-04
2026-08-04 14:30:00,VIC1,92.0735,0.0920735,0.0,0.0,0.0,0.0,0.0,0.0,109.19636551532271,109.19636551532271,91.7616516935485,0.0,0.0,0.0,29.149961921324856,429.63758383601044,339.52771351420876,idle,3.3416772594274238,2026-08-04
2026-08-04 14:35:00,VIC1,98.5,0.0985,0.0,0.0,0.0,0.0,0.0,0.0,109.19636551532271,109.19636551532271,91.7616516935485,0.0,0.0,0.0,29.149961921324856,429.63758383601044,339.52771351420876,idle,3.3416772594274238,2026-08-04
2026-08-04 14:40:00,VIC1,91.78539,0.09178539000000001,0.0,0.0,0.0,0.0,0.0,0.0,109.19636551532271,109.19636551532271,91.7616516935485,0.0,0.0,0.0,29.149961921324856,429.63758383601044,339.52771351420876,idle,3.3416772594274238,2026-08-04
2026-08-04 14:45:00,VIC1,89.17103,0.08917103,0.0,0.0,0.0,0.0,0.0,0.0,109.19636551532271,109.19636551532271,91.7616516935485,0.0,0.0,0.0,29.149961921324856,429.63758383601044,339.52771351420876,idle,3.3416772594274238,2026-08-04
2026-08-04 14:50:00,VIC1,92.25308,0.09225308,0.0,0.0,0.0,0.0,0.0,0.0,109.19636551532271,109.19636551532271,91.7616516935485,0.0,0.0,0.0,29.149961921324856,429.63758383601044,339.52771351420876,idle,3.3416772594274238,2026-08-04
2026-08-04 14:55:00,VIC1,90.32534,0.09032534,0.0,0.0,0.0,0.0,0.0,0.0,109.19636551532271,109.19636551532271,91.7616516935485,0.0,0.0,0.0,29.149961921324856,429.63758383601044,339.52771351420876,idle,3.3416772594274238,2026-08-04
2026-08-04 15:00:00,VIC1,92.08749,0.09208749000000001,0.0,0.0,0.0,0.0,0.0,0.0,109.19636551532271,109.19636551532271,91.7616516935485,0.0,0.0,0.0,29.149961921324856,429.63758383601044,339.52771351420876,idle,3.3416772594274238,2026-08-04
2026-08-04 15:05:00,VIC1,92.34143,0.09234143,0.0,0.0,0.0,0.0,0.0,0.0,109.19636551532271,109.19636551532271,91.7616516935485,0.0,0.0,0.0,29.149961921324856,429.63758383601044,339.52771351420876,idle,3.3416772594274238,2026-08-04
2026-08-04 15:10:00,VIC1,91.55819,0.09155819,0.0,0.0,0.0,0.0,0.0,0.0,109.19636551532271,109.19636551532271,91.7616516935485,0.0,0.0,0.0,29.149961921324856,429.63758383601044,339.52771351420876,idle,3.3416772594274238,2026-08-04
2026-08-04 15:15:00,VIC1,93.3167,0.0933167,0.0,0.0,0.0,0.0,0.0,0.0,109.19636551532271,109.19636551532271,91.7616516935485,0.0,0.0,0.0,29.149961921324856,429.63758383601044,339.52771351420876,idle,3.3416772594274238,2026-08-04
2026-08-04 15:20:00,VIC1,94.29051,0.09429051,0.0,0.0,0.0,0.0,0.0,0.0,109.19636551532271,109.19636551532271,91.7616516935485,0.0,0.0,0.0,29.149961921324856,429.63758383601044,339.52771351420876,idle,3.3416772594274238,2026-08-04
2026-08-04 15:25:00,VIC1,124.42,0.12442,0.0,0.0,0.0,0.0,0.0,0.0,109.19636551532271,109.19636551532271,91.7616516935485,0.0,0.0,0.0,29.149961921324856,429.63758383601044,339.52771351420876,idle,3.3416772594274238,2026-08-04
2026-08-04 15:30:00,VIC1,92.6773,0.0926773,0.0,0.0,0.0,0.0,0.0,0.0,109.19636551532271,109.19636551532271,91.7616516935485,0.0,0.0,0.0,29.149961921324856,429.63758383601044,339.52771351420876,idle,3.3416772594274238,2026-08-04
2026-08-04 15:35:00,VIC1,93.01415,0.09301415,0.0,0.0,0.0,0.0,0.0,0.0,109.19636551532271,109.19636551532271,91.7616516935485,0.0,0.0,0.0,29.149961921324856,429.63758383601044,339.52771351420876,idle,3.3416772594274238,2026-08-04
2026-08-04 15:40:00,VIC1,93.99756,0.09399756,0.0,0.0,0.0,0.0,0.0,0.0,109.19636551532271,109.19636551532271,91.7616516935485,0.0,0.0,0.0,29.149961921324856,429.63758383601044,339.52771351420876,idle,3.3416772594274238,2026-08-04
2026-08-04 15:45:00,VIC1,115.89,0.11589,0.0,0.0,0.0,0.0,0.0,0.0,109.19636551532271,109.19636551532271,91.7616516935485,0.0,0.0,0.0,29.149961921324856,429.63758383601044,339.52771351420876,idle,3.3416772594274238,2026-08-04
2026-08-04 15:50:00,VIC1,130.36248,0.13036248,0.0,69.0,0.0,5.75,0.0,6.061032181989394,109.19636551532271,103.13533333333332,86.66834733893556,0.0,0.74958426,0.74958426,29.899546181324855,429.63758383601044,345.27771351420876,discharge,3.3982695300342343,2026-08-04
2026-08-04 15:55:00,VIC1,73.34191,0.07334191,0.0,0.0,0.0,0.0,0.0,0.0,103.13533333333332,103.13533333333332,86.66834733893556,0.0,0.0,0.0,29.899546181324855,429.63758383601044,345.27771351420876,idle,3.3982695300342343,2026-08-04
2026-08-04 16:00:00,VIC1,80.5,0.0805,0.0,0.0,0.0,0.0,0.0,0.0,103.13533333333332,103.13533333333332,86.66834733893556,0.0,0.0,0.0,29.899546181324855,429.63758383601044,345.27771351420876,idle,3.3982695300342343,2026-08-04
2026-08-04 16:05:00,VIC1,86.33081,0.08633081000000001,0.0,0.0,0.0,0.0,0.0,0.0,103.13533333333332,103.13533333333332,86.66834733893556,0.0,0.0,0.0,29.899546181324855,429.63758383601044,345.27771351420876,idle,3.3982695300342343,2026-08-04
2026-08-04 16:10:00,VIC1,61.44922,0.06144922,62.705857816032186,0.0,5.225488151336015,0.0,4.957333333333333,0.0,103.13533333333332,108.09266666666666,90.83417366946777,0.3211021710188401,0.0,-0.3211021710188401,29.578444010306015,434.8630719873465,345.27771351420876,charge,3.3982695300342343,2026-08-04
2026-08-04 16:15:00,VIC1,39.30791,0.03930791,62.705857816032186,0.0,5.225488151336015,0.0,4.957333333333333,0.0,108.09266666666666,113.05,95.0,0.20540301795878246,0.0,-0.20540301795878246,29.37304099234723,440.0885601386825,345.27771351420876,charge,3.3982695300342343,2026-08-04
2026-08-04 16:20:00,VIC1,75.4,0.07540000000000001,0.0,0.0,0.0,0.0,0.0,0.0,113.05,113.05,95.0,0.0,0.0,0.0,29.37304099234723,440.0885601386825,345.27771351420876,idle,3.3982695300342343,2026-08-04
2026-08-04 16:25:00,VIC1,88.33104,0.08833104,0.0,0.0,0.0,0.0,0.0,0.0,113.05,113.05,95.0,0.0,0.0,0.0,29.37304099234723,440.0885601386825,345.27771351420876,idle,3.3982695300342343,2026-08-04
2026-08-04 16:30:00,VIC1,94.97126,0.09497126,0.0,0.0,0.0,0.0,0.0,0.0,113.05,113.05,95.0,0.0,0.0,0.0,29.37304099234723,440.0885601386825,345.27771351420876,idle,3.3982695300342343,2026-08-04
2026-08-04 16:35:00,VIC1,94.67679,0.09467679,0.0,0.0,0.0,0.0,0.0,0.0,113.05,113.05,95.0,0.0,0.0,0.0,29.37304099234723,440.0885601386825,345.27771351420876,idle,3.3982695300342343,2026-08-04
2026-08-04 16:40:00,VIC1,110.4,0.11040000000000001,0.0,0.0,0.0,0.0,0.0,0.0,113.05,113.05,95.0,0.0,0.0,0.0,29.37304099234723,440.0885601386825,345.27771351420876,idle,3.3982695300342343,2026-08-04
2026-08-04 16:45:00,VIC1,115.11265,0.11511265000000001,0.0,0.0,0.0,0.0,0.0,0.0,113.05,113.05,95.0,0.0,0.0,0.0,29.37304099234723,440.0885601386825,345.27771351420876,idle,3.3982695300342343,2026-08-04
2026-08-04 16:50:00,VIC1,127.55903,0.12755903000000002,0.0,-0.0,0.0,-0.0,0.0,-0.0,113.05,113.05,95.0,0.0,-0.0,-0.0,29.37304099234723,440.0885601386825,345.27771351420876,idle,3.3982695300342343,2026-08-04
2026-08-04 16:55:00,VIC1,132.55623,0.13255623,0.0,69.0,0.0,5.75,0.0,6.061032181989394,113.05,106.98896781801061,89.90669564538707,0.0,0.7621983225,0.7621983225,30.135239314847233,440.0885601386825,351.02771351420876,discharge,3.4548618006410448,2026-08-04
2026-08-04 17:00:00,VIC1,160.16796,0.16016796,0.0,69.0,0.0,5.75,0.0,6.061032181989394,106.98896781801061,100.92793563602122,84.81339129077413,0.0,0.92096577,0.92096577,31.05620508484723,440.0885601386825,356.77771351420876,discharge,3.511454071247855,2026-08-04
2026-08-04 17:05:00,VIC1,121.94413,0.12194413,0.0,0.0,0.0,0.0,0.0,0.0,100.92793563602122,100.92793563602122,84.81339129077413,0.0,0.0,0.0,31.05620508484723,440.0885601386825,356.77771351420876,idle,3.511454071247855,2026-08-04
2026-08-04 17:10:00,VIC1,108.36025,0.10836024999999999,0.0,0.0,0.0,0.0,0.0,0.0,100.92793563602122,100.92793563602122,84.81339129077413,0.0,0.0,0.0,31.05620508484723,440.0885601386825,356.77771351420876,idle,3.511454071247855,2026-08-04
2026-08-04 17:15:00,VIC1,117.61615,0.11761615,0.0,0.0,0.0,0.0,0.0,0.0,100.92793563602122,100.92793563602122,84.81339129077413,0.0,0.0,0.0,31.05620508484723,440.0885601386825,356.77771351420876,idle,3.511454071247855,2026-08-04
2026-08-04 17:20:00,VIC1,119.75122,0.11975122,0.0,0.0,0.0,0.0,0.0,0.0,100.92793563602122,100.92793563602122,84.81339129077413,0.0,0.0,0.0,31.05620508484723,440.0885601386825,356.77771351420876,idle,3.511454071247855,2026-08-04
2026-08-04 17:25:00,VIC1,123.54666,0.12354666,0.0,0.0,0.0,0.0,0.0,0.0,100.92793563602122,100.92793563602122,84.81339129077413,0.0,0.0,0.0,31.05620508484723,440.0885601386825,356.77771351420876,idle,3.511454071247855,2026-08-04
2026-08-04 17:30:00,VIC1,130.21419,0.13021419,0.0,69.0,0.0,5.75,0.0,6.061032181989394,100.92793563602122,94.86690345403183,79.72008693616121,0.0,0.7487315925,0.7487315925,31.804936677347232,440.0885601386825,362.52771351420876,discharge,3.5680463418546653,2026-08-04
2026-08-04 17:35:00,VIC1,122.18147,0.12218147,0.0,0.0,0.0,0.0,0.0,0.0,94.86690345403183,94.86690345403183,79.72008693616121,0.0,0.0,0.0,31.804936677347232,440.0885601386825,362.52771351420876,idle,3.5680463418546653,2026-08-04
2026-08-04 17:40:00,VIC1,138.10587,0.13810587000000002,0.0,69.0,0.0,5.75,0.0,6.061032181989394,94.86690345403183,88.80587127204244,74.62678258154827,0.0,0.7941087525000001,0.7941087525000001,32.59904542984723,440.0885601386825,368.27771351420876,discharge,3.624638612461476,2026-08-04
2026-08-04 17:45:00,VIC1,131.63717,0.13163717,0.0,69.0,0.0,5.75,0.0,6.061032181989394,88.80587127204244,82.74483909005305,69.53347822693533,0.0,0.7569137275,0.7569137275,33.35595915734723,440.0885601386825,374.02771351420876,discharge,3.6812308830682863,2026-08-04
2026-08-04 17:50:00,VIC1,133.41225,0.13341225,0.0,69.0,0.0,5.75,0.0,6.061032181989394,82.74483909005305,76.68380690806366,64.4401738723224,0.0,0.7671204375,0.7671204375,34.123079594847226,440.0885601386825,379.77771351420876,discharge,3.7378231536750963,2026-08-04
2026-08-04 17:55:00,VIC1,134.20822,0.13420822000000002,0.0,69.0,0.0,5.75,0.0,6.061032181989394,76.68380690806366,70.62277472607427,59.346869517709465,0.0,0.7716972650000001,0.7716972650000001,34.89477685984723,440.0885601386825,385.52771351420876,discharge,3.794415424281907,2026-08-04
2026-08-04 18:00:00,VIC1,126.78441,0.12678441,0.0,0.0,0.0,0.0,0.0,0.0,70.62277472607427,70.62277472607427,59.346869517709465,0.0,0.0,0.0,34.89477685984723,440.0885601386825,385.52771351420876,idle,3.794415424281907,2026-08-04
2026-08-04 18:05:00,VIC1,116.50286,0.11650286,0.0,0.0,0.0,0.0,0.0,0.0,70.62277472607427,70.62277472607427,59.346869517709465,0.0,0.0,0.0,34.89477685984723,440.0885601386825,385.52771351420876,idle,3.794415424281907,2026-08-04
2026-08-04 18:10:00,VIC1,114.80867,0.11480867000000002,0.0,0.0,0.0,0.0,0.0,0.0,70.62277472607427,70.62277472607427,59.346869517709465,0.0,0.0,0.0,34.89477685984723,440.0885601386825,385.52771351420876,idle,3.794415424281907,2026-08-04
2026-08-04 18:15:00,VIC1,116.54495,0.11654495000000001,0.0,0.0,0.0,0.0,0.0,0.0,70.62277472607427,70.62277472607427,59.346869517709465,0.0,0.0,0.0,34.89477685984723,440.0885601386825,385.52771351420876,idle,3.794415424281907,2026-08-04
2026-08-04 18:20:00,VIC1,123.62997,0.12362997,0.0,0.0,0.0,0.0,0.0,0.0,70.62277472607427,70.62277472607427,59.346869517709465,0.0,0.0,0.0,34.89477685984723,440.0885601386825,385.52771351420876,idle,3.794415424281907,2026-08-04
2026-08-04 18:25:00,VIC1,123.64121,0.12364121,0.0,0.0,0.0,0.0,0.0,0.0,70.62277472607427,70.62277472607427,59.346869517709465,0.0,0.0,0.0,34.89477685984723,440.0885601386825,385.52771351420876,idle,3.794415424281907,2026-08-04
2026-08-04 18:30:00,VIC1,122.76265,0.12276265,0.0,0.0,0.0,0.0,0.0,0.0,70.62277472607427,70.62277472607427,59.346869517709465,0.0,0.0,0.0,34.89477685984723,440.0885601386825,385.52771351420876,idle,3.794415424281907,2026-08-04
2026-08-04 18:35:00,VIC1,115.29897,0.11529897,0.0,0.0,0.0,0.0,0.0,0.0,70.62277472607427,70.62277472607427,59.346869517709465,0.0,0.0,0.0,34.89477685984723,440.0885601386825,385.52771351420876,idle,3.794415424281907,2026-08-04
2026-08-04 18:40:00,VIC1,118.30301,0.11830301,0.0,0.0,0.0,0.0,0.0,0.0,70.62277472607427,70.62277472607427,59.346869517709465,0.0,0.0,0.0,34.89477685984723,440.0885601386825,385.52771351420876,idle,3.794415424281907,2026-08-04
2026-08-04 18:45:00,VIC1,116.99537,0.11699537,0.0,0.0,0.0,0.0,0.0,0.0,70.62277472607427,70.62277472607427,59.346869517709465,0.0,0.0,0.0,34.89477685984723,440.0885601386825,385.52771351420876,idle,3.794415424281907,2026-08-04
2026-08-04 18:50:00,VIC1,117.63418,0.11763418,0.0,0.0,0.0,0.0,0.0,0.0,70.62277472607427,70.62277472607427,59.346869517709465,0.0,0.0,0.0,34.89477685984723,440.0885601386825,385.52771351420876,idle,3.794415424281907,2026-08-04
2026-08-04 18:55:00,VIC1,116.06036,0.11606036,0.0,0.0,0.0,0.0,0.0,0.0,70.62277472607427,70.62277472607427,59.346869517709465,0.0,0.0,0.0,34.89477685984723,440.0885601386825,385.52771351420876,idle,3.794415424281907,2026-08-04
2026-08-04 19:00:00,VIC1,118.87418,0.11887418,0.0,0.0,0.0,0.0,0.0,0.0,70.62277472607427,70.62277472607427,59.346869517709465,0.0,0.0,0.0,34.89477685984723,440.0885601386825,385.52771351420876,idle,3.794415424281907,2026-08-04
2026-08-04 19:05:00,VIC1,117.24472,0.11724472,0.0,0.0,0.0,0.0,0.0,0.0,70.62277472607427,70.62277472607427,59.346869517709465,0.0,0.0,0.0,34.89477685984723,440.0885601386825,385.52771351420876,idle,3.794415424281907,2026-08-04
2026-08-04 19:10:00,VIC1,119.1173,0.11911730000000001,0.0,0.0,0.0,0.0,0.0,0.0,70.62277472607427,70.62277472607427,59.346869517709465,0.0,0.0,0.0,34.89477685984723,440.0885601386825,385.52771351420876,idle,3.794415424281907,2026-08-04
2026-08-04 19:15:00,VIC1,119.1481,0.1191481,0.0,0.0,0.0,0.0,0.0,0.0,70.62277472607427,70.62277472607427,59.346869517709465,0.0,0.0,0.0,34.89477685984723,440.0885601386825,385.52771351420876,idle,3.794415424281907,2026-08-04
2026-08-04 19:20:00,VIC1,114.92043,0.11492043,0.0,0.0,0.0,0.0,0.0,0.0,70.62277472607427,70.62277472607427,59.346869517709465,0.0,0.0,0.0,34.89477685984723,440.0885601386825,385.52771351420876,idle,3.794415424281907,2026-08-04
2026-08-04 19:25:00,VIC1,116.63855,0.11663855,0.0,0.0,0.0,0.0,0.0,0.0,70.62277472607427,70.62277472607427,59.346869517709465,0.0,0.0,0.0,34.89477685984723,440.0885601386825,385.52771351420876,idle,3.794415424281907,2026-08-04
2026-08-04 19:30:00,VIC1,114.53707,0.11453707,0.0,0.0,0.0,0.0,0.0,0.0,70.62277472607427,70.62277472607427,59.346869517709465,0.0,0.0,0.0,34.89477685984723,440.0885601386825,385.52771351420876,idle,3.794415424281907,2026-08-04
2026-08-04 19:35:00,VIC1,114.05652,0.11405652000000001,0.0,0.0,0.0,0.0,0.0,0.0,70.62277472607427,70.62277472607427,59.346869517709465,0.0,0.0,0.0,34.89477685984723,440.0885601386825,385.52771351420876,idle,3.794415424281907,2026-08-04
2026-08-04 19:40:00,VIC1,119.01459,0.11901459,0.0,0.0,0.0,0.0,0.0,0.0,70.62277472607427,70.62277472607427,59.346869517709465,0.0,0.0,0.0,34.89477685984723,440.0885601386825,385.52771351420876,idle,3.794415424281907,2026-08-04
2026-08-04 19:45:00,VIC1,116.4668,0.11646680000000001,0.0,0.0,0.0,0.0,0.0,0.0,70.62277472607427,70.62277472607427,59.346869517709465,0.0,0.0,0.0,34.89477685984723,440.0885601386825,385.52771351420876,idle,3.794415424281907,2026-08-04
2026-08-04 19:50:00,VIC1,113.64407,0.11364407,0.0,0.0,0.0,0.0,0.0,0.0,70.62277472607427,70.62277472607427,59.346869517709465,0.0,0.0,0.0,34.89477685984723,440.0885601386825,385.52771351420876,idle,3.794415424281907,2026-08-04
2026-08-04 19:55:00,VIC1,115.0,0.115,0.0,0.0,0.0,0.0,0.0,0.0,70.62277472607427,70.62277472607427,59.346869517709465,0.0,0.0,0.0,34.89477685984723,440.0885601386825,385.52771351420876,idle,3.794415424281907,2026-08-04
2026-08-04 20:00:00,VIC1,118.02518,0.11802518000000001,0.0,0.0,0.0,0.0,0.0,0.0,70.62277472607427,70.62277472607427,59.346869517709465,0.0,0.0,0.0,34.89477685984723,440.0885601386825,385.52771351420876,idle,3.794415424281907,2026-08-04
2026-08-04 20:05:00,VIC1,119.86058,0.11986058,0.0,0.0,0.0,0.0,0.0,0.0,70.62277472607427,70.62277472607427,59.346869517709465,0.0,0.0,0.0,34.89477685984723,440.0885601386825,385.52771351420876,idle,3.794415424281907,2026-08-04
2026-08-04 20:10:00,VIC1,118.80331,0.11880331,0.0,0.0,0.0,0.0,0.0,0.0,70.62277472607427,70.62277472607427,59.346869517709465,0.0,0.0,0.0,34.89477685984723,440.0885601386825,385.52771351420876,idle,3.794415424281907,2026-08-04
2026-08-04 20:15:00,VIC1,115.9547,0.11595470000000001,0.0,0.0,0.0,0.0,0.0,0.0,70.62277472607427,70.62277472607427,59.346869517709465,0.0,0.0,0.0,34.89477685984723,440.0885601386825,385.52771351420876,idle,3.794415424281907,2026-08-04
2026-08-04 20:20:00,VIC1,127.29381,0.12729381,0.0,0.0,0.0,0.0,0.0,0.0,70.62277472607427,70.62277472607427,59.346869517709465,0.0,0.0,0.0,34.89477685984723,440.0885601386825,385.52771351420876,idle,3.794415424281907,2026-08-04
2026-08-04 20:25:00,VIC1,116.18377,0.11618376999999999,0.0,0.0,0.0,0.0,0.0,0.0,70.62277472607427,70.62277472607427,59.346869517709465,0.0,0.0,0.0,34.89477685984723,440.0885601386825,385.52771351420876,idle,3.794415424281907,2026-08-04
2026-08-04 20:30:00,VIC1,115.79021,0.11579021,0.0,0.0,0.0,0.0,0.0,0.0,70.62277472607427,70.62277472607427,59.346869517709465,0.0,0.0,0.0,34.89477685984723,440.0885601386825,385.52771351420876,idle,3.794415424281907,2026-08-04
2026-08-04 20:35:00,VIC1,122.99595,0.12299594999999999,0.0,0.0,0.0,0.0,0.0,0.0,70.62277472607427,70.62277472607427,59.346869517709465,0.0,0.0,0.0,34.89477685984723,440.0885601386825,385.52771351420876,idle,3.794415424281907,2026-08-04
2026-08-04 20:40:00,VIC1,129.96525,0.12996525,0.0,43.658536447577205,0.0,3.6382113706314336,0.0,3.8350115134394542,70.62277472607427,66.78776321263481,56.12417076692001,0.0,0.47284105033695695,0.47284105033695695,35.36761791018419,440.0885601386825,389.1659248848402,discharge,3.830223188179567,2026-08-04
2026-08-04 20:45:00,VIC1,126.80892,0.12680892,0.0,0.0,0.0,0.0,0.0,0.0,66.78776321263481,66.78776321263481,56.12417076692001,0.0,0.0,0.0,35.36761791018419,440.0885601386825,389.1659248848402,idle,3.830223188179567,2026-08-04
2026-08-04 20:50:00,VIC1,117.2245,0.11722450000000001,0.0,0.0,0.0,0.0,0.0,0.0,66.78776321263481,66.78776321263481,56.12417076692001,0.0,0.0,0.0,35.36761791018419,440.0885601386825,389.1659248848402,idle,3.830223188179567,2026-08-04
2026-08-04 20:55:00,VIC1,115.63107,0.11563107,0.0,0.0,0.0,0.0,0.0,0.0,66.78776321263481,66.78776321263481,56.12417076692001,0.0,0.0,0.0,35.36761791018419,440.0885601386825,389.1659248848402,idle,3.830223188179567,2026-08-04
2026-08-04 21:00:00,VIC1,118.38438,0.11838438,0.0,0.0,0.0,0.0,0.0,0.0,66.78776321263481,66.78776321263481,56.12417076692001,0.0,0.0,0.0,35.36761791018419,440.0885601386825,389.1659248848402,idle,3.830223188179567,2026-08-04
2026-08-04 21:05:00,VIC1,130.77014,0.13077014,0.0,69.0,0.0,5.75,0.0,6.061032181989394,66.78776321263481,60.726731030645425,51.03086641230708,0.0,0.7519283050000001,0.7519283050000001,36.11954621518419,440.0885601386825,394.9159248848402,discharge,3.8868154587863777,2026-08-04
2026-08-04 21:10:00,VIC1,119.57808,0.11957808,0.0,0.0,0.0,0.0,0.0,0.0,60.726731030645425,60.726731030645425,51.03086641230708,0.0,0.0,0.0,36.11954621518419,440.0885601386825,394.9159248848402,idle,3.8868154587863777,2026-08-04
2026-08-04 21:15:00,VIC1,133.70287,0.13370287,0.0,69.0,0.0,5.75,0.0,6.061032181989394,60.726731030645425,54.66569884865603,45.937562057694144,0.0,0.7687915025000001,0.7687915025000001,36.88833771768419,440.0885601386825,400.6659248848402,discharge,3.943407729393188,2026-08-04
2026-08-04 21:20:00,VIC1,128.48,0.12847999999999998,0.0,0.0,0.0,0.0,0.0,0.0,54.66569884865603,54.66569884865603,45.937562057694144,0.0,0.0,0.0,36.88833771768419,440.0885601386825,400.6659248848402,idle,3.943407729393188,2026-08-04
2026-08-04 21:25:00,VIC1,127.97,0.12797,0.0,0.0,0.0,0.0,0.0,0.0,54.66569884865603,54.66569884865603,45.937562057694144,0.0,0.0,0.0,36.88833771768419,440.0885601386825,400.6659248848402,idle,3.943407729393188,2026-08-04
2026-08-04 21:30:00,VIC1,121.77273,0.12177273,0.0,0.0,0.0,0.0,0.0,0.0,54.66569884865603,54.66569884865603,45.937562057694144,0.0,0.0,0.0,36.88833771768419,440.0885601386825,400.6659248848402,idle,3.943407729393188,2026-08-04
2026-08-04 21:35:00,VIC1,128.48,0.12847999999999998,0.0,0.0,0.0,0.0,0.0,0.0,54.66569884865603,54.66569884865603,45.937562057694144,0.0,0.0,0.0,36.88833771768419,440.0885601386825,400.6659248848402,idle,3.943407729393188,2026-08-04
2026-08-04 21:40:00,VIC1,129.84,0.12984,0.0,0.0,0.0,0.0,0.0,0.0,54.66569884865603,54.66569884865603,45.937562057694144,0.0,0.0,0.0,36.88833771768419,440.0885601386825,400.6659248848402,idle,3.943407729393188,2026-08-04
2026-08-04 21:45:00,VIC1,119.21961,0.11921961,0.0,0.0,0.0,0.0,0.0,0.0,54.66569884865603,54.66569884865603,45.937562057694144,0.0,0.0,0.0,36.88833771768419,440.0885601386825,400.6659248848402,idle,3.943407729393188,2026-08-04
2026-08-04 21:50:00,VIC1,118.45475,0.11845475000000001,0.0,0.0,0.0,0.0,0.0,0.0,54.66569884865603,54.66569884865603,45.937562057694144,0.0,0.0,0.0,36.88833771768419,440.0885601386825,400.6659248848402,idle,3.943407729393188,2026-08-04
2026-08-04 21:55:00,VIC1,118.90681,0.11890681,0.0,0.0,0.0,0.0,0.0,0.0,54.66569884865603,54.66569884865603,45.937562057694144,0.0,0.0,0.0,36.88833771768419,440.0885601386825,400.6659248848402,idle,3.943407729393188,2026-08-04
2026-08-04 22:00:00,VIC1,113.87293,0.11387293,0.0,0.0,0.0,0.0,0.0,0.0,54.66569884865603,54.66569884865603,45.937562057694144,0.0,0.0,0.0,36.88833771768419,440.0885601386825,400.6659248848402,idle,3.943407729393188,2026-08-04
2026-08-04 22:05:00,VIC1,126.14151,0.12614151,0.0,0.0,0.0,0.0,0.0,0.0,54.66569884865603,54.66569884865603,45.937562057694144,0.0,0.0,0.0,36.88833771768419,440.0885601386825,400.6659248848402,idle,3.943407729393188,2026-08-04
2026-08-04 22:10:00,VIC1,128.48,0.12847999999999998,0.0,0.0,0.0,0.0,0.0,0.0,54.66569884865603,54.66569884865603,45.937562057694144,0.0,0.0,0.0,36.88833771768419,440.0885601386825,400.6659248848402,idle,3.943407729393188,2026-08-04
2026-08-04 22:15:00,VIC1,130.24499,0.13024499,0.0,69.0,0.0,5.75,0.0,6.061032181989394,54.66569884865603,48.60466666666663,40.844257703081205,0.0,0.7489086925,0.7489086925,37.63724641018419,440.0885601386825,406.4159248848402,discharge,3.9999999999999982,2026-08-04
2026-08-04 22:20:00,VIC1,126.9051,0.12690510000000002,0.0,0.0,0.0,0.0,0.0,0.0,48.60466666666663,48.60466666666663,40.844257703081205,0.0,0.0,0.0,37.63724641018419,440.0885601386825,406.4159248848402,idle,3.9999999999999982,2026-08-04
2026-08-04 22:25:00,VIC1,113.85393,0.11385393,0.0,0.0,0.0,0.0,0.0,0.0,48.60466666666663,48.60466666666663,40.844257703081205,0.0,0.0,0.0,37.63724641018419,440.0885601386825,406.4159248848402,idle,3.9999999999999982,2026-08-04
2026-08-04 22:30:00,VIC1,111.91898,0.11191898,0.0,0.0,0.0,0.0,0.0,0.0,48.60466666666663,48.60466666666663,40.844257703081205,0.0,0.0,0.0,37.63724641018419,440.0885601386825,406.4159248848402,idle,3.9999999999999982,2026-08-04
2026-08-04 22:35:00,VIC1,110.4,0.11040000000000001,0.0,0.0,0.0,0.0,0.0,0.0,48.60466666666663,48.60466666666663,40.844257703081205,0.0,0.0,0.0,37.63724641018419,440.0885601386825,406.4159248848402,idle,3.9999999999999982,2026-08-04
2026-08-04 22:40:00,VIC1,111.89186,0.11189186,0.0,0.0,0.0,0.0,0.0,0.0,48.60466666666663,48.60466666666663,40.844257703081205,0.0,0.0,0.0,37.63724641018419,440.0885601386825,406.4159248848402,idle,3.9999999999999982,2026-08-04
2026-08-04 22:45:00,VIC1,99.81548,0.09981548,0.0,0.0,0.0,0.0,0.0,0.0,48.60466666666663,48.60466666666663,40.844257703081205,0.0,0.0,0.0,37.63724641018419,440.0885601386825,406.4159248848402,idle,3.9999999999999982,2026-08-04
2026-08-04 22:50:00,VIC1,105.56,0.10556,0.0,0.0,0.0,0.0,0.0,0.0,48.60466666666663,48.60466666666663,40.844257703081205,0.0,0.0,0.0,37.63724641018419,440.0885601386825,406.4159248848402,idle,3.9999999999999982,2026-08-04
2026-08-04 22:55:00,VIC1,96.63036,0.09663036,0.0,0.0,0.0,0.0,0.0,0.0,48.60466666666663,48.60466666666663,40.844257703081205,0.0,0.0,0.0,37.63724641018419,440.0885601386825,406.4159248848402,idle,3.9999999999999982,2026-08-04
2026-08-04 23:00:00,VIC1,102.20852,0.10220852,0.0,0.0,0.0,0.0,0.0,0.0,48.60466666666663,48.60466666666663,40.844257703081205,0.0,0.0,0.0,37.63724641018419,440.0885601386825,406.4159248848402,idle,3.9999999999999982,2026-08-04
2026-08-04 23:05:00,VIC1,102.15938,0.10215938,0.0,0.0,0.0,0.0,0.0,0.0,48.60466666666663,48.60466666666663,40.844257703081205,0.0,0.0,0.0,37.63724641018419,440.0885601386825,406.4159248848402,idle,3.9999999999999982,2026-08-04
2026-08-04 23:10:00,VIC1,99.55469,0.09955469,0.0,0.0,0.0,0.0,0.0,0.0,48.60466666666663,48.60466666666663,40.844257703081205,0.0,0.0,0.0,37.63724641018419,440.0885601386825,406.4159248848402,idle,3.9999999999999982,2026-08-04
2026-08-04 23:15:00,VIC1,97.10947,0.09710947,0.0,0.0,0.0,0.0,0.0,0.0,48.60466666666663,48.60466666666663,40.844257703081205,0.0,0.0,0.0,37.63724641018419,440.0885601386825,406.4159248848402,idle,3.9999999999999982,2026-08-04
2026-08-04 23:20:00,VIC1,98.15061,0.09815061,0.0,0.0,0.0,0.0,0.0,0.0,48.60466666666663,48.60466666666663,40.844257703081205,0.0,0.0,0.0,37.63724641018419,440.0885601386825,406.4159248848402,idle,3.9999999999999982,2026-08-04
2026-08-04 23:25:00,VIC1,100.968,0.100968,0.0,0.0,0.0,0.0,0.0,0.0,48.60466666666663,48.60466666666663,40.844257703081205,0.0,0.0,0.0,37.63724641018419,440.0885601386825,406.4159248848402,idle,3.9999999999999982,2026-08-04
2026-08-04 23:30:00,VIC1,100.18768,0.10018768,0.0,0.0,0.0,0.0,0.0,0.0,48.60466666666663,48.60466666666663,40.844257703081205,0.0,0.0,0.0,37.63724641018419,440.0885601386825,406.4159248848402,idle,3.9999999999999982,2026-08-04
2026-08-04 23:35:00,VIC1,103.47244,0.10347244000000001,0.0,0.0,0.0,0.0,0.0,0.0,48.60466666666663,48.60466666666663,40.844257703081205,0.0,0.0,0.0,37.63724641018419,440.0885601386825,406.4159248848402,idle,3.9999999999999982,2026-08-04
2026-08-04 23:40:00,VIC1,110.4,0.11040000000000001,0.0,0.0,0.0,0.0,0.0,0.0,48.60466666666663,48.60466666666663,40.844257703081205,0.0,0.0,0.0,37.63724641018419,440.0885601386825,406.4159248848402,idle,3.9999999999999982,2026-08-04
2026-08-04 23:45:00,VIC1,97.26037,0.09726037,0.0,0.0,0.0,0.0,0.0,0.0,48.60466666666663,48.60466666666663,40.844257703081205,0.0,0.0,0.0,37.63724641018419,440.0885601386825,406.4159248848402,idle,3.9999999999999982,2026-08-04
2026-08-04 23:50:00,VIC1,98.4506,0.0984506,0.0,0.0,0.0,0.0,0.0,0.0,48.60466666666663,48.60466666666663,40.844257703081205,0.0,0.0,0.0,37.63724641018419,440.0885601386825,406.4159248848402,idle,3.9999999999999982,2026-08-04
2026-08-04 23:55:00,VIC1,95.57563,0.09557563000000001,0.0,0.0,0.0,0.0,0.0,0.0,48.60466666666663,48.60466666666663,40.844257703081205,0.0,0.0,0.0,37.63724641018419,440.0885601386825,406.4159248848402,idle,3.9999999999999982,2026-08-04
2026-08-05 00:00:00,VIC1,91.25432,0.09125432000000001,0.0,0.0,0.0,0.0,0.0,0.0,48.60466666666663,48.60466666666663,40.844257703081205,0.0,0.0,0.0,37.63724641018419,440.0885601386825,406.4159248848402,idle,3.9999999999999982,2026-08-04
2026-08-05 00:05:00,VIC1,96.26259,0.09626259000000001,0.0,0.0,0.0,0.0,0.0,0.0,48.60466666666663,48.60466666666663,40.844257703081205,0.0,0.0,0.0,37.63724641018419,440.0885601386825,406.4159248848402,idle,3.9999999999999982,2026-08-05
2026-08-05 00:10:00,VIC1,110.4,0.11040000000000001,0.0,0.0,0.0,0.0,0.0,0.0,48.60466666666663,48.60466666666663,40.844257703081205,0.0,0.0,0.0,37.63724641018419,440.0885601386825,406.4159248848402,idle,3.9999999999999982,2026-08-05
2026-08-05 00:15:00,VIC1,110.4,0.11040000000000001,0.0,0.0,0.0,0.0,0.0,0.0,48.60466666666663,48.60466666666663,40.844257703081205,0.0,0.0,0.0,37.63724641018419,440.0885601386825,406.4159248848402,idle,3.9999999999999982,2026-08-05
2026-08-05 00:20:00,VIC1,95.80738,0.09580738,0.0,0.0,0.0,0.0,0.0,0.0,48.60466666666663,48.60466666666663,40.844257703081205,0.0,0.0,0.0,37.63724641018419,440.0885601386825,406.4159248848402,idle,3.9999999999999982,2026-08-05
2026-08-05 00:25:00,VIC1,97.48474,0.09748474,0.0,0.0,0.0,0.0,0.0,0.0,48.60466666666663,48.60466666666663,40.844257703081205,0.0,0.0,0.0,37.63724641018419,440.0885601386825,406.4159248848402,idle,3.9999999999999982,2026-08-05
2026-08-05 00:30:00,VIC1,105.56,0.10556,0.0,0.0,0.0,0.0,0.0,0.0,48.60466666666663,48.60466666666663,40.844257703081205,0.0,0.0,0.0,37.63724641018419,440.0885601386825,406.4159248848402,idle,3.9999999999999982,2026-08-05
2026-08-05 00:35:00,VIC1,96.55342,0.09655342,0.0,0.0,0.0,0.0,0.0,0.0,48.60466666666663,48.60466666666663,40.844257703081205,0.0,0.0,0.0,37.63724641018419,440.0885601386825,406.4159248848402,idle,3.9999999999999982,2026-08-05
2026-08-05 00:40:00,VIC1,96.55055,0.09655055,0.0,0.0,0.0,0.0,0.0,0.0,48.60466666666663,48.60466666666663,40.844257703081205,0.0,0.0,0.0,37.63724641018419,440.0885601386825,406.4159248848402,idle,3.9999999999999982,2026-08-05
2026-08-05 00:45:00,VIC1,105.56,0.10556,0.0,0.0,0.0,0.0,0.0,0.0,48.60466666666663,48.60466666666663,40.844257703081205,0.0,0.0,0.0,37.63724641018419,440.0885601386825,406.4159248848402,idle,3.9999999999999982,2026-08-05
2026-08-05 00:50:00,VIC1,91.5346,0.0915346,0.0,0.0,0.0,0.0,0.0,0.0,48.60466666666663,48.60466666666663,40.844257703081205,0.0,0.0,0.0,37.63724641018419,440.0885601386825,406.4159248848402,idle,3.9999999999999982,2026-08-05
2026-08-05 00:55:00,VIC1,99.09383,0.09909383,0.0,0.0,0.0,0.0,0.0,0.0,48.60466666666663,48.60466666666663,40.844257703081205,0.0,0.0,0.0,37.63724641018419,440.0885601386825,406.4159248848402,idle,3.9999999999999982,2026-08-05
2026-08-05 01:00:00,VIC1,97.45532,0.09745532,0.0,0.0,0.0,0.0,0.0,0.0,48.60466666666663,48.60466666666663,40.844257703081205,0.0,0.0,0.0,37.63724641018419,440.0885601386825,406.4159248848402,idle,3.9999999999999982,2026-08-05
2026-08-05 01:05:00,VIC1,105.56,0.10556,0.0,0.0,0.0,0.0,0.0,0.0,48.60466666666663,48.60466666666663,40.844257703081205,0.0,0.0,0.0,37.63724641018419,440.0885601386825,406.4159248848402,idle,3.9999999999999982,2026-08-05
2026-08-05 01:10:00,VIC1,95.47487,0.09547487,0.0,0.0,0.0,0.0,0.0,0.0,48.60466666666663,48.60466666666663,40.844257703081205,0.0,0.0,0.0,37.63724641018419,440.0885601386825,406.4159248848402,idle,3.9999999999999982,2026-08-05
2026-08-05 01:15:00,VIC1,97.7573,0.0977573,0.0,0.0,0.0,0.0,0.0,0.0,48.60466666666663,48.60466666666663,40.844257703081205,0.0,0.0,0.0,37.63724641018419,440.0885601386825,406.4159248848402,idle,3.9999999999999982,2026-08-05
2026-08-05 01:20:00,VIC1,99.76968,0.09976968,0.0,0.0,0.0,0.0,0.0,0.0,48.60466666666663,48.60466666666663,40.844257703081205,0.0,0.0,0.0,37.63724641018419,440.0885601386825,406.4159248848402,idle,3.9999999999999982,2026-08-05
2026-08-05 01:25:00,VIC1,89.35004,0.08935004,0.0,0.0,0.0,0.0,0.0,0.0,48.60466666666663,48.60466666666663,40.844257703081205,0.0,0.0,0.0,37.63724641018419,440.0885601386825,406.4159248848402,idle,3.9999999999999982,2026-08-05
2026-08-05 01:30:00,VIC1,96.49953,0.09649953,0.0,0.0,0.0,0.0,0.0,0.0,48.60466666666663,48.60466666666663,40.844257703081205,0.0,0.0,0.0,37.63724641018419,440.0885601386825,406.4159248848402,idle,3.9999999999999982,2026-08-05
2026-08-05 01:35:00,VIC1,90.69439,0.09069439,0.0,0.0,0.0,0.0,0.0,0.0,48.60466666666663,48.60466666666663,40.844257703081205,0.0,0.0,0.0,37.63724641018419,440.0885601386825,406.4159248848402,idle,3.9999999999999982,2026-08-05
2026-08-05 01:40:00,VIC1,93.0264,0.0930264,0.0,0.0,0.0,0.0,0.0,0.0,48.60466666666663,48.60466666666663,40.844257703081205,0.0,0.0,0.0,37.63724641018419,440.0885601386825,406.4159248848402,idle,3.9999999999999982,2026-08-05
2026-08-05 01:45:00,VIC1,84.92,0.08492000000000001,0.0,0.0,0.0,0.0,0.0,0.0,48.60466666666663,48.60466666666663,40.844257703081205,0.0,0.0,0.0,37.63724641018419,440.0885601386825,406.4159248848402,idle,3.9999999999999982,2026-08-05
2026-08-05 01:50:00,VIC1,88.65234,0.08865234,0.0,0.0,0.0,0.0,0.0,0.0,48.60466666666663,48.60466666666663,40.844257703081205,0.0,0.0,0.0,37.63724641018419,440.0885601386825,406.4159248848402,idle,3.9999999999999982,2026-08-05
2026-08-05 01:55:00,VIC1,92.07358,0.09207358,0.0,0.0,0.0,0.0,0.0,0.0,48.60466666666663,48.60466666666663,40.844257703081205,0.0,0.0,0.0,37.63724641018419,440.0885601386825,406.4159248848402,idle,3.9999999999999982,2026-08-05
2026-08-05 02:00:00,VIC1,91.36149,0.09136149,0.0,0.0,0.0,0.0,0.0,0.0,48.60466666666663,48.60466666666663,40.844257703081205,0.0,0.0,0.0,37.63724641018419,440.0885601386825,406.4159248848402,idle,3.9999999999999982,2026-08-05
2026-08-05 02:05:00,VIC1,84.92,0.08492000000000001,0.0,0.0,0.0,0.0,0.0,0.0,48.60466666666663,48.60466666666663,40.844257703081205,0.0,0.0,0.0,37.63724641018419,440.0885601386825,406.4159248848402,idle,3.9999999999999982,2026-08-05
2026-08-05 02:10:00,VIC1,84.92,0.08492000000000001,0.0,0.0,0.0,0.0,0.0,0.0,48.60466666666663,48.60466666666663,40.844257703081205,0.0,0.0,0.0,37.63724641018419,440.0885601386825,406.4159248848402,idle,3.9999999999999982,2026-08-05
2026-08-05 02:15:00,VIC1,91.27535,0.09127535,0.0,0.0,0.0,0.0,0.0,0.0,48.60466666666663,48.60466666666663,40.844257703081205,0.0,0.0,0.0,37.63724641018419,440.0885601386825,406.4159248848402,idle,3.9999999999999982,2026-08-05
2026-08-05 02:20:00,VIC1,90.47798,0.09047798,0.0,0.0,0.0,0.0,0.0,0.0,48.60466666666663,48.60466666666663,40.844257703081205,0.0,0.0,0.0,37.63724641018419,440.0885601386825,406.4159248848402,idle,3.9999999999999982,2026-08-05
2026-08-05 02:25:00,VIC1,81.68,0.08168,0.0,0.0,0.0,0.0,0.0,0.0,48.60466666666663,48.60466666666663,40.844257703081205,0.0,0.0,0.0,37.63724641018419,440.0885601386825,406.4159248848402,idle,3.9999999999999982,2026-08-05
2026-08-05 02:30:00,VIC1,84.92,0.08492000000000001,0.0,0.0,0.0,0.0,0.0,0.0,48.60466666666663,48.60466666666663,40.844257703081205,0.0,0.0,0.0,37.63724641018419,440.0885601386825,406.4159248848402,idle,3.9999999999999982,2026-08-05
2026-08-05 02:35:00,VIC1,91.25747,0.09125747,0.0,0.0,0.0,0.0,0.0,0.0,48.60466666666663,48.60466666666663,40.844257703081205,0.0,0.0,0.0,37.63724641018419,440.0885601386825,406.4159248848402,idle,3.9999999999999982,2026-08-05
2026-08-05 02:40:00,VIC1,92.73883,0.09273883,0.0,0.0,0.0,0.0,0.0,0.0,48.60466666666663,48.60466666666663,40.844257703081205,0.0,0.0,0.0,37.63724641018419,440.0885601386825,406.4159248848402,idle,3.9999999999999982,2026-08-05
2026-08-05 02:45:00,VIC1,88.92517,0.08892517,0.0,0.0,0.0,0.0,0.0,0.0,48.60466666666663,48.60466666666663,40.844257703081205,0.0,0.0,0.0,37.63724641018419,440.0885601386825,406.4159248848402,idle,3.9999999999999982,2026-08-05
2026-08-05 02:50:00,VIC1,86.25731,0.08625731,0.0,0.0,0.0,0.0,0.0,0.0,48.60466666666663,48.60466666666663,40.844257703081205,0.0,0.0,0.0,37.63724641018419,440.0885601386825,406.4159248848402,idle,3.9999999999999982,2026-08-05
2026-08-05 02:55:00,VIC1,78.0026,0.0780026,0.0,0.0,0.0,0.0,0.0,0.0,48.60466666666663,48.60466666666663,40.844257703081205,0.0,0.0,0.0,37.63724641018419,440.0885601386825,406.4159248848402,idle,3.9999999999999982,2026-08-05
2026-08-05 03:00:00,VIC1,92.45265,0.09245265000000001,0.0,0.0,0.0,0.0,0.0,0.0,48.60466666666663,48.60466666666663,40.844257703081205,0.0,0.0,0.0,37.63724641018419,440.0885601386825,406.4159248848402,idle,3.9999999999999982,2026-08-05
2026-08-05 03:05:00,VIC1,88.09526,0.08809526,0.0,0.0,0.0,0.0,0.0,0.0,48.60466666666663,48.60466666666663,40.844257703081205,0.0,0.0,0.0,37.63724641018419,440.0885601386825,406.4159248848402,idle,3.9999999999999982,2026-08-05
2026-08-05 03:10:00,VIC1,75.85578,0.07585578,62.705857816032186,0.0,5.225488151336015,0.0,4.957333333333333,0.0,48.60466666666663,53.56199999999996,45.01008403361341,0.3963834796003515,0.0,-0.3963834796003515,37.24086293058384,445.31404829001855,406.4159248848402,charge,3.9999999999999982,2026-08-05
2026-08-05 03:15:00,VIC1,80.40638,0.08040638,0.0,0.0,0.0,0.0,0.0,0.0,53.56199999999996,53.56199999999996,45.01008403361341,0.0,0.0,0.0,37.24086293058384,445.31404829001855,406.4159248848402,idle,3.9999999999999982,2026-08-05
2026-08-05 03:20:00,VIC1,89.49611,0.08949611,0.0,0.0,0.0,0.0,0.0,0.0,53.56199999999996,53.56199999999996,45.01008403361341,0.0,0.0,0.0,37.24086293058384,445.31404829001855,406.4159248848402,idle,3.9999999999999982,2026-08-05
2026-08-05 03:25:00,VIC1,81.68,0.08168,0.0,0.0,0.0,0.0,0.0,0.0,53.56199999999996,53.56199999999996,45.01008403361341,0.0,0.0,0.0,37.24086293058384,445.31404829001855,406.4159248848402,idle,3.9999999999999982,2026-08-05
2026-08-05 03:30:00,VIC1,84.92,0.08492000000000001,0.0,0.0,0.0,0.0,0.0,0.0,53.56199999999996,53.56199999999996,45.01008403361341,0.0,0.0,0.0,37.24086293058384,445.31404829001855,406.4159248848402,idle,3.9999999999999982,2026-08-05
2026-08-05 03:35:00,VIC1,76.66642,0.07666642,62.705857816032186,0.0,5.225488151336015,0.0,4.957333333333333,0.0,53.56199999999996,58.51933333333329,49.17591036414562,0.4006194693153505,0.0,-0.4006194693153505,36.840243461268486,450.5395364413546,406.4159248848402,charge,3.9999999999999982,2026-08-05
2026-08-05 03:40:00,VIC1,75.4,0.07540000000000001,62.705857816032186,0.0,5.225488151336015,0.0,4.957333333333333,0.0,58.51933333333329,63.476666666666624,53.341736694677834,0.3940018066107356,0.0,-0.3940018066107356,36.44624165465775,455.7650245926906,406.4159248848402,charge,3.9999999999999982,2026-08-05
2026-08-05 03:45:00,VIC1,74.16102,0.07416102,62.705857816032186,0.0,5.225488151336015,0.0,4.957333333333333,0.0,63.476666666666624,68.43399999999995,57.507563025210054,0.3875275313009932,0.0,-0.3875275313009932,36.05871412335675,460.99051274402666,406.4159248848402,charge,3.9999999999999982,2026-08-05
2026-08-05 03:50:00,VIC1,75.44604,0.07544603999999999,62.705857816032186,0.0,5.225488151336015,0.0,4.957333333333333,0.0,68.43399999999995,73.3913333333333,61.67338935574226,0.394242388085223,0.0,-0.394242388085223,35.664471735271526,466.2160008953627,406.4159248848402,charge,3.9999999999999982,2026-08-05
2026-08-05 03:55:00,VIC1,75.4,0.07540000000000001,62.705857816032186,0.0,5.225488151336015,0.0,4.957333333333333,0.0,73.3913333333333,78.34866666666663,65.83921568627447,0.3940018066107356,0.0,-0.3940018066107356,35.27046992866079,471.44148904669873,406.4159248848402,charge,3.9999999999999982,2026-08-05
2026-08-05 04:00:00,VIC1,48.83326,0.04883326,62.705857816032186,0.0,5.225488151336015,0.0,4.957333333333333,0.0,78.34866666666663,83.30599999999997,70.0050420168067,0.255177621521111,0.0,-0.255177621521111,35.015292307139674,476.6669771980348,406.4159248848402,charge,3.9999999999999982,2026-08-05
2026-08-05 04:05:00,VIC1,62.58861,0.06258861,62.705857816032186,0.0,5.225488151336015,0.0,4.957333333333333,0.0,83.30599999999997,88.2633333333333,74.17086834733891,0.32705603996359084,0.0,-0.32705603996359084,34.68823626717608,481.8924653493708,406.4159248848402,charge,3.9999999999999982,2026-08-05
2026-08-05 04:10:00,VIC1,78.17322,0.07817322,0.0,0.0,0.0,0.0,0.0,0.0,88.2633333333333,88.2633333333333,74.17086834733891,0.0,0.0,0.0,34.68823626717608,481.8924653493708,406.4159248848402,idle,3.9999999999999982,2026-08-05
2026-08-05 04:15:00,VIC1,83.95381,0.08395381,0.0,0.0,0.0,0.0,0.0,0.0,88.2633333333333,88.2633333333333,74.17086834733891,0.0,0.0,0.0,34.68823626717608,481.8924653493708,406.4159248848402,idle,3.9999999999999982,2026-08-05
2026-08-05 04:20:00,VIC1,72.49903,0.07249903,62.705857816032186,0.0,5.225488151336015,0.0,4.957333333333333,0.0,88.2633333333333,93.22066666666665,78.33669467787114,0.37884282224835436,0.0,-0.37884282224835436,34.30939344492773,487.11795350070685,406.4159248848402,charge,3.9999999999999982,2026-08-05
2026-08-05 04:25:00,VIC1,70.12697,0.07012697,62.705857816032186,0.0,5.225488151336015,0.0,4.957333333333333,0.0,93.22066666666665,98.17799999999998,82.50252100840335,0.3664476508240962,0.0,-0.3664476508240962,33.94294579410363,492.3434416520429,406.4159248848402,charge,3.9999999999999982,2026-08-05
2026-08-05 04:30:00,VIC1,75.4,0.07540000000000001,62.705857816032186,0.0,5.225488151336015,0.0,4.957333333333333,0.0,98.17799999999998,103.13533333333332,86.66834733893556,0.3940018066107356,0.0,-0.3940018066107356,33.54894398749289,497.5689298033789,406.4159248848402,charge,3.9999999999999982,2026-08-05
2026-08-05 04:35:00,VIC1,89.26635,0.08926635000000001,0.0,0.0,0.0,0.0,0.0,0.0,103.13533333333332,103.13533333333332,86.66834733893556,0.0,0.0,0.0,33.54894398749289,497.5689298033789,406.4159248848402,idle,3.9999999999999982,2026-08-05
2026-08-05 04:40:00,VIC1,74.24065,0.07424065,62.705857816032186,0.0,5.225488151336015,0.0,4.957333333333333,0.0,103.13533333333332,108.09266666666666,90.83417366946777,0.3879436369224842,0.0,-0.3879436369224842,33.161000350570404,502.79441795471496,406.4159248848402,charge,3.9999999999999982,2026-08-05
2026-08-05 04:45:00,VIC1,77.11251,0.07711251,62.705857816032186,0.0,5.225488151336015,0.0,4.957333333333333,0.0,108.09266666666666,113.05,95.0,0.40295050732477994,0.0,-0.40295050732477994,32.75804984324562,508.019906106051,406.4159248848402,charge,3.9999999999999982,2026-08-05
2026-08-05 04:50:00,VIC1,80.5,0.0805,0.0,0.0,0.0,0.0,0.0,0.0,113.05,113.05,95.0,0.0,0.0,0.0,32.75804984324562,508.019906106051,406.4159248848402,idle,3.9999999999999982,2026-08-05
2026-08-05 04:55:00,VIC1,94.63125,0.09463125,0.0,0.0,0.0,0.0,0.0,0.0,113.05,113.05,95.0,0.0,0.0,0.0,32.75804984324562,508.019906106051,406.4159248848402,idle,3.9999999999999982,2026-08-05
2026-08-05 05:00:00,VIC1,95.5206,0.0955206,0.0,0.0,0.0,0.0,0.0,0.0,113.05,113.05,95.0,0.0,0.0,0.0,32.75804984324562,508.019906106051,406.4159248848402,idle,3.9999999999999982,2026-08-05
2026-08-05 05:05:00,VIC1,82.05787,0.08205786999999999,0.0,0.0,0.0,0.0,0.0,0.0,113.05,113.05,95.0,0.0,0.0,0.0,32.75804984324562,508.019906106051,406.4159248848402,idle,3.9999999999999982,2026-08-05
2026-08-05 05:10:00,VIC1,94.07095,0.09407095,0.0,0.0,0.0,0.0,0.0,0.0,113.05,113.05,95.0,0.0,0.0,0.0,32.75804984324562,508.019906106051,406.4159248848402,idle,3.9999999999999982,2026-08-05
2026-08-05 05:15:00,VIC1,92.61819,0.09261819,0.0,0.0,0.0,0.0,0.0,0.0,113.05,113.05,95.0,0.0,0.0,0.0,32.75804984324562,508.019906106051,406.4159248848402,idle,3.9999999999999982,2026-08-05
2026-08-05 05:20:00,VIC1,92.66635,0.09266635,0.0,0.0,0.0,0.0,0.0,0.0,113.05,113.05,95.0,0.0,0.0,0.0,32.75804984324562,508.019906106051,406.4159248848402,idle,3.9999999999999982,2026-08-05
2026-08-05 05:25:00,VIC1,93.63995,0.09363995,0.0,0.0,0.0,0.0,0.0,0.0,113.05,113.05,95.0,0.0,0.0,0.0,32.75804984324562,508.019906106051,406.4159248848402,idle,3.9999999999999982,2026-08-05
2026-08-05 05:30:00,VIC1,94.67347,0.09467347,0.0,0.0,0.0,0.0,0.0,0.0,113.05,113.05,95.0,0.0,0.0,0.0,32.75804984324562,508.019906106051,406.4159248848402,idle,3.9999999999999982,2026-08-05
2026-08-05 05:35:00,VIC1,84.92,0.08492000000000001,0.0,0.0,0.0,0.0,0.0,0.0,113.05,113.05,95.0,0.0,0.0,0.0,32.75804984324562,508.019906106051,406.4159248848402,idle,3.9999999999999982,2026-08-05
2026-08-05 05:40:00,VIC1,92.05028,0.09205028,0.0,0.0,0.0,0.0,0.0,0.0,113.05,113.05,95.0,0.0,0.0,0.0,32.75804984324562,508.019906106051,406.4159248848402,idle,3.9999999999999982,2026-08-05
2026-08-05 05:45:00,VIC1,94.74623,0.09474623,0.0,0.0,0.0,0.0,0.0,0.0,113.05,113.05,95.0,0.0,0.0,0.0,32.75804984324562,508.019906106051,406.4159248848402,idle,3.9999999999999982,2026-08-05
2026-08-05 05:50:00,VIC1,94.99714,0.09499714000000001,0.0,0.0,0.0,0.0,0.0,0.0,113.05,113.05,95.0,0.0,0.0,0.0,32.75804984324562,508.019906106051,406.4159248848402,idle,3.9999999999999982,2026-08-05
2026-08-05 05:55:00,VIC1,97.22126,0.09722126,0.0,0.0,0.0,0.0,0.0,0.0,113.05,113.05,95.0,0.0,0.0,0.0,32.75804984324562,508.019906106051,406.4159248848402,idle,3.9999999999999982,2026-08-05
2026-08-05 06:00:00,VIC1,110.4,0.11040000000000001,0.0,0.0,0.0,0.0,0.0,0.0,113.05,113.05,95.0,0.0,0.0,0.0,32.75804984324562,508.019906106051,406.4159248848402,idle,3.9999999999999982,2026-08-05
2026-08-05 06:05:00,VIC1,92.99712,0.09299712,0.0,0.0,0.0,0.0,0.0,0.0,113.05,113.05,95.0,0.0,0.0,0.0,32.75804984324562,508.019906106051,406.4159248848402,idle,3.9999999999999982,2026-08-05
2026-08-05 06:10:00,VIC1,96.63071,0.09663071,0.0,0.0,0.0,0.0,0.0,0.0,113.05,113.05,95.0,0.0,0.0,0.0,32.75804984324562,508.019906106051,406.4159248848402,idle,3.9999999999999982,2026-08-05
2026-08-05 06:15:00,VIC1,97.32893,0.09732893000000001,0.0,0.0,0.0,0.0,0.0,0.0,113.05,113.05,95.0,0.0,0.0,0.0,32.75804984324562,508.019906106051,406.4159248848402,idle,3.9999999999999982,2026-08-05
2026-08-05 06:20:00,VIC1,98.10144,0.09810144,0.0,0.0,0.0,0.0,0.0,0.0,113.05,113.05,95.0,0.0,0.0,0.0,32.75804984324562,508.019906106051,406.4159248848402,idle,3.9999999999999982,2026-08-05
2026-08-05 06:25:00,VIC1,114.16264,0.11416264,0.0,0.0,0.0,0.0,0.0,0.0,113.05,113.05,95.0,0.0,0.0,0.0,32.75804984324562,508.019906106051,406.4159248848402,idle,3.9999999999999982,2026-08-05
2026-08-05 06:30:00,VIC1,115.77275,0.11577275000000001,0.0,0.0,0.0,0.0,0.0,0.0,113.05,113.05,95.0,0.0,0.0,0.0,32.75804984324562,508.019906106051,406.4159248848402,idle,3.9999999999999982,2026-08-05
2026-08-05 06:35:00,VIC1,105.57805,0.10557805,0.0,0.0,0.0,0.0,0.0,0.0,113.05,113.05,95.0,0.0,0.0,0.0,32.75804984324562,508.019906106051,406.4159248848402,idle,3.9999999999999982,2026-08-05
2026-08-05 06:40:00,VIC1,115.0,0.115,0.0,0.0,0.0,0.0,0.0,0.0,113.05,113.05,95.0,0.0,0.0,0.0,32.75804984324562,508.019906106051,406.4159248848402,idle,3.9999999999999982,2026-08-05
2026-08-05 06:45:00,VIC1,127.76141,0.12776141,0.0,0.0,0.0,0.0,0.0,0.0,113.05,113.05,95.0,0.0,0.0,0.0,32.75804984324562,508.019906106051,406.4159248848402,idle,3.9999999999999982,2026-08-05
2026-08-05 06:50:00,VIC1,128.48,0.12847999999999998,0.0,0.0,0.0,0.0,0.0,0.0,113.05,113.05,95.0,0.0,0.0,0.0,32.75804984324562,508.019906106051,406.4159248848402,idle,3.9999999999999982,2026-08-05
2026-08-05 06:55:00,VIC1,163.39795,0.16339795000000001,0.0,0.0,0.0,0.0,0.0,0.0,113.05,113.05,95.0,0.0,0.0,0.0,32.75804984324562,508.019906106051,406.4159248848402,idle,3.9999999999999982,2026-08-05
2026-08-05 07:00:00,VIC1,131.75674,0.13175674,0.0,0.0,0.0,0.0,0.0,0.0,113.05,113.05,95.0,0.0,0.0,0.0,32.75804984324562,508.019906106051,406.4159248848402,idle,3.9999999999999982,2026-08-05
2026-08-05 07:05:00,VIC1,125.1359,0.12513590000000002,0.0,0.0,0.0,0.0,0.0,0.0,113.05,113.05,95.0,0.0,0.0,0.0,32.75804984324562,508.019906106051,406.4159248848402,idle,3.9999999999999982,2026-08-05
2026-08-05 07:10:00,VIC1,128.48,0.12847999999999998,0.0,0.0,0.0,0.0,0.0,0.0,113.05,113.05,95.0,0.0,0.0,0.0,32.75804984324562,508.019906106051,406.4159248848402,idle,3.9999999999999982,2026-08-05
2026-08-05 07:15:00,VIC1,135.48,0.13548,0.0,0.0,0.0,0.0,0.0,0.0,113.05,113.05,95.0,0.0,0.0,0.0,32.75804984324562,508.019906106051,406.4159248848402,idle,3.9999999999999982,2026-08-05
2026-08-05 07:20:00,VIC1,129.06,0.12906,0.0,0.0,0.0,0.0,0.0,0.0,113.05,113.05,95.0,0.0,0.0,0.0,32.75804984324562,508.019906106051,406.4159248848402,idle,3.9999999999999982,2026-08-05
2026-08-05 07:25:00,VIC1,131.31216,0.13131216,0.0,0.0,0.0,0.0,0.0,0.0,113.05,113.05,95.0,0.0,0.0,0.0,32.75804984324562,508.019906106051,406.4159248848402,idle,3.9999999999999982,2026-08-05
2026-08-05 07:30:00,VIC1,130.3371,0.13033709999999998,0.0,0.0,0.0,0.0,0.0,0.0,113.05,113.05,95.0,0.0,0.0,0.0,32.75804984324562,508.019906106051,406.4159248848402,idle,3.9999999999999982,2026-08-05
2026-08-05 07:35:00,VIC1,128.65,0.12865000000000001,0.0,0.0,0.0,0.0,0.0,0.0,113.05,113.05,95.0,0.0,0.0,0.0,32.75804984324562,508.019906106051,406.4159248848402,idle,3.9999999999999982,2026-08-05
2026-08-05 07:40:00,VIC1,113.86173,0.11386173,0.0,0.0,0.0,0.0,0.0,0.0,113.05,113.05,95.0,0.0,0.0,0.0,32.75804984324562,508.019906106051,406.4159248848402,idle,3.9999999999999982,2026-08-05
2026-08-05 07:45:00,VIC1,122.49469,0.12249469,0.0,0.0,0.0,0.0,0.0,0.0,113.05,113.05,95.0,0.0,0.0,0.0,32.75804984324562,508.019906106051,406.4159248848402,idle,3.9999999999999982,2026-08-05
2026-08-05 07:50:00,VIC1,128.48,0.12847999999999998,0.0,0.0,0.0,0.0,0.0,0.0,113.05,113.05,95.0,0.0,0.0,0.0,32.75804984324562,508.019906106051,406.4159248848402,idle,3.9999999999999982,2026-08-05
2026-08-05 07:55:00,VIC1,116.06907,0.11606907,0.0,0.0,0.0,0.0,0.0,0.0,113.05,113.05,95.0,0.0,0.0,0.0,32.75804984324562,508.019906106051,406.4159248848402,idle,3.9999999999999982,2026-08-05
2026-08-05 08:00:00,VIC1,115.0,0.115,0.0,0.0,0.0,0.0,0.0,0.0,113.05,113.05,95.0,0.0,0.0,0.0,32.75804984324562,508.019906106051,406.4159248848402,idle,3.9999999999999982,2026-08-05
2026-08-05 08:05:00,VIC1,135.48,0.13548,0.0,0.0,0.0,0.0,0.0,0.0,113.05,113.05,95.0,0.0,0.0,0.0,32.75804984324562,508.019906106051,406.4159248848402,idle,3.9999999999999982,2026-08-05
2026-08-05 08:10:00,VIC1,135.48,0.13548,0.0,0.0,0.0,0.0,0.0,0.0,113.05,113.05,95.0,0.0,0.0,0.0,32.75804984324562,508.019906106051,406.4159248848402,idle,3.9999999999999982,2026-08-05
2026-08-05 08:15:00,VIC1,129.89164,0.12989164,0.0,0.0,0.0,0.0,0.0,0.0,113.05,113.05,95.0,0.0,0.0,0.0,32.75804984324562,508.019906106051,406.4159248848402,idle,3.9999999999999982,2026-08-05
2026-08-05 08:20:00,VIC1,134.47,0.13447,0.0,0.0,0.0,0.0,0.0,0.0,113.05,113.05,95.0,0.0,0.0,0.0,32.75804984324562,508.019906106051,406.4159248848402,idle,3.9999999999999982,2026-08-05
2026-08-05 08:25:00,VIC1,135.48,0.13548,0.0,0.0,0.0,0.0,0.0,0.0,113.05,113.05,95.0,0.0,0.0,0.0,32.75804984324562,508.019906106051,406.4159248848402,idle,3.9999999999999982,2026-08-05
2026-08-05 08:30:00,VIC1,128.48,0.12847999999999998,0.0,0.0,0.0,0.0,0.0,0.0,113.05,113.05,95.0,0.0,0.0,0.0,32.75804984324562,508.019906106051,406.4159248848402,idle,3.9999999999999982,2026-08-05
2026-08-05 08:35:00,VIC1,133.78119,0.13378119000000002,0.0,0.0,0.0,0.0,0.0,0.0,113.05,113.05,95.0,0.0,0.0,0.0,32.75804984324562,508.019906106051,406.4159248848402,idle,3.9999999999999982,2026-08-05
2026-08-05 08:40:00,VIC1,133.78119,0.13378119000000002,0.0,0.0,0.0,0.0,0.0,0.0,113.05,113.05,95.0,0.0,0.0,0.0,32.75804984324562,508.019906106051,406.4159248848402,idle,3.9999999999999982,2026-08-05
2026-08-05 08:45:00,VIC1,128.48,0.12847999999999998,0.0,0.0,0.0,0.0,0.0,0.0,113.05,113.05,95.0,0.0,0.0,0.0,32.75804984324562,508.019906106051,406.4159248848402,idle,3.9999999999999982,2026-08-05
2026-08-05 08:50:00,VIC1,105.89,0.10589,0.0,0.0,0.0,0.0,0.0,0.0,113.05,113.05,95.0,0.0,0.0,0.0,32.75804984324562,508.019906106051,406.4159248848402,idle,3.9999999999999982,2026-08-05
2026-08-05 08:55:00,VIC1,105.88,0.10588,0.0,0.0,0.0,0.0,0.0,0.0,113.05,113.05,95.0,0.0,0.0,0.0,32.75804984324562,508.019906106051,406.4159248848402,idle,3.9999999999999982,2026-08-05
2026-08-05 09:00:00,VIC1,105.88,0.10588,0.0,0.0,0.0,0.0,0.0,0.0,113.05,113.05,95.0,0.0,0.0,0.0,32.75804984324562,508.019906106051,406.4159248848402,idle,3.9999999999999982,2026-08-05
2026-08-05 09:05:00,VIC1,97.68015,0.09768015,0.0,0.0,0.0,0.0,0.0,0.0,113.05,113.05,95.0,0.0,0.0,0.0,32.75804984324562,508.019906106051,406.4159248848402,idle,3.9999999999999982,2026-08-05
2026-08-05 09:10:00,VIC1,139.02582,0.13902582000000002,0.0,0.0,0.0,0.0,0.0,0.0,113.05,113.05,95.0,0.0,0.0,0.0,32.75804984324562,508.019906106051,406.4159248848402,idle,3.9999999999999982,2026-08-05
2026-08-05 09:15:00,VIC1,139.01,0.13901,0.0,0.0,0.0,0.0,0.0,0.0,113.05,113.05,95.0,0.0,0.0,0.0,32.75804984324562,508.019906106051,406.4159248848402,idle,3.9999999999999982,2026-08-05
2026-08-05 09:20:00,VIC1,139.24282,0.13924282,0.0,0.0,0.0,0.0,0.0,0.0,113.05,113.05,95.0,0.0,0.0,0.0,32.75804984324562,508.019906106051,406.4159248848402,idle,3.9999999999999982,2026-08-05
2026-08-05 09:25:00,VIC1,133.41479,0.13341479,0.0,0.0,0.0,0.0,0.0,0.0,113.05,113.05,95.0,0.0,0.0,0.0,32.75804984324562,508.019906106051,406.4159248848402,idle,3.9999999999999982,2026-08-05
2026-08-05 09:30:00,VIC1,105.56,0.10556,0.0,0.0,0.0,0.0,0.0,0.0,113.05,113.05,95.0,0.0,0.0,0.0,32.75804984324562,508.019906106051,406.4159248848402,idle,3.9999999999999982,2026-08-05
2026-08-05 09:35:00,VIC1,139.1407,0.1391407,0.0,0.0,0.0,0.0,0.0,0.0,113.05,113.05,95.0,0.0,0.0,0.0,32.75804984324562,508.019906106051,406.4159248848402,idle,3.9999999999999982,2026-08-05
2026-08-05 09:40:00,VIC1,164.55701,0.16455701,0.0,0.0,0.0,0.0,0.0,0.0,113.05,113.05,95.0,0.0,0.0,0.0,32.75804984324562,508.019906106051,406.4159248848402,idle,3.9999999999999982,2026-08-05
2026-08-05 09:45:00,VIC1,139.0,0.139,0.0,0.0,0.0,0.0,0.0,0.0,113.05,113.05,95.0,0.0,0.0,0.0,32.75804984324562,508.019906106051,406.4159248848402,idle,3.9999999999999982,2026-08-05
2026-08-05 09:50:00,VIC1,115.77275,0.11577275000000001,0.0,0.0,0.0,0.0,0.0,0.0,113.05,113.05,95.0,0.0,0.0,0.0,32.75804984324562,508.019906106051,406.4159248848402,idle,3.9999999999999982,2026-08-05
2026-08-05 09:55:00,VIC1,162.85993,0.16285992999999999,0.0,0.0,0.0,0.0,0.0,0.0,113.05,113.05,95.0,0.0,0.0,0.0,32.75804984324562,508.019906106051,406.4159248848402,idle,3.9999999999999982,2026-08-05
2026-08-05 10:00:00,VIC1,105.56,0.10556,0.0,0.0,0.0,0.0,0.0,0.0,113.05,113.05,95.0,0.0,0.0,0.0,32.75804984324562,508.019906106051,406.4159248848402,idle,3.9999999999999982,2026-08-05
2026-08-05 10:05:00,VIC1,111.61481,0.11161481000000001,0.0,0.0,0.0,0.0,0.0,0.0,113.05,113.05,95.0,0.0,0.0,0.0,32.75804984324562,508.019906106051,406.4159248848402,idle,3.9999999999999982,2026-08-05
2026-08-05 10:10:00,VIC1,110.90777,0.11090777,0.0,0.0,0.0,0.0,0.0,0.0,113.05,113.05,95.0,0.0,0.0,0.0,32.75804984324562,508.019906106051,406.4159248848402,idle,3.9999999999999982,2026-08-05
2026-08-05 10:15:00,VIC1,105.56,0.10556,0.0,0.0,0.0,0.0,0.0,0.0,113.05,113.05,95.0,0.0,0.0,0.0,32.75804984324562,508.019906106051,406.4159248848402,idle,3.9999999999999982,2026-08-05
2026-08-05 10:20:00,VIC1,105.56,0.10556,0.0,0.0,0.0,0.0,0.0,0.0,113.05,113.05,95.0,0.0,0.0,0.0,32.75804984324562,508.019906106051,406.4159248848402,idle,3.9999999999999982,2026-08-05
2026-08-05 10:25:00,VIC1,105.56,0.10556,0.0,0.0,0.0,0.0,0.0,0.0,113.05,113.05,95.0,0.0,0.0,0.0,32.75804984324562,508.019906106051,406.4159248848402,idle,3.9999999999999982,2026-08-05
2026-08-05 10:30:00,VIC1,99.21,0.09920999999999999,0.0,0.0,0.0,0.0,0.0,0.0,113.05,113.05,95.0,0.0,0.0,0.0,32.75804984324562,508.019906106051,406.4159248848402,idle,3.9999999999999982,2026-08-05
2026-08-05 10:35:00,VIC1,105.56,0.10556,0.0,0.0,0.0,0.0,0.0,0.0,113.05,113.05,95.0,0.0,0.0,0.0,32.75804984324562,508.019906106051,406.4159248848402,idle,3.9999999999999982,2026-08-05
2026-08-05 10:40:00,VIC1,105.56,0.10556,0.0,0.0,0.0,0.0,0.0,0.0,113.05,113.05,95.0,0.0,0.0,0.0,32.75804984324562,508.019906106051,406.4159248848402,idle,3.9999999999999982,2026-08-05
2026-08-05 10:45:00,VIC1,101.50119,0.10150118999999999,0.0,0.0,0.0,0.0,0.0,0.0,113.05,113.05,95.0,0.0,0.0,0.0,32.75804984324562,508.019906106051,406.4159248848402,idle,3.9999999999999982,2026-08-05
2026-08-05 10:50:00,VIC1,99.21,0.09920999999999999,0.0,0.0,0.0,0.0,0.0,0.0,113.05,113.05,95.0,0.0,0.0,0.0,32.75804984324562,508.019906106051,406.4159248848402,idle,3.9999999999999982,2026-08-05
2026-08-05 10:55:00,VIC1,98.5,0.0985,0.0,0.0,0.0,0.0,0.0,0.0,113.05,113.05,95.0,0.0,0.0,0.0,32.75804984324562,508.019906106051,406.4159248848402,idle,3.9999999999999982,2026-08-05
2026-08-05 11:00:00,VIC1,98.5,0.0985,0.0,0.0,0.0,0.0,0.0,0.0,113.05,113.05,95.0,0.0,0.0,0.0,32.75804984324562,508.019906106051,406.4159248848402,idle,3.9999999999999982,2026-08-05
2026-08-05 11:05:00,VIC1,99.0,0.099,0.0,0.0,0.0,0.0,0.0,0.0,113.05,113.05,95.0,0.0,0.0,0.0,32.75804984324562,508.019906106051,406.4159248848402,idle,3.9999999999999982,2026-08-05
2026-08-05 11:10:00,VIC1,105.56,0.10556,0.0,0.0,0.0,0.0,0.0,0.0,113.05,113.05,95.0,0.0,0.0,0.0,32.75804984324562,508.019906106051,406.4159248848402,idle,3.9999999999999982,2026-08-05
2026-08-05 11:15:00,VIC1,105.54,0.10554000000000001,0.0,0.0,0.0,0.0,0.0,0.0,113.05,113.05,95.0,0.0,0.0,0.0,32.75804984324562,508.019906106051,406.4159248848402,idle,3.9999999999999982,2026-08-05
2026-08-05 11:20:00,VIC1,105.34,0.10534,0.0,0.0,0.0,0.0,0.0,0.0,113.05,113.05,95.0,0.0,0.0,0.0,32.75804984324562,508.019906106051,406.4159248848402,idle,3.9999999999999982,2026-08-05
2026-08-05 11:25:00,VIC1,98.5,0.0985,0.0,0.0,0.0,0.0,0.0,0.0,113.05,113.05,95.0,0.0,0.0,0.0,32.75804984324562,508.019906106051,406.4159248848402,idle,3.9999999999999982,2026-08-05
2026-08-05 11:30:00,VIC1,98.5,0.0985,0.0,0.0,0.0,0.0,0.0,0.0,113.05,113.05,95.0,0.0,0.0,0.0,32.75804984324562,508.019906106051,406.4159248848402,idle,3.9999999999999982,2026-08-05
2026-08-05 11:35:00,VIC1,105.56,0.10556,0.0,0.0,0.0,0.0,0.0,0.0,113.05,113.05,95.0,0.0,0.0,0.0,32.75804984324562,508.019906106051,406.4159248848402,idle,3.9999999999999982,2026-08-05
2026-08-05 11:40:00,VIC1,105.56,0.10556,0.0,0.0,0.0,0.0,0.0,0.0,113.05,113.05,95.0,0.0,0.0,0.0,32.75804984324562,508.019906106051,406.4159248848402,idle,3.9999999999999982,2026-08-05
2026-08-05 11:45:00,VIC1,105.56,0.10556,0.0,0.0,0.0,0.0,0.0,0.0,113.05,113.05,95.0,0.0,0.0,0.0,32.75804984324562,508.019906106051,406.4159248848402,idle,3.9999999999999982,2026-08-05
2026-08-05 11:50:00,VIC1,105.56,0.10556,0.0,0.0,0.0,0.0,0.0,0.0,113.05,113.05,95.0,0.0,0.0,0.0,32.75804984324562,508.019906106051,406.4159248848402,idle,3.9999999999999982,2026-08-05
2026-08-05 11:55:00,VIC1,105.56,0.10556,0.0,0.0,0.0,0.0,0.0,0.0,113.05,113.05,95.0,0.0,0.0,0.0,32.75804984324562,508.019906106051,406.4159248848402,idle,3.9999999999999982,2026-08-05
2026-08-05 12:00:00,VIC1,110.42,0.11042,0.0,0.0,0.0,0.0,0.0,0.0,113.05,113.05,95.0,0.0,0.0,0.0,32.75804984324562,508.019906106051,406.4159248848402,idle,3.9999999999999982,2026-08-05
2026-08-05 12:05:00,VIC1,105.56,0.10556,0.0,0.0,0.0,0.0,0.0,0.0,113.05,113.05,95.0,0.0,0.0,0.0,32.75804984324562,508.019906106051,406.4159248848402,idle,3.9999999999999982,2026-08-05
2026-08-05 12:10:00,VIC1,110.42,0.11042,0.0,0.0,0.0,0.0,0.0,0.0,113.05,113.05,95.0,0.0,0.0,0.0,32.75804984324562,508.019906106051,406.4159248848402,idle,3.9999999999999982,2026-08-05
2026-08-05 12:15:00,VIC1,110.42,0.11042,0.0,0.0,0.0,0.0,0.0,0.0,113.05,113.05,95.0,0.0,0.0,0.0,32.75804984324562,508.019906106051,406.4159248848402,idle,3.9999999999999982,2026-08-05
2026-08-05 12:20:00,VIC1,110.42,0.11042,0.0,0.0,0.0,0.0,0.0,0.0,113.05,113.05,95.0,0.0,0.0,0.0,32.75804984324562,508.019906106051,406.4159248848402,idle,3.9999999999999982,2026-08-05
2026-08-05 12:25:00,VIC1,110.42,0.11042,0.0,0.0,0.0,0.0,0.0,0.0,113.05,113.05,95.0,0.0,0.0,0.0,32.75804984324562,508.019906106051,406.4159248848402,idle,3.9999999999999982,2026-08-05
2026-08-05 12:30:00,VIC1,105.56,0.10556,0.0,0.0,0.0,0.0,0.0,0.0,113.05,113.05,95.0,0.0,0.0,0.0,32.75804984324562,508.019906106051,406.4159248848402,idle,3.9999999999999982,2026-08-05
2026-08-05 12:35:00,VIC1,105.56,0.10556,0.0,0.0,0.0,0.0,0.0,0.0,113.05,113.05,95.0,0.0,0.0,0.0,32.75804984324562,508.019906106051,406.4159248848402,idle,3.9999999999999982,2026-08-05
2026-08-05 12:40:00,VIC1,110.42,0.11042,0.0,0.0,0.0,0.0,0.0,0.0,113.05,113.05,95.0,0.0,0.0,0.0,32.75804984324562,508.019906106051,406.4159248848402,idle,3.9999999999999982,2026-08-05
2026-08-05 12:45:00,VIC1,110.42,0.11042,0.0,0.0,0.0,0.0,0.0,0.0,113.05,113.05,95.0,0.0,0.0,0.0,32.75804984324562,508.019906106051,406.4159248848402,idle,3.9999999999999982,2026-08-05
2026-08-05 12:50:00,VIC1,111.62445,0.11162445,0.0,0.0,0.0,0.0,0.0,0.0,113.05,113.05,95.0,0.0,0.0,0.0,32.75804984324562,508.019906106051,406.4159248848402,idle,3.9999999999999982,2026-08-05
2026-08-05 12:55:00,VIC1,124.77371,0.12477371,0.0,0.0,0.0,0.0,0.0,0.0,113.05,113.05,95.0,0.0,0.0,0.0,32.75804984324562,508.019906106051,406.4159248848402,idle,3.9999999999999982,2026-08-05
2026-08-05 13:00:00,VIC1,145.42,0.14542,0.0,0.0,0.0,0.0,0.0,0.0,113.05,113.05,95.0,0.0,0.0,0.0,32.75804984324562,508.019906106051,406.4159248848402,idle,3.9999999999999982,2026-08-05
2026-08-05 13:05:00,VIC1,110.42,0.11042,0.0,0.0,0.0,0.0,0.0,0.0,113.05,113.05,95.0,0.0,0.0,0.0,32.75804984324562,508.019906106051,406.4159248848402,idle,3.9999999999999982,2026-08-05
2026-08-05 13:10:00,VIC1,110.42,0.11042,0.0,0.0,0.0,0.0,0.0,0.0,113.05,113.05,95.0,0.0,0.0,0.0,32.75804984324562,508.019906106051,406.4159248848402,idle,3.9999999999999982,2026-08-05
2026-08-05 13:15:00,VIC1,111.63384,0.11163384000000001,0.0,0.0,0.0,0.0,0.0,0.0,113.05,113.05,95.0,0.0,0.0,0.0,32.75804984324562,508.019906106051,406.4159248848402,idle,3.9999999999999982,2026-08-05
2026-08-05 13:20:00,VIC1,145.42,0.14542,0.0,0.0,0.0,0.0,0.0,0.0,113.05,113.05,95.0,0.0,0.0,0.0,32.75804984324562,508.019906106051,406.4159248848402,idle,3.9999999999999982,2026-08-05
2026-08-05 13:25:00,VIC1,145.42,0.14542,0.0,0.0,0.0,0.0,0.0,0.0,113.05,113.05,95.0,0.0,0.0,0.0,32.75804984324562,508.019906106051,406.4159248848402,idle,3.9999999999999982,2026-08-05
2026-08-05 13:30:00,VIC1,148.64,0.14864,0.0,0.0,0.0,0.0,0.0,0.0,113.05,113.05,95.0,0.0,0.0,0.0,32.75804984324562,508.019906106051,406.4159248848402,idle,3.9999999999999982,2026-08-05
2026-08-05 13:35:00,VIC1,143.28494,0.14328494,0.0,0.0,0.0,0.0,0.0,0.0,113.05,113.05,95.0,0.0,0.0,0.0,32.75804984324562,508.019906106051,406.4159248848402,idle,3.9999999999999982,2026-08-05
2026-08-05 13:40:00,VIC1,145.42,0.14542,0.0,0.0,0.0,0.0,0.0,0.0,113.05,113.05,95.0,0.0,0.0,0.0,32.75804984324562,508.019906106051,406.4159248848402,idle,3.9999999999999982,2026-08-05
2026-08-05 13:45:00,VIC1,159.12863,0.15912863,0.0,0.0,0.0,0.0,0.0,0.0,113.05,113.05,95.0,0.0,0.0,0.0,32.75804984324562,508.019906106051,406.4159248848402,idle,3.9999999999999982,2026-08-05
2026-08-05 13:50:00,VIC1,145.42,0.14542,0.0,0.0,0.0,0.0,0.0,0.0,113.05,113.05,95.0,0.0,0.0,0.0,32.75804984324562,508.019906106051,406.4159248848402,idle,3.9999999999999982,2026-08-05
2026-08-05 13:55:00,VIC1,145.42,0.14542,0.0,0.0,0.0,0.0,0.0,0.0,113.05,113.05,95.0,0.0,0.0,0.0,32.75804984324562,508.019906106051,406.4159248848402,idle,3.9999999999999982,2026-08-05
2026-08-05 14:00:00,VIC1,144.57861,0.14457861,0.0,0.0,0.0,0.0,0.0,0.0,113.05,113.05,95.0,0.0,0.0,0.0,32.75804984324562,508.019906106051,406.4159248848402,idle,3.9999999999999982,2026-08-05
2026-08-05 14:05:00,VIC1,134.59,0.13459000000000002,0.0,0.0,0.0,0.0,0.0,0.0,113.05,113.05,95.0,0.0,0.0,0.0,32.75804984324562,508.019906106051,406.4159248848402,idle,3.9999999999999982,2026-08-05
2026-08-05 14:10:00,VIC1,105.56,0.10556,0.0,0.0,0.0,0.0,0.0,0.0,113.05,113.05,95.0,0.0,0.0,0.0,32.75804984324562,508.019906106051,406.4159248848402,idle,3.9999999999999982,2026-08-05
2026-08-05 14:15:00,VIC1,110.42,0.11042,0.0,0.0,0.0,0.0,0.0,0.0,113.05,113.05,95.0,0.0,0.0,0.0,32.75804984324562,508.019906106051,406.4159248848402,idle,3.9999999999999982,2026-08-05
2026-08-05 14:20:00,VIC1,105.56,0.10556,0.0,0.0,0.0,0.0,0.0,0.0,113.05,113.05,95.0,0.0,0.0,0.0,32.75804984324562,508.019906106051,406.4159248848402,idle,3.9999999999999982,2026-08-05
2026-08-05 14:25:00,VIC1,124.0,0.124,0.0,0.0,0.0,0.0,0.0,0.0,113.05,113.05,95.0,0.0,0.0,0.0,32.75804984324562,508.019906106051,406.4159248848402,idle,3.9999999999999982,2026-08-05
2026-08-05 14:30:00,VIC1,155.30632,0.15530632,0.0,0.0,0.0,0.0,0.0,0.0,113.05,113.05,95.0,0.0,0.0,0.0,32.75804984324562,508.019906106051,406.4159248848402,idle,3.9999999999999982,2026-08-05
2026-08-05 14:35:00,VIC1,124.87017,0.12487017,0.0,0.0,0.0,0.0,0.0,0.0,113.05,113.05,95.0,0.0,0.0,0.0,32.75804984324562,508.019906106051,406.4159248848402,idle,3.9999999999999982,2026-08-05
2026-08-05 14:40:00,VIC1,124.0,0.124,0.0,0.0,0.0,0.0,0.0,0.0,113.05,113.05,95.0,0.0,0.0,0.0,32.75804984324562,508.019906106051,406.4159248848402,idle,3.9999999999999982,2026-08-05
2026-08-05 14:45:00,VIC1,124.00001,0.12400001000000001,0.0,0.0,0.0,0.0,0.0,0.0,113.05,113.05,95.0,0.0,0.0,0.0,32.75804984324562,508.019906106051,406.4159248848402,idle,3.9999999999999982,2026-08-05
2026-08-05 14:50:00,VIC1,151.23212,0.15123212000000003,0.0,0.0,0.0,0.0,0.0,0.0,113.05,113.05,95.0,0.0,0.0,0.0,32.75804984324562,508.019906106051,406.4159248848402,idle,3.9999999999999982,2026-08-05
2026-08-05 14:55:00,VIC1,151.07191,0.15107191,0.0,0.0,0.0,0.0,0.0,0.0,113.05,113.05,95.0,0.0,0.0,0.0,32.75804984324562,508.019906106051,406.4159248848402,idle,3.9999999999999982,2026-08-05
2026-08-05 15:00:00,VIC1,165.75018,0.16575018,0.0,0.0,0.0,0.0,0.0,0.0,113.05,113.05,95.0,0.0,0.0,0.0,32.75804984324562,508.019906106051,406.4159248848402,idle,3.9999999999999982,2026-08-05
2026-08-05 15:05:00,VIC1,164.63861,0.16463861,0.0,0.0,0.0,0.0,0.0,0.0,113.05,113.05,95.0,0.0,0.0,0.0,32.75804984324562,508.019906106051,406.4159248848402,idle,3.9999999999999982,2026-08-05
2026-08-05 15:10:00,VIC1,143.23763,0.14323763,0.0,0.0,0.0,0.0,0.0,0.0,113.05,113.05,95.0,0.0,0.0,0.0,32.75804984324562,508.019906106051,406.4159248848402,idle,3.9999999999999982,2026-08-05
2026-08-05 15:15:00,VIC1,142.14674,0.14214674,0.0,0.0,0.0,0.0,0.0,0.0,113.05,113.05,95.0,0.0,0.0,0.0,32.75804984324562,508.019906106051,406.4159248848402,idle,3.9999999999999982,2026-08-05
2026-08-05 15:20:00,VIC1,142.11723,0.14211723,0.0,0.0,0.0,0.0,0.0,0.0,113.05,113.05,95.0,0.0,0.0,0.0,32.75804984324562,508.019906106051,406.4159248848402,idle,3.9999999999999982,2026-08-05
2026-08-05 15:25:00,VIC1,162.34567,0.16234567000000003,0.0,0.0,0.0,0.0,0.0,0.0,113.05,113.05,95.0,0.0,0.0,0.0,32.75804984324562,508.019906106051,406.4159248848402,idle,3.9999999999999982,2026-08-05
2026-08-05 15:30:00,VIC1,158.68938,0.15868938,0.0,0.0,0.0,0.0,0.0,0.0,113.05,113.05,95.0,0.0,0.0,0.0,32.75804984324562,508.019906106051,406.4159248848402,idle,3.9999999999999982,2026-08-05
2026-08-05 15:35:00,VIC1,170.11,0.17011,0.0,0.0,0.0,0.0,0.0,0.0,113.05,113.05,95.0,0.0,0.0,0.0,32.75804984324562,508.019906106051,406.4159248848402,idle,3.9999999999999982,2026-08-05
2026-08-05 15:40:00,VIC1,184.0,0.184,0.0,0.0,0.0,0.0,0.0,0.0,113.05,113.05,95.0,0.0,0.0,0.0,32.75804984324562,508.019906106051,406.4159248848402,idle,3.9999999999999982,2026-08-05
2026-08-05 15:45:00,VIC1,184.0,0.184,0.0,0.0,0.0,0.0,0.0,0.0,113.05,113.05,95.0,0.0,0.0,0.0,32.75804984324562,508.019906106051,406.4159248848402,idle,3.9999999999999982,2026-08-05
2026-08-05 15:50:00,VIC1,275.07,0.27507,0.0,69.0,0.0,5.75,0.0,6.061032181989394,113.05,106.98896781801061,89.90669564538707,0.0,1.5816525,1.5816525,34.33970234324562,508.019906106051,412.1659248848402,discharge,4.056592270606809,2026-08-05
2026-08-05 15:55:00,VIC1,175.46,0.17546,0.0,0.0,0.0,0.0,0.0,0.0,106.98896781801061,106.98896781801061,89.90669564538707,0.0,0.0,0.0,34.33970234324562,508.019906106051,412.1659248848402,idle,4.056592270606809,2026-08-05
2026-08-05 16:00:00,VIC1,184.0,0.184,0.0,0.0,0.0,0.0,0.0,0.0,106.98896781801061,106.98896781801061,89.90669564538707,0.0,0.0,0.0,34.33970234324562,508.019906106051,412.1659248848402,idle,4.056592270606809,2026-08-05
2026-08-05 16:05:00,VIC1,274.82,0.27482,0.0,69.0,0.0,5.75,0.0,6.061032181989394,106.98896781801061,100.92793563602122,84.81339129077413,0.0,1.5802150000000001,1.5802150000000001,35.91991734324562,508.019906106051,417.9159248848402,discharge,4.113184541213619,2026-08-05
2026-08-05 16:10:00,VIC1,175.46,0.17546,0.0,0.0,0.0,0.0,0.0,0.0,100.92793563602122,100.92793563602122,84.81339129077413,0.0,0.0,0.0,35.91991734324562,508.019906106051,417.9159248848402,idle,4.113184541213619,2026-08-05
2026-08-05 16:15:00,VIC1,176.46,0.17646,0.0,0.0,0.0,0.0,0.0,0.0,100.92793563602122,100.92793563602122,84.81339129077413,0.0,0.0,0.0,35.91991734324562,508.019906106051,417.9159248848402,idle,4.113184541213619,2026-08-05
2026-08-05 16:20:00,VIC1,181.09824,0.18109824000000002,0.0,0.0,0.0,0.0,0.0,0.0,100.92793563602122,100.92793563602122,84.81339129077413,0.0,0.0,0.0,35.91991734324562,508.019906106051,417.9159248848402,idle,4.113184541213619,2026-08-05
2026-08-05 16:25:00,VIC1,225.03981,0.22503981,0.0,69.0,0.0,5.75,0.0,6.061032181989394,100.92793563602122,94.86690345403183,79.72008693616121,0.0,1.2939789075,1.2939789075,37.21389625074562,508.019906106051,423.6659248848402,discharge,4.169776811820429,2026-08-05
2026-08-05 16:30:00,VIC1,232.48,0.23248,0.0,69.0,0.0,5.75,0.0,6.061032181989394,94.86690345403183,88.80587127204244,74.62678258154827,0.0,1.33676,1.33676,38.55065625074562,508.019906106051,429.4159248848402,discharge,4.22636908242724,2026-08-05
2026-08-05 16:35:00,VIC1,176.46,0.17646,0.0,0.0,0.0,0.0,0.0,0.0,88.80587127204244,88.80587127204244,74.62678258154827,0.0,0.0,0.0,38.55065625074562,508.019906106051,429.4159248848402,idle,4.22636908242724,2026-08-05
2026-08-05 16:40:00,VIC1,230.47592,0.23047592,0.0,69.0,0.0,5.75,0.0,6.061032181989394,88.80587127204244,82.74483909005305,69.53347822693533,0.0,1.32523654,1.32523654,39.87589279074562,508.019906106051,435.1659248848402,discharge,4.28296135303405,2026-08-05
2026-08-05 16:45:00,VIC1,176.46,0.17646,0.0,0.0,0.0,0.0,0.0,0.0,82.74483909005305,82.74483909005305,69.53347822693533,0.0,0.0,0.0,39.87589279074562,508.019906106051,435.1659248848402,idle,4.28296135303405,2026-08-05
2026-08-05 16:50:00,VIC1,231.97,0.23197,0.0,69.0,0.0,5.75,0.0,6.061032181989394,82.74483909005305,76.68380690806366,64.4401738723224,0.0,1.3338275,1.3338275,41.209720290745615,508.019906106051,440.9159248848402,discharge,4.33955362364086,2026-08-05
2026-08-05 16:55:00,VIC1,232.48,0.23248,0.0,69.0,0.0,5.75,0.0,6.061032181989394,76.68380690806366,70.62277472607427,59.346869517709465,0.0,1.33676,1.33676,42.54648029074561,508.019906106051,446.6659248848402,discharge,4.396145894247671,2026-08-05
2026-08-05 17:00:00,VIC1,244.69,0.24469,0.0,69.0,0.0,5.75,0.0,6.061032181989394,70.62277472607427,64.56174254408488,54.25356516309654,0.0,1.4069675,1.4069675,43.953447790745614,508.019906106051,452.4159248848402,discharge,4.452738164854481,2026-08-05
2026-08-05 17:05:00,VIC1,186.53,0.18653,0.0,0.0,0.0,0.0,0.0,0.0,64.56174254408488,64.56174254408488,54.25356516309654,0.0,0.0,0.0,43.953447790745614,508.019906106051,452.4159248848402,idle,4.452738164854481,2026-08-05
2026-08-05 17:10:00,VIC1,187.63,0.18763,0.0,0.0,0.0,0.0,0.0,0.0,64.56174254408488,64.56174254408488,54.25356516309654,0.0,0.0,0.0,43.953447790745614,508.019906106051,452.4159248848402,idle,4.452738164854481,2026-08-05
2026-08-05 17:15:00,VIC1,220.77168,0.22077168,0.0,0.0,0.0,0.0,0.0,0.0,64.56174254408488,64.56174254408488,54.25356516309654,0.0,0.0,0.0,43.953447790745614,508.019906106051,452.4159248848402,idle,4.452738164854481,2026-08-05
2026-08-05 17:20:00,VIC1,215.31389,0.21531388999999998,0.0,0.0,0.0,0.0,0.0,0.0,64.56174254408488,64.56174254408488,54.25356516309654,0.0,0.0,0.0,43.953447790745614,508.019906106051,452.4159248848402,idle,4.452738164854481,2026-08-05
2026-08-05 17:25:00,VIC1,244.10993,0.24410993,0.0,69.0,0.0,5.75,0.0,6.061032181989394,64.56174254408488,58.50071036209548,49.1602608084836,0.0,1.4036320975,1.4036320975,45.357079888245615,508.019906106051,458.1659248848402,discharge,4.509330435461291,2026-08-05
2026-08-05 17:30:00,VIC1,241.48,0.24148,0.0,69.0,0.0,5.75,0.0,6.061032181989394,58.50071036209548,52.439678180106085,44.06695645387066,0.0,1.38851,1.38851,46.74558988824561,508.019906106051,463.9159248848402,discharge,4.565922706068102,2026-08-05
2026-08-05 17:35:00,VIC1,186.53,0.18653,0.0,0.0,0.0,0.0,0.0,0.0,52.439678180106085,52.439678180106085,44.06695645387066,0.0,0.0,0.0,46.74558988824561,508.019906106051,463.9159248848402,idle,4.565922706068102,2026-08-05
2026-08-05 17:40:00,VIC1,187.63,0.18763,0.0,0.0,0.0,0.0,0.0,0.0,52.439678180106085,52.439678180106085,44.06695645387066,0.0,0.0,0.0,46.74558988824561,508.019906106051,463.9159248848402,idle,4.565922706068102,2026-08-05
2026-08-05 17:45:00,VIC1,259.30027,0.25930027,0.0,69.0,0.0,5.75,0.0,6.061032181989394,52.439678180106085,46.37864599811669,38.97365209925772,0.0,1.4909765525,1.4909765525,48.23656644074561,508.019906106051,469.6659248848402,discharge,4.622514976674912,2026-08-05
2026-08-05 17:50:00,VIC1,187.63,0.18763,0.0,0.0,0.0,0.0,0.0,0.0,46.37864599811669,46.37864599811669,38.97365209925772,0.0,0.0,0.0,48.23656644074561,508.019906106051,469.6659248848402,idle,4.622514976674912,2026-08-05
2026-08-05 17:55:00,VIC1,249.02736,0.24902736,0.0,69.0,0.0,5.75,0.0,6.061032181989394,46.37864599811669,40.31761381612729,33.88034774464479,0.0,1.43190732,1.43190732,49.66847376074561,508.019906106051,475.4159248848402,discharge,4.679107247281723,2026-08-05
2026-08-05 18:00:00,VIC1,252.42359,0.25242359,0.0,69.0,0.0,5.75,0.0,6.061032181989394,40.31761381612729,34.256581634137895,28.787043390031847,0.0,1.4514356425,1.4514356425,51.119909403245614,508.019906106051,481.1659248848402,discharge,4.735699517888533,2026-08-05
2026-08-05 18:05:00,VIC1,187.63,0.18763,0.0,0.0,0.0,0.0,0.0,0.0,34.256581634137895,34.256581634137895,28.787043390031847,0.0,0.0,0.0,51.119909403245614,508.019906106051,481.1659248848402,idle,4.735699517888533,2026-08-05
2026-08-05 18:10:00,VIC1,241.48,0.24148,0.0,69.0,0.0,5.75,0.0,6.061032181989394,34.256581634137895,28.1955494521485,23.693739035418908,0.0,1.38851,1.38851,52.50841940324561,508.019906106051,486.9159248848402,discharge,4.792291788495344,2026-08-05
2026-08-05 18:15:00,VIC1,232.48,0.23248,0.0,69.0,0.0,5.75,0.0,6.061032181989394,28.1955494521485,22.134517270159108,18.600434680805975,0.0,1.33676,1.33676,53.84517940324561,508.019906106051,492.6659248848402,discharge,4.848884059102154,2026-08-05
2026-08-05 18:20:00,VIC1,241.48,0.24148,0.0,69.0,0.0,5.75,0.0,6.061032181989394,22.134517270159108,16.073485088169715,13.507130326193037,0.0,1.38851,1.38851,55.233689403245606,508.019906106051,498.4159248848402,discharge,4.905476329708965,2026-08-05
2026-08-05 18:25:00,VIC1,188.99199,0.18899199,0.0,0.0,0.0,0.0,0.0,0.0,16.073485088169715,16.073485088169715,13.507130326193037,0.0,0.0,0.0,55.233689403245606,508.019906106051,498.4159248848402,idle,4.905476329708965,2026-08-05
2026-08-05 18:30:00,VIC1,221.11442,0.22111442,0.0,46.24777465452039,0.0,3.8539812212100326,0.0,4.062452906180312,16.073485088169715,12.011032181989403,10.093304354612943,0.0,0.8521708224187481,0.8521708224187481,56.085860225664355,508.019906106051,502.2699061060502,discharge,4.943407729393188,2026-08-05
2026-08-05 18:35:00,VIC1,248.076,0.248076,0.0,69.0,0.0,5.75,0.0,6.061032181989394,12.011032181989403,5.950000000000009,5.000000000000008,0.0,1.426437,1.426437,57.512297225664355,508.019906106051,508.0199061060502,discharge,4.999999999999998,2026-08-05
2026-08-05 18:40:00,VIC1,220.91224,0.22091224,0.0,0.0,0.0,0.0,0.0,0.0,5.950000000000009,5.950000000000009,5.000000000000008,0.0,0.0,0.0,57.512297225664355,508.019906106051,508.0199061060502,idle,4.999999999999998,2026-08-05
2026-08-05 18:45:00,VIC1,190.69892,0.19069892,0.0,0.0,0.0,0.0,0.0,0.0,5.950000000000009,5.950000000000009,5.000000000000008,0.0,0.0,0.0,57.512297225664355,508.019906106051,508.0199061060502,idle,4.999999999999998,2026-08-05
2026-08-05 18:50:00,VIC1,202.63859,0.20263859,0.0,0.0,0.0,0.0,0.0,0.0,5.950000000000009,5.950000000000009,5.000000000000008,0.0,0.0,0.0,57.512297225664355,508.019906106051,508.0199061060502,idle,4.999999999999998,2026-08-05
2026-08-05 18:55:00,VIC1,211.61645,0.21161644999999998,0.0,0.0,0.0,0.0,0.0,0.0,5.950000000000009,5.950000000000009,5.000000000000008,0.0,0.0,0.0,57.512297225664355,508.019906106051,508.0199061060502,idle,4.999999999999998,2026-08-05
2026-08-05 19:00:00,VIC1,202.24653,0.20224653,0.0,0.0,0.0,0.0,0.0,0.0,5.950000000000009,5.950000000000009,5.000000000000008,0.0,0.0,0.0,57.512297225664355,508.019906106051,508.0199061060502,idle,4.999999999999998,2026-08-05
2026-08-05 19:05:00,VIC1,187.48,0.18747999999999998,0.0,0.0,0.0,0.0,0.0,0.0,5.950000000000009,5.950000000000009,5.000000000000008,0.0,0.0,0.0,57.512297225664355,508.019906106051,508.0199061060502,idle,4.999999999999998,2026-08-05
2026-08-05 19:10:00,VIC1,186.53,0.18653,0.0,0.0,0.0,0.0,0.0,0.0,5.950000000000009,5.950000000000009,5.000000000000008,0.0,0.0,0.0,57.512297225664355,508.019906106051,508.0199061060502,idle,4.999999999999998,2026-08-05
2026-08-05 19:15:00,VIC1,174.18423,0.17418423000000002,0.0,0.0,0.0,0.0,0.0,0.0,5.950000000000009,5.950000000000009,5.000000000000008,0.0,0.0,0.0,57.512297225664355,508.019906106051,508.0199061060502,idle,4.999999999999998,2026-08-05
2026-08-05 19:20:00,VIC1,184.00002,0.18400002000000001,0.0,0.0,0.0,0.0,0.0,0.0,5.950000000000009,5.950000000000009,5.000000000000008,0.0,0.0,0.0,57.512297225664355,508.019906106051,508.0199061060502,idle,4.999999999999998,2026-08-05
2026-08-05 19:25:00,VIC1,177.50332,0.17750332,0.0,0.0,0.0,0.0,0.0,0.0,5.950000000000009,5.950000000000009,5.000000000000008,0.0,0.0,0.0,57.512297225664355,508.019906106051,508.0199061060502,idle,4.999999999999998,2026-08-05
2026-08-05 19:30:00,VIC1,176.46,0.17646,0.0,0.0,0.0,0.0,0.0,0.0,5.950000000000009,5.950000000000009,5.000000000000008,0.0,0.0,0.0,57.512297225664355,508.019906106051,508.0199061060502,idle,4.999999999999998,2026-08-05
2026-08-05 19:35:00,VIC1,184.00002,0.18400002000000001,0.0,0.0,0.0,0.0,0.0,0.0,5.950000000000009,5.950000000000009,5.000000000000008,0.0,0.0,0.0,57.512297225664355,508.019906106051,508.0199061060502,idle,4.999999999999998,2026-08-05
2026-08-05 19:40:00,VIC1,176.46,0.17646,0.0,0.0,0.0,0.0,0.0,0.0,5.950000000000009,5.950000000000009,5.000000000000008,0.0,0.0,0.0,57.512297225664355,508.019906106051,508.0199061060502,idle,4.999999999999998,2026-08-05
2026-08-05 19:45:00,VIC1,164.13759,0.16413759,0.0,0.0,0.0,0.0,0.0,0.0,5.950000000000009,5.950000000000009,5.000000000000008,0.0,0.0,0.0,57.512297225664355,508.019906106051,508.0199061060502,idle,4.999999999999998,2026-08-05
2026-08-05 19:50:00,VIC1,170.61638,0.17061637999999998,0.0,0.0,0.0,0.0,0.0,0.0,5.950000000000009,5.950000000000009,5.000000000000008,0.0,0.0,0.0,57.512297225664355,508.019906106051,508.0199061060502,idle,4.999999999999998,2026-08-05
2026-08-05 19:55:00,VIC1,172.39922,0.17239922000000002,0.0,0.0,0.0,0.0,0.0,0.0,5.950000000000009,5.950000000000009,5.000000000000008,0.0,0.0,0.0,57.512297225664355,508.019906106051,508.0199061060502,idle,4.999999999999998,2026-08-05
2026-08-05 20:00:00,VIC1,163.24,0.16324000000000002,0.0,0.0,0.0,0.0,0.0,0.0,5.950000000000009,5.950000000000009,5.000000000000008,0.0,0.0,0.0,57.512297225664355,508.019906106051,508.0199061060502,idle,4.999999999999998,2026-08-05
2026-08-05 20:05:00,VIC1,173.90055,0.17390055000000001,0.0,0.0,0.0,0.0,0.0,0.0,5.950000000000009,5.950000000000009,5.000000000000008,0.0,0.0,0.0,57.512297225664355,508.019906106051,508.0199061060502,idle,4.999999999999998,2026-08-05
2026-08-05 20:10:00,VIC1,174.54602,0.17454602,0.0,0.0,0.0,0.0,0.0,0.0,5.950000000000009,5.950000000000009,5.000000000000008,0.0,0.0,0.0,57.512297225664355,508.019906106051,508.0199061060502,idle,4.999999999999998,2026-08-05
2026-08-05 20:15:00,VIC1,171.03347,0.17103347,0.0,0.0,0.0,0.0,0.0,0.0,5.950000000000009,5.950000000000009,5.000000000000008,0.0,0.0,0.0,57.512297225664355,508.019906106051,508.0199061060502,idle,4.999999999999998,2026-08-05
2026-08-05 20:20:00,VIC1,167.48,0.16748,0.0,0.0,0.0,0.0,0.0,0.0,5.950000000000009,5.950000000000009,5.000000000000008,0.0,0.0,0.0,57.512297225664355,508.019906106051,508.0199061060502,idle,4.999999999999998,2026-08-05
2026-08-05 20:25:00,VIC1,167.79,0.16779,0.0,0.0,0.0,0.0,0.0,0.0,5.950000000000009,5.950000000000009,5.000000000000008,0.0,0.0,0.0,57.512297225664355,508.019906106051,508.0199061060502,idle,4.999999999999998,2026-08-05
2026-08-05 20:30:00,VIC1,167.68,0.16768000000000002,0.0,0.0,0.0,0.0,0.0,0.0,5.950000000000009,5.950000000000009,5.000000000000008,0.0,0.0,0.0,57.512297225664355,508.019906106051,508.0199061060502,idle,4.999999999999998,2026-08-05
2026-08-05 20:35:00,VIC1,169.52533,0.16952533,0.0,0.0,0.0,0.0,0.0,0.0,5.950000000000009,5.950000000000009,5.000000000000008,0.0,0.0,0.0,57.512297225664355,508.019906106051,508.0199061060502,idle,4.999999999999998,2026-08-05
2026-08-05 20:40:00,VIC1,167.48,0.16748,0.0,0.0,0.0,0.0,0.0,0.0,5.950000000000009,5.950000000000009,5.000000000000008,0.0,0.0,0.0,57.512297225664355,508.019906106051,508.0199061060502,idle,4.999999999999998,2026-08-05
2026-08-05 20:45:00,VIC1,157.5507,0.15755070000000002,0.0,0.0,0.0,0.0,0.0,0.0,5.950000000000009,5.950000000000009,5.000000000000008,0.0,0.0,0.0,57.512297225664355,508.019906106051,508.0199061060502,idle,4.999999999999998,2026-08-05
2026-08-05 20:50:00,VIC1,166.88371,0.16688371000000002,0.0,0.0,0.0,0.0,0.0,0.0,5.950000000000009,5.950000000000009,5.000000000000008,0.0,0.0,0.0,57.512297225664355,508.019906106051,508.0199061060502,idle,4.999999999999998,2026-08-05
2026-08-05 20:55:00,VIC1,162.66817,0.16266817,0.0,0.0,0.0,0.0,0.0,0.0,5.950000000000009,5.950000000000009,5.000000000000008,0.0,0.0,0.0,57.512297225664355,508.019906106051,508.0199061060502,idle,4.999999999999998,2026-08-05
2026-08-05 21:00:00,VIC1,144.60697,0.14460697,0.0,0.0,0.0,0.0,0.0,0.0,5.950000000000009,5.950000000000009,5.000000000000008,0.0,0.0,0.0,57.512297225664355,508.019906106051,508.0199061060502,idle,4.999999999999998,2026-08-05
2026-08-05 21:05:00,VIC1,166.40727,0.16640727000000002,0.0,0.0,0.0,0.0,0.0,0.0,5.950000000000009,5.950000000000009,5.000000000000008,0.0,0.0,0.0,57.512297225664355,508.019906106051,508.0199061060502,idle,4.999999999999998,2026-08-05
2026-08-05 21:10:00,VIC1,163.24,0.16324000000000002,0.0,0.0,0.0,0.0,0.0,0.0,5.950000000000009,5.950000000000009,5.000000000000008,0.0,0.0,0.0,57.512297225664355,508.019906106051,508.0199061060502,idle,4.999999999999998,2026-08-05
2026-08-05 21:15:00,VIC1,163.24,0.16324000000000002,0.0,0.0,0.0,0.0,0.0,0.0,5.950000000000009,5.950000000000009,5.000000000000008,0.0,0.0,0.0,57.512297225664355,508.019906106051,508.0199061060502,idle,4.999999999999998,2026-08-05
2026-08-05 21:20:00,VIC1,161.81175,0.16181175,0.0,0.0,0.0,0.0,0.0,0.0,5.950000000000009,5.950000000000009,5.000000000000008,0.0,0.0,0.0,57.512297225664355,508.019906106051,508.0199061060502,idle,4.999999999999998,2026-08-05
2026-08-05 21:25:00,VIC1,163.24,0.16324000000000002,0.0,0.0,0.0,0.0,0.0,0.0,5.950000000000009,5.950000000000009,5.000000000000008,0.0,0.0,0.0,57.512297225664355,508.019906106051,508.0199061060502,idle,4.999999999999998,2026-08-05
2026-08-05 21:30:00,VIC1,140.64267,0.14064267000000003,0.0,0.0,0.0,0.0,0.0,0.0,5.950000000000009,5.950000000000009,5.000000000000008,0.0,0.0,0.0,57.512297225664355,508.019906106051,508.0199061060502,idle,4.999999999999998,2026-08-05
2026-08-05 21:35:00,VIC1,162.42588,0.16242588000000002,0.0,0.0,0.0,0.0,0.0,0.0,5.950000000000009,5.950000000000009,5.000000000000008,0.0,0.0,0.0,57.512297225664355,508.019906106051,508.0199061060502,idle,4.999999999999998,2026-08-05
2026-08-05 21:40:00,VIC1,139.45278,0.13945278,0.0,0.0,0.0,0.0,0.0,0.0,5.950000000000009,5.950000000000009,5.000000000000008,0.0,0.0,0.0,57.512297225664355,508.019906106051,508.0199061060502,idle,4.999999999999998,2026-08-05
2026-08-05 21:45:00,VIC1,157.28809,0.15728809000000002,0.0,0.0,0.0,0.0,0.0,0.0,5.950000000000009,5.950000000000009,5.000000000000008,0.0,0.0,0.0,57.512297225664355,508.019906106051,508.0199061060502,idle,4.999999999999998,2026-08-05
2026-08-05 21:50:00,VIC1,140.0763,0.14007630000000001,0.0,0.0,0.0,0.0,0.0,0.0,5.950000000000009,5.950000000000009,5.000000000000008,0.0,0.0,0.0,57.512297225664355,508.019906106051,508.0199061060502,idle,4.999999999999998,2026-08-05
2026-08-05 21:55:00,VIC1,140.20541,0.14020541,0.0,0.0,0.0,0.0,0.0,0.0,5.950000000000009,5.950000000000009,5.000000000000008,0.0,0.0,0.0,57.512297225664355,508.019906106051,508.0199061060502,idle,4.999999999999998,2026-08-05
2026-08-05 22:00:00,VIC1,126.02114,0.12602114,0.0,0.0,0.0,0.0,0.0,0.0,5.950000000000009,5.950000000000009,5.000000000000008,0.0,0.0,0.0,57.512297225664355,508.019906106051,508.0199061060502,idle,4.999999999999998,2026-08-05
2026-08-05 22:05:00,VIC1,136.21845,0.13621845,0.0,0.0,0.0,0.0,0.0,0.0,5.950000000000009,5.950000000000009,5.000000000000008,0.0,0.0,0.0,57.512297225664355,508.019906106051,508.0199061060502,idle,4.999999999999998,2026-08-05
2026-08-05 22:10:00,VIC1,139.60057,0.13960057,0.0,0.0,0.0,0.0,0.0,0.0,5.950000000000009,5.950000000000009,5.000000000000008,0.0,0.0,0.0,57.512297225664355,508.019906106051,508.0199061060502,idle,4.999999999999998,2026-08-05
2026-08-05 22:15:00,VIC1,128.75105,0.12875105,0.0,0.0,0.0,0.0,0.0,0.0,5.950000000000009,5.950000000000009,5.000000000000008,0.0,0.0,0.0,57.512297225664355,508.019906106051,508.0199061060502,idle,4.999999999999998,2026-08-05
2026-08-05 22:20:00,VIC1,140.64246,0.14064246,0.0,0.0,0.0,0.0,0.0,0.0,5.950000000000009,5.950000000000009,5.000000000000008,0.0,0.0,0.0,57.512297225664355,508.019906106051,508.0199061060502,idle,4.999999999999998,2026-08-05
2026-08-05 22:25:00,VIC1,138.1331,0.1381331,0.0,0.0,0.0,0.0,0.0,0.0,5.950000000000009,5.950000000000009,5.000000000000008,0.0,0.0,0.0,57.512297225664355,508.019906106051,508.0199061060502,idle,4.999999999999998,2026-08-05
2026-08-05 22:30:00,VIC1,132.45592,0.13245592,0.0,0.0,0.0,0.0,0.0,0.0,5.950000000000009,5.950000000000009,5.000000000000008,0.0,0.0,0.0,57.512297225664355,508.019906106051,508.0199061060502,idle,4.999999999999998,2026-08-05
2026-08-05 22:35:00,VIC1,138.88051,0.13888050999999998,0.0,0.0,0.0,0.0,0.0,0.0,5.950000000000009,5.950000000000009,5.000000000000008,0.0,0.0,0.0,57.512297225664355,508.019906106051,508.0199061060502,idle,4.999999999999998,2026-08-05
2026-08-05 22:40:00,VIC1,146.4894,0.1464894,0.0,0.0,0.0,0.0,0.0,0.0,5.950000000000009,5.950000000000009,5.000000000000008,0.0,0.0,0.0,57.512297225664355,508.019906106051,508.0199061060502,idle,4.999999999999998,2026-08-05
2026-08-05 22:45:00,VIC1,147.83703,0.14783703,0.0,0.0,0.0,0.0,0.0,0.0,5.950000000000009,5.950000000000009,5.000000000000008,0.0,0.0,0.0,57.512297225664355,508.019906106051,508.0199061060502,idle,4.999999999999998,2026-08-05
2026-08-05 22:50:00,VIC1,127.47,0.12747,0.0,0.0,0.0,0.0,0.0,0.0,5.950000000000009,5.950000000000009,5.000000000000008,0.0,0.0,0.0,57.512297225664355,508.019906106051,508.0199061060502,idle,4.999999999999998,2026-08-05
2026-08-05 22:55:00,VIC1,127.79451,0.12779451,0.0,0.0,0.0,0.0,0.0,0.0,5.950000000000009,5.950000000000009,5.000000000000008,0.0,0.0,0.0,57.512297225664355,508.019906106051,508.0199061060502,idle,4.999999999999998,2026-08-05
2026-08-05 23:00:00,VIC1,118.4878,0.11848779999999999,0.0,0.0,0.0,0.0,0.0,0.0,5.950000000000009,5.950000000000009,5.000000000000008,0.0,0.0,0.0,57.512297225664355,508.019906106051,508.0199061060502,idle,4.999999999999998,2026-08-05
2026-08-05 23:05:00,VIC1,135.30497,0.13530497,0.0,0.0,0.0,0.0,0.0,0.0,5.950000000000009,5.950000000000009,5.000000000000008,0.0,0.0,0.0,57.512297225664355,508.019906106051,508.0199061060502,idle,4.999999999999998,2026-08-05
2026-08-05 23:10:00,VIC1,148.42855,0.14842855,0.0,0.0,0.0,0.0,0.0,0.0,5.950000000000009,5.950000000000009,5.000000000000008,0.0,0.0,0.0,57.512297225664355,508.019906106051,508.0199061060502,idle,4.999999999999998,2026-08-05
2026-08-05 23:15:00,VIC1,137.30386,0.13730386,0.0,0.0,0.0,0.0,0.0,0.0,5.950000000000009,5.950000000000009,5.000000000000008,0.0,0.0,0.0,57.512297225664355,508.019906106051,508.0199061060502,idle,4.999999999999998,2026-08-05
2026-08-05 23:20:00,VIC1,125.65669,0.12565669,0.0,0.0,0.0,0.0,0.0,0.0,5.950000000000009,5.950000000000009,5.000000000000008,0.0,0.0,0.0,57.512297225664355,508.019906106051,508.0199061060502,idle,4.999999999999998,2026-08-05
2026-08-05 23:25:00,VIC1,114.89434,0.11489434,0.0,0.0,0.0,0.0,0.0,0.0,5.950000000000009,5.950000000000009,5.000000000000008,0.0,0.0,0.0,57.512297225664355,508.019906106051,508.0199061060502,idle,4.999999999999998,2026-08-05
2026-08-05 23:30:00,VIC1,116.84581,0.11684581000000001,0.0,0.0,0.0,0.0,0.0,0.0,5.950000000000009,5.950000000000009,5.000000000000008,0.0,0.0,0.0,57.512297225664355,508.019906106051,508.0199061060502,idle,4.999999999999998,2026-08-05
2026-08-05 23:35:00,VIC1,111.86428,0.11186428,0.0,0.0,0.0,0.0,0.0,0.0,5.950000000000009,5.950000000000009,5.000000000000008,0.0,0.0,0.0,57.512297225664355,508.019906106051,508.0199061060502,idle,4.999999999999998,2026-08-05
2026-08-05 23:40:00,VIC1,132.78578,0.13278578,0.0,0.0,0.0,0.0,0.0,0.0,5.950000000000009,5.950000000000009,5.000000000000008,0.0,0.0,0.0,57.512297225664355,508.019906106051,508.0199061060502,idle,4.999999999999998,2026-08-05
2026-08-05 23:45:00,VIC1,108.177,0.10817700000000001,0.0,0.0,0.0,0.0,0.0,0.0,5.950000000000009,5.950000000000009,5.000000000000008,0.0,0.0,0.0,57.512297225664355,508.019906106051,508.0199061060502,idle,4.999999999999998,2026-08-05
2026-08-05 23:50:00,VIC1,108.08985,0.10808985,0.0,0.0,0.0,0.0,0.0,0.0,5.950000000000009,5.950000000000009,5.000000000000008,0.0,0.0,0.0,57.512297225664355,508.019906106051,508.0199061060502,idle,4.999999999999998,2026-08-05
2026-08-05 23:55:00,VIC1,129.99532,0.12999532,0.0,0.0,0.0,0.0,0.0,0.0,5.950000000000009,5.950000000000009,5.000000000000008,0.0,0.0,0.0,57.512297225664355,508.019906106051,508.0199061060502,idle,4.999999999999998,2026-08-05
2026-08-06 00:00:00,VIC1,98.01,0.09801000000000001,62.705857816032186,0.0,5.225488151336015,0.0,4.957333333333333,0.0,5.950000000000009,10.90733333333334,9.16582633053222,0.5121500937124429,0.0,-0.5121500937124429,57.00014713195191,513.245394257387,508.0199061060502,charge,4.999999999999998,2026-08-05
2026-08-06 00:05:00,VIC1,108.85595,0.10885595,0.0,0.0,0.0,0.0,0.0,0.0,10.90733333333334,10.90733333333334,9.16582633053222,0.0,0.0,0.0,57.00014713195191,513.245394257387,508.0199061060502,idle,4.999999999999998,2026-08-06
2026-08-06 00:10:00,VIC1,164.0,0.164,0.0,0.0,0.0,0.0,0.0,0.0,10.90733333333334,10.90733333333334,9.16582633053222,0.0,0.0,0.0,57.00014713195191,513.245394257387,508.0199061060502,idle,4.999999999999998,2026-08-06
2026-08-06 00:15:00,VIC1,127.06049,0.12706049,0.0,0.0,0.0,0.0,0.0,0.0,10.90733333333334,10.90733333333334,9.16582633053222,0.0,0.0,0.0,57.00014713195191,513.245394257387,508.0199061060502,idle,4.999999999999998,2026-08-06
2026-08-06 00:20:00,VIC1,105.56,0.10556,62.705857816032186,0.0,5.225488151336015,0.0,4.957333333333333,0.0,10.90733333333334,15.864666666666674,13.33165266106443,0.5516025292550297,0.0,-0.5516025292550297,56.448544602696884,518.470882408723,508.0199061060502,charge,4.999999999999998,2026-08-06
2026-08-06 00:25:00,VIC1,105.39408,0.10539408,62.705857816032186,0.0,5.225488151336015,0.0,4.957333333333333,0.0,15.864666666666674,20.822000000000006,17.497478991596644,0.5507355162609601,0.0,-0.5507355162609601,55.89780908643593,523.696370560059,508.0199061060502,charge,4.999999999999998,2026-08-06
2026-08-06 00:30:00,VIC1,103.69197,0.10369197,62.705857816032186,0.0,5.225488151336015,0.0,4.957333333333333,0.0,20.822000000000006,25.77933333333334,21.66330532212886,0.5418411606236895,0.0,-0.5418411606236895,55.35596792581224,528.921858711395,508.0199061060502,charge,4.999999999999998,2026-08-06
2026-08-06 00:35:00,VIC1,108.24,0.10824,0.0,0.0,0.0,0.0,0.0,0.0,25.77933333333334,25.77933333333334,21.66330532212886,0.0,0.0,0.0,55.35596792581224,528.921858711395,508.0199061060502,idle,4.999999999999998,2026-08-06
2026-08-06 00:40:00,VIC1,108.95683,0.10895683,0.0,0.0,0.0,0.0,0.0,0.0,25.77933333333334,25.77933333333334,21.66330532212886,0.0,0.0,0.0,55.35596792581224,528.921858711395,508.0199061060502,idle,4.999999999999998,2026-08-06
2026-08-06 00:45:00,VIC1,105.56,0.10556,62.705857816032186,0.0,5.225488151336015,0.0,4.957333333333333,0.0,25.77933333333334,30.73666666666667,25.82913165266107,0.5516025292550297,0.0,-0.5516025292550297,54.80436539655721,534.147346862731,508.0199061060502,charge,4.999999999999998,2026-08-06
2026-08-06 00:50:00,VIC1,110.4,0.11040000000000001,0.0,0.0,0.0,0.0,0.0,0.0,30.73666666666667,30.73666666666667,25.82913165266107,0.0,0.0,0.0,54.80436539655721,534.147346862731,508.0199061060502,idle,4.999999999999998,2026-08-06
2026-08-06 00:55:00,VIC1,117.10192,0.11710192000000001,0.0,0.0,0.0,0.0,0.0,0.0,30.73666666666667,30.73666666666667,25.82913165266107,0.0,0.0,0.0,54.80436539655721,534.147346862731,508.0199061060502,idle,4.999999999999998,2026-08-06
2026-08-06 01:00:00,VIC1,105.56,0.10556,62.705857816032186,0.0,5.225488151336015,0.0,4.957333333333333,0.0,30.73666666666667,35.694,29.99495798319328,0.5516025292550297,0.0,-0.5516025292550297,54.25276286730218,539.3728350140669,508.0199061060502,charge,4.999999999999998,2026-08-06
2026-08-06 01:05:00,VIC1,106.93743,0.10693743000000001,0.0,0.0,0.0,0.0,0.0,0.0,35.694,35.694,29.99495798319328,0.0,0.0,0.0,54.25276286730218,539.3728350140669,508.0199061060502,idle,4.999999999999998,2026-08-06
2026-08-06 01:10:00,VIC1,105.56,0.10556,62.705857816032186,0.0,5.225488151336015,0.0,4.957333333333333,0.0,35.694,40.65133333333333,34.160784313725486,0.5516025292550297,0.0,-0.5516025292550297,53.70116033804715,544.5983231654029,508.0199061060502,charge,4.999999999999998,2026-08-06
2026-08-06 01:15:00,VIC1,110.4,0.11040000000000001,0.0,0.0,0.0,0.0,0.0,0.0,40.65133333333333,40.65133333333333,34.160784313725486,0.0,0.0,0.0,53.70116033804715,544.5983231654029,508.0199061060502,idle,4.999999999999998,2026-08-06
2026-08-06 01:20:00,VIC1,105.77965,0.10577965,42.117990575549626,0.0,3.5098325479624686,0.0,3.329719517206073,0.0,40.65133333333333,43.981052850539406,36.958867941629755,0.37126885848207813,0.0,-0.37126885848207813,53.32989147956508,548.1081557133654,508.0199061060502,charge,4.999999999999998,2026-08-06
2026-08-06 01:25:00,VIC1,105.56,0.10556,62.705857816032186,0.0,5.225488151336015,0.0,4.957333333333333,0.0,43.981052850539406,48.93838618387274,41.12469427216197,0.5516025292550297,0.0,-0.5516025292550297,52.77828895031005,553.3336438647013,508.0199061060502,charge,4.999999999999998,2026-08-06
2026-08-06 01:30:00,VIC1,110.4,0.11040000000000001,0.0,0.0,0.0,0.0,0.0,0.0,48.93838618387274,48.93838618387274,41.12469427216197,0.0,0.0,0.0,52.77828895031005,553.3336438647013,508.0199061060502,idle,4.999999999999998,2026-08-06
2026-08-06 01:35:00,VIC1,130.76747,0.13076747,0.0,0.0,0.0,0.0,0.0,0.0,48.93838618387274,48.93838618387274,41.12469427216197,0.0,0.0,0.0,52.77828895031005,553.3336438647013,508.0199061060502,idle,4.999999999999998,2026-08-06
2026-08-06 01:40:00,VIC1,110.4,0.11040000000000001,0.0,0.0,0.0,0.0,0.0,0.0,48.93838618387274,48.93838618387274,41.12469427216197,0.0,0.0,0.0,52.77828895031005,553.3336438647013,508.0199061060502,idle,4.999999999999998,2026-08-06
2026-08-06 01:45:00,VIC1,110.4,0.11040000000000001,0.0,0.0,0.0,0.0,0.0,0.0,48.93838618387274,48.93838618387274,41.12469427216197,0.0,0.0,0.0,52.77828895031005,553.3336438647013,508.0199061060502,idle,4.999999999999998,2026-08-06
2026-08-06 01:50:00,VIC1,122.27581,0.12227581000000001,0.0,0.0,0.0,0.0,0.0,0.0,48.93838618387274,48.93838618387274,41.12469427216197,0.0,0.0,0.0,52.77828895031005,553.3336438647013,508.0199061060502,idle,4.999999999999998,2026-08-06
2026-08-06 01:55:00,VIC1,111.9649,0.1119649,0.0,0.0,0.0,0.0,0.0,0.0,48.93838618387274,48.93838618387274,41.12469427216197,0.0,0.0,0.0,52.77828895031005,553.3336438647013,508.0199061060502,idle,4.999999999999998,2026-08-06
2026-08-06 02:00:00,VIC1,102.80561,0.10280561,62.705857816032186,0.0,5.225488151336015,0.0,4.957333333333333,0.0,48.93838618387274,53.89571951720607,45.29052060269417,0.5372094969458714,0.0,-0.5372094969458714,52.24107945336418,558.5591320160373,508.0199061060502,charge,4.999999999999998,2026-08-06
2026-08-06 02:05:00,VIC1,110.4,0.11040000000000001,0.0,0.0,0.0,0.0,0.0,0.0,53.89571951720607,53.89571951720607,45.29052060269417,0.0,0.0,0.0,52.24107945336418,558.5591320160373,508.0199061060502,idle,4.999999999999998,2026-08-06
2026-08-06 02:10:00,VIC1,123.20001,0.12320001000000001,0.0,0.0,0.0,0.0,0.0,0.0,53.89571951720607,53.89571951720607,45.29052060269417,0.0,0.0,0.0,52.24107945336418,558.5591320160373,508.0199061060502,idle,4.999999999999998,2026-08-06
2026-08-06 02:15:00,VIC1,110.4,0.11040000000000001,0.0,0.0,0.0,0.0,0.0,0.0,53.89571951720607,53.89571951720607,45.29052060269417,0.0,0.0,0.0,52.24107945336418,558.5591320160373,508.0199061060502,idle,4.999999999999998,2026-08-06
2026-08-06 02:20:00,VIC1,110.4,0.11040000000000001,0.0,0.0,0.0,0.0,0.0,0.0,53.89571951720607,53.89571951720607,45.29052060269417,0.0,0.0,0.0,52.24107945336418,558.5591320160373,508.0199061060502,idle,4.999999999999998,2026-08-06
2026-08-06 02:25:00,VIC1,110.4,0.11040000000000001,0.0,0.0,0.0,0.0,0.0,0.0,53.89571951720607,53.89571951720607,45.29052060269417,0.0,0.0,0.0,52.24107945336418,558.5591320160373,508.0199061060502,idle,4.999999999999998,2026-08-06
2026-08-06 02:30:00,VIC1,110.4,0.11040000000000001,0.0,0.0,0.0,0.0,0.0,0.0,53.89571951720607,53.89571951720607,45.29052060269417,0.0,0.0,0.0,52.24107945336418,558.5591320160373,508.0199061060502,idle,4.999999999999998,2026-08-06
2026-08-06 02:35:00,VIC1,107.41283,0.10741283,0.0,0.0,0.0,0.0,0.0,0.0,53.89571951720607,53.89571951720607,45.29052060269417,0.0,0.0,0.0,52.24107945336418,558.5591320160373,508.0199061060502,idle,4.999999999999998,2026-08-06
2026-08-06 02:40:00,VIC1,107.37312,0.10737312,0.0,0.0,0.0,0.0,0.0,0.0,53.89571951720607,53.89571951720607,45.29052060269417,0.0,0.0,0.0,52.24107945336418,558.5591320160373,508.0199061060502,idle,4.999999999999998,2026-08-06
2026-08-06 02:45:00,VIC1,100.37385,0.10037385,62.705857816032186,0.0,5.225488151336015,0.0,4.957333333333333,0.0,53.89571951720607,58.8530528505394,49.456346933226385,0.5245023638789785,0.0,-0.5245023638789785,51.7165770894852,563.7846201673733,508.0199061060502,charge,4.999999999999998,2026-08-06
2026-08-06 02:50:00,VIC1,105.56,0.10556,62.705857816032186,0.0,5.225488151336015,0.0,4.957333333333333,0.0,58.8530528505394,63.81038618387273,53.6221732637586,0.5516025292550297,0.0,-0.5516025292550297,51.16497456023017,569.0101083187093,508.0199061060502,charge,4.999999999999998,2026-08-06
2026-08-06 02:55:00,VIC1,107.34707,0.10734707,0.0,0.0,0.0,0.0,0.0,0.0,63.81038618387273,63.81038618387273,53.6221732637586,0.0,0.0,0.0,51.16497456023017,569.0101083187093,508.0199061060502,idle,4.999999999999998,2026-08-06
2026-08-06 03:00:00,VIC1,101.32552,0.10132552,62.705857816032186,0.0,5.225488151336015,0.0,4.957333333333333,0.0,63.81038618387273,68.76771951720606,57.78799959429081,0.5294753041879604,0.0,-0.5294753041879604,50.63549925604221,574.2355964700453,508.0199061060502,charge,4.999999999999998,2026-08-06
2026-08-06 03:05:00,VIC1,105.56,0.10556,62.705857816032186,0.0,5.225488151336015,0.0,4.957333333333333,0.0,68.76771951720606,73.7250528505394,61.95382592482302,0.5516025292550297,0.0,-0.5516025292550297,50.08389672678718,579.4610846213812,508.0199061060502,charge,4.999999999999998,2026-08-06
2026-08-06 03:10:00,VIC1,109.02951,0.10902951000000001,0.0,0.0,0.0,0.0,0.0,0.0,73.7250528505394,73.7250528505394,61.95382592482302,0.0,0.0,0.0,50.08389672678718,579.4610846213812,508.0199061060502,idle,4.999999999999998,2026-08-06
2026-08-06 03:15:00,VIC1,109.0096,0.10900960000000001,0.0,0.0,0.0,0.0,0.0,0.0,73.7250528505394,73.7250528505394,61.95382592482302,0.0,0.0,0.0,50.08389672678718,579.4610846213812,508.0199061060502,idle,4.999999999999998,2026-08-06
2026-08-06 03:20:00,VIC1,110.4,0.11040000000000001,0.0,0.0,0.0,0.0,0.0,0.0,73.7250528505394,73.7250528505394,61.95382592482302,0.0,0.0,0.0,50.08389672678718,579.4610846213812,508.0199061060502,idle,4.999999999999998,2026-08-06
2026-08-06 03:25:00,VIC1,109.86998,0.10986998,0.0,0.0,0.0,0.0,0.0,0.0,73.7250528505394,73.7250528505394,61.95382592482302,0.0,0.0,0.0,50.08389672678718,579.4610846213812,508.0199061060502,idle,4.999999999999998,2026-08-06
2026-08-06 03:30:00,VIC1,110.4,0.11040000000000001,0.0,0.0,0.0,0.0,0.0,0.0,73.7250528505394,73.7250528505394,61.95382592482302,0.0,0.0,0.0,50.08389672678718,579.4610846213812,508.0199061060502,idle,4.999999999999998,2026-08-06
2026-08-06 03:35:00,VIC1,110.4,0.11040000000000001,0.0,0.0,0.0,0.0,0.0,0.0,73.7250528505394,73.7250528505394,61.95382592482302,0.0,0.0,0.0,50.08389672678718,579.4610846213812,508.0199061060502,idle,4.999999999999998,2026-08-06
2026-08-06 03:40:00,VIC1,108.85412,0.10885412,0.0,0.0,0.0,0.0,0.0,0.0,73.7250528505394,73.7250528505394,61.95382592482302,0.0,0.0,0.0,50.08389672678718,579.4610846213812,508.0199061060502,idle,4.999999999999998,2026-08-06
2026-08-06 03:45:00,VIC1,115.96334,0.11596334,0.0,0.0,0.0,0.0,0.0,0.0,73.7250528505394,73.7250528505394,61.95382592482302,0.0,0.0,0.0,50.08389672678718,579.4610846213812,508.0199061060502,idle,4.999999999999998,2026-08-06
2026-08-06 03:50:00,VIC1,109.67937,0.10967937000000001,0.0,0.0,0.0,0.0,0.0,0.0,73.7250528505394,73.7250528505394,61.95382592482302,0.0,0.0,0.0,50.08389672678718,579.4610846213812,508.0199061060502,idle,4.999999999999998,2026-08-06
2026-08-06 03:55:00,VIC1,107.87504,0.10787504,0.0,0.0,0.0,0.0,0.0,0.0,73.7250528505394,73.7250528505394,61.95382592482302,0.0,0.0,0.0,50.08389672678718,579.4610846213812,508.0199061060502,idle,4.999999999999998,2026-08-06
2026-08-06 04:00:00,VIC1,106.97093,0.10697092999999999,0.0,0.0,0.0,0.0,0.0,0.0,73.7250528505394,73.7250528505394,61.95382592482302,0.0,0.0,0.0,50.08389672678718,579.4610846213812,508.0199061060502,idle,4.999999999999998,2026-08-06
2026-08-06 04:05:00,VIC1,107.86,0.10786,0.0,0.0,0.0,0.0,0.0,0.0,73.7250528505394,73.7250528505394,61.95382592482302,0.0,0.0,0.0,50.08389672678718,579.4610846213812,508.0199061060502,idle,4.999999999999998,2026-08-06
2026-08-06 04:10:00,VIC1,109.0,0.109,0.0,0.0,0.0,0.0,0.0,0.0,73.7250528505394,73.7250528505394,61.95382592482302,0.0,0.0,0.0,50.08389672678718,579.4610846213812,508.0199061060502,idle,4.999999999999998,2026-08-06
2026-08-06 04:15:00,VIC1,106.20667,0.10620667,0.0,0.0,0.0,0.0,0.0,0.0,73.7250528505394,73.7250528505394,61.95382592482302,0.0,0.0,0.0,50.08389672678718,579.4610846213812,508.0199061060502,idle,4.999999999999998,2026-08-06
2026-08-06 04:20:00,VIC1,106.21824,0.10621823999999999,0.0,0.0,0.0,0.0,0.0,0.0,73.7250528505394,73.7250528505394,61.95382592482302,0.0,0.0,0.0,50.08389672678718,579.4610846213812,508.0199061060502,idle,4.999999999999998,2026-08-06
2026-08-06 04:25:00,VIC1,109.0,0.109,0.0,0.0,0.0,0.0,0.0,0.0,73.7250528505394,73.7250528505394,61.95382592482302,0.0,0.0,0.0,50.08389672678718,579.4610846213812,508.0199061060502,idle,4.999999999999998,2026-08-06
2026-08-06 04:30:00,VIC1,105.56,0.10556,62.705857816032186,0.0,5.225488151336015,0.0,4.957333333333333,0.0,73.7250528505394,78.68238618387274,66.11965225535525,0.5516025292550297,0.0,-0.5516025292550297,49.53229419753215,584.6865727727172,508.0199061060502,charge,4.999999999999998,2026-08-06
2026-08-06 04:35:00,VIC1,109.0,0.109,0.0,0.0,0.0,0.0,0.0,0.0,78.68238618387274,78.68238618387274,66.11965225535525,0.0,0.0,0.0,49.53229419753215,584.6865727727172,508.0199061060502,idle,4.999999999999998,2026-08-06
2026-08-06 04:40:00,VIC1,109.0,0.109,0.0,0.0,0.0,0.0,0.0,0.0,78.68238618387274,78.68238618387274,66.11965225535525,0.0,0.0,0.0,49.53229419753215,584.6865727727172,508.0199061060502,idle,4.999999999999998,2026-08-06
2026-08-06 04:45:00,VIC1,109.0,0.109,0.0,0.0,0.0,0.0,0.0,0.0,78.68238618387274,78.68238618387274,66.11965225535525,0.0,0.0,0.0,49.53229419753215,584.6865727727172,508.0199061060502,idle,4.999999999999998,2026-08-06
2026-08-06 04:50:00,VIC1,109.0,0.109,0.0,0.0,0.0,0.0,0.0,0.0,78.68238618387274,78.68238618387274,66.11965225535525,0.0,0.0,0.0,49.53229419753215,584.6865727727172,508.0199061060502,idle,4.999999999999998,2026-08-06
2026-08-06 04:55:00,VIC1,109.0,0.109,0.0,0.0,0.0,0.0,0.0,0.0,78.68238618387274,78.68238618387274,66.11965225535525,0.0,0.0,0.0,49.53229419753215,584.6865727727172,508.0199061060502,idle,4.999999999999998,2026-08-06
2026-08-06 05:00:00,VIC1,109.0,0.109,0.0,0.0,0.0,0.0,0.0,0.0,78.68238618387274,78.68238618387274,66.11965225535525,0.0,0.0,0.0,49.53229419753215,584.6865727727172,508.0199061060502,idle,4.999999999999998,2026-08-06
2026-08-06 05:05:00,VIC1,117.98861,0.11798861,0.0,0.0,0.0,0.0,0.0,0.0,78.68238618387274,78.68238618387274,66.11965225535525,0.0,0.0,0.0,49.53229419753215,584.6865727727172,508.0199061060502,idle,4.999999999999998,2026-08-06
2026-08-06 05:10:00,VIC1,122.78914,0.12278914,0.0,0.0,0.0,0.0,0.0,0.0,78.68238618387274,78.68238618387274,66.11965225535525,0.0,0.0,0.0,49.53229419753215,584.6865727727172,508.0199061060502,idle,4.999999999999998,2026-08-06
2026-08-06 05:15:00,VIC1,128.18555,0.12818555,0.0,0.0,0.0,0.0,0.0,0.0,78.68238618387274,78.68238618387274,66.11965225535525,0.0,0.0,0.0,49.53229419753215,584.6865727727172,508.0199061060502,idle,4.999999999999998,2026-08-06
2026-08-06 05:20:00,VIC1,120.45334,0.12045334,0.0,0.0,0.0,0.0,0.0,0.0,78.68238618387274,78.68238618387274,66.11965225535525,0.0,0.0,0.0,49.53229419753215,584.6865727727172,508.0199061060502,idle,4.999999999999998,2026-08-06
2026-08-06 05:25:00,VIC1,138.20546,0.13820546,0.0,0.0,0.0,0.0,0.0,0.0,78.68238618387274,78.68238618387274,66.11965225535525,0.0,0.0,0.0,49.53229419753215,584.6865727727172,508.0199061060502,idle,4.999999999999998,2026-08-06
2026-08-06 05:30:00,VIC1,131.2476,0.13124760000000002,0.0,0.0,0.0,0.0,0.0,0.0,78.68238618387274,78.68238618387274,66.11965225535525,0.0,0.0,0.0,49.53229419753215,584.6865727727172,508.0199061060502,idle,4.999999999999998,2026-08-06
2026-08-06 05:35:00,VIC1,128.31681,0.12831681,0.0,0.0,0.0,0.0,0.0,0.0,78.68238618387274,78.68238618387274,66.11965225535525,0.0,0.0,0.0,49.53229419753215,584.6865727727172,508.0199061060502,idle,4.999999999999998,2026-08-06
2026-08-06 05:40:00,VIC1,138.80511,0.13880511,0.0,0.0,0.0,0.0,0.0,0.0,78.68238618387274,78.68238618387274,66.11965225535525,0.0,0.0,0.0,49.53229419753215,584.6865727727172,508.0199061060502,idle,4.999999999999998,2026-08-06
2026-08-06 05:45:00,VIC1,146.42004,0.14642004,0.0,0.0,0.0,0.0,0.0,0.0,78.68238618387274,78.68238618387274,66.11965225535525,0.0,0.0,0.0,49.53229419753215,584.6865727727172,508.0199061060502,idle,4.999999999999998,2026-08-06
2026-08-06 05:50:00,VIC1,141.73886,0.14173886,0.0,0.0,0.0,0.0,0.0,0.0,78.68238618387274,78.68238618387274,66.11965225535525,0.0,0.0,0.0,49.53229419753215,584.6865727727172,508.0199061060502,idle,4.999999999999998,2026-08-06
2026-08-06 05:55:00,VIC1,136.4564,0.1364564,0.0,0.0,0.0,0.0,0.0,0.0,78.68238618387274,78.68238618387274,66.11965225535525,0.0,0.0,0.0,49.53229419753215,584.6865727727172,508.0199061060502,idle,4.999999999999998,2026-08-06
2026-08-06 06:00:00,VIC1,146.42,0.14642,0.0,0.0,0.0,0.0,0.0,0.0,78.68238618387274,78.68238618387274,66.11965225535525,0.0,0.0,0.0,49.53229419753215,584.6865727727172,508.0199061060502,idle,4.999999999999998,2026-08-06
2026-08-06 06:05:00,VIC1,146.42,0.14642,0.0,0.0,0.0,0.0,0.0,0.0,78.68238618387274,78.68238618387274,66.11965225535525,0.0,0.0,0.0,49.53229419753215,584.6865727727172,508.0199061060502,idle,4.999999999999998,2026-08-06
2026-08-06 06:10:00,VIC1,131.10406,0.13110406,0.0,0.0,0.0,0.0,0.0,0.0,78.68238618387274,78.68238618387274,66.11965225535525,0.0,0.0,0.0,49.53229419753215,584.6865727727172,508.0199061060502,idle,4.999999999999998,2026-08-06
2026-08-06 06:15:00,VIC1,176.46,0.17646,0.0,0.0,0.0,0.0,0.0,0.0,78.68238618387274,78.68238618387274,66.11965225535525,0.0,0.0,0.0,49.53229419753215,584.6865727727172,508.0199061060502,idle,4.999999999999998,2026-08-06
2026-08-06 06:20:00,VIC1,184.0,0.184,0.0,0.0,0.0,0.0,0.0,0.0,78.68238618387274,78.68238618387274,66.11965225535525,0.0,0.0,0.0,49.53229419753215,584.6865727727172,508.0199061060502,idle,4.999999999999998,2026-08-06
2026-08-06 06:25:00,VIC1,147.5112,0.1475112,0.0,0.0,0.0,0.0,0.0,0.0,78.68238618387274,78.68238618387274,66.11965225535525,0.0,0.0,0.0,49.53229419753215,584.6865727727172,508.0199061060502,idle,4.999999999999998,2026-08-06
2026-08-06 06:30:00,VIC1,176.79005,0.17679005,0.0,0.0,0.0,0.0,0.0,0.0,78.68238618387274,78.68238618387274,66.11965225535525,0.0,0.0,0.0,49.53229419753215,584.6865727727172,508.0199061060502,idle,4.999999999999998,2026-08-06
2026-08-06 06:35:00,VIC1,183.51036,0.18351035999999998,0.0,0.0,0.0,0.0,0.0,0.0,78.68238618387274,78.68238618387274,66.11965225535525,0.0,0.0,0.0,49.53229419753215,584.6865727727172,508.0199061060502,idle,4.999999999999998,2026-08-06
2026-08-06 06:40:00,VIC1,183.48,0.18348,0.0,0.0,0.0,0.0,0.0,0.0,78.68238618387274,78.68238618387274,66.11965225535525,0.0,0.0,0.0,49.53229419753215,584.6865727727172,508.0199061060502,idle,4.999999999999998,2026-08-06
2026-08-06 06:45:00,VIC1,166.84918,0.16684917999999999,0.0,0.0,0.0,0.0,0.0,0.0,78.68238618387274,78.68238618387274,66.11965225535525,0.0,0.0,0.0,49.53229419753215,584.6865727727172,508.0199061060502,idle,4.999999999999998,2026-08-06
2026-08-06 06:50:00,VIC1,186.53,0.18653,0.0,0.0,0.0,0.0,0.0,0.0,78.68238618387274,78.68238618387274,66.11965225535525,0.0,0.0,0.0,49.53229419753215,584.6865727727172,508.0199061060502,idle,4.999999999999998,2026-08-06
2026-08-06 06:55:00,VIC1,197.6523,0.1976523,0.0,69.0,0.0,5.75,0.0,6.061032181989394,78.68238618387274,72.62135400188335,61.02634790074231,0.0,1.136500725,1.136500725,50.66879492253215,584.6865727727172,513.7699061060503,discharge,5.056592270606808,2026-08-06
2026-08-06 07:00:00,VIC1,217.09074,0.21709074,0.0,69.0,0.0,5.75,0.0,6.061032181989394,72.62135400188335,66.56032181989396,55.93304354612938,0.0,1.248271755,1.248271755,51.91706667753215,584.6865727727172,519.5199061060503,discharge,5.113184541213619,2026-08-06
2026-08-06 07:05:00,VIC1,222.55023,0.22255023000000002,0.0,69.0,0.0,5.75,0.0,6.061032181989394,66.56032181989396,60.49928963790456,50.83973919151644,0.0,1.2796638225,1.2796638225,53.196730500032146,584.6865727727172,525.2699061060503,discharge,5.169776811820429,2026-08-06
2026-08-06 07:10:00,VIC1,217.42083,0.21742083,0.0,69.0,0.0,5.75,0.0,6.061032181989394,60.49928963790456,54.43825745591516,45.7464348369035,0.0,1.2501697725,1.2501697725,54.44690027253215,584.6865727727172,531.0199061060503,discharge,5.226369082427239,2026-08-06
2026-08-06 07:15:00,VIC1,221.54538,0.22154538,0.0,69.0,0.0,5.75,0.0,6.061032181989394,54.43825745591516,48.37722527392577,40.653130482290564,0.0,1.273885935,1.273885935,55.72078620753215,584.6865727727172,536.7699061060503,discharge,5.28296135303405,2026-08-06
2026-08-06 07:20:00,VIC1,281.2262,0.28122620000000004,0.0,69.0,0.0,5.75,0.0,6.061032181989394,48.37722527392577,42.31619309193637,35.559826127677624,0.0,1.6170506500000001,1.6170506500000001,57.33783685753215,584.6865727727172,542.5199061060503,discharge,5.33955362364086,2026-08-06
2026-08-06 07:25:00,VIC1,273.22894,0.27322894000000003,0.0,69.0,0.0,5.75,0.0,6.061032181989394,42.31619309193637,36.25516090994697,30.46652177306468,0.0,1.5710664050000003,1.5710664050000003,58.90890326253216,584.6865727727172,548.2699061060503,discharge,5.39614589424767,2026-08-06
2026-08-06 07:30:00,VIC1,273.55934,0.27355934000000004,0.0,69.0,0.0,5.75,0.0,6.061032181989394,36.25516090994697,30.194128727957576,25.373217418451745,0.0,1.5729662050000002,1.5729662050000002,60.48186946753216,584.6865727727172,554.0199061060503,discharge,5.452738164854481,2026-08-06
2026-08-06 07:35:00,VIC1,274.07468,0.27407468,0.0,69.0,0.0,5.75,0.0,6.061032181989394,30.194128727957576,24.133096545968183,20.27991306383881,0.0,1.57592941,1.57592941,62.05779887753216,584.6865727727172,559.7699061060503,discharge,5.509330435461291,2026-08-06
2026-08-06 07:40:00,VIC1,270.05449,0.27005449,0.0,69.0,0.0,5.75,0.0,6.061032181989394,24.133096545968183,18.07206436397879,15.186608709225874,0.0,1.5528133174999998,1.5528133174999998,63.610612195032154,584.6865727727172,565.5199061060503,discharge,5.565922706068101,2026-08-06
2026-08-06 07:45:00,VIC1,277.32,0.27732,0.0,69.0,0.0,5.75,0.0,6.061032181989394,18.07206436397879,12.011032181989394,10.093304354612936,0.0,1.5945900000000002,1.5945900000000002,65.20520219503216,584.6865727727172,571.2699061060503,discharge,5.622514976674912,2026-08-06
2026-08-06 07:50:00,VIC1,239.48,0.23948,0.0,69.0,0.0,5.75,0.0,6.061032181989394,12.011032181989394,5.95,5.0,0.0,1.37701,1.37701,66.58221219503216,584.6865727727172,577.0199061060503,discharge,5.679107247281722,2026-08-06
2026-08-06 07:55:00,VIC1,184.06012,0.18406012000000002,0.0,0.0,0.0,0.0,0.0,0.0,5.95,5.95,5.0,0.0,0.0,0.0,66.58221219503216,584.6865727727172,577.0199061060503,idle,5.679107247281722,2026-08-06
2026-08-06 08:00:00,VIC1,176.46,0.17646,0.0,-0.0,0.0,-0.0,0.0,-0.0,5.95,5.95,5.0,0.0,-0.0,-0.0,66.58221219503216,584.6865727727172,577.0199061060503,idle,5.679107247281722,2026-08-06
2026-08-06 08:05:00,VIC1,145.24688,0.14524688,0.0,-0.0,0.0,-0.0,0.0,-0.0,5.95,5.95,5.0,0.0,-0.0,-0.0,66.58221219503216,584.6865727727172,577.0199061060503,idle,5.679107247281722,2026-08-06
2026-08-06 08:10:00,VIC1,133.68331,0.13368331,0.0,-0.0,0.0,-0.0,0.0,-0.0,5.95,5.95,5.0,0.0,-0.0,-0.0,66.58221219503216,584.6865727727172,577.0199061060503,idle,5.679107247281722,2026-08-06
2026-08-06 08:15:00,VIC1,123.99697,0.12399697000000001,0.0,0.0,0.0,0.0,0.0,0.0,5.95,5.95,5.0,0.0,0.0,0.0,66.58221219503216,584.6865727727172,577.0199061060503,idle,5.679107247281722,2026-08-06
2026-08-06 08:20:00,VIC1,115.0,0.115,0.0,0.0,0.0,0.0,0.0,0.0,5.95,5.95,5.0,0.0,0.0,0.0,66.58221219503216,584.6865727727172,577.0199061060503,idle,5.679107247281722,2026-08-06
2026-08-06 08:25:00,VIC1,105.28382,0.10528382000000001,0.0,0.0,0.0,0.0,0.0,0.0,5.95,5.95,5.0,0.0,0.0,0.0,66.58221219503216,584.6865727727172,577.0199061060503,idle,5.679107247281722,2026-08-06
2026-08-06 08:30:00,VIC1,98.85275,0.09885275,0.0,0.0,0.0,0.0,0.0,0.0,5.95,5.95,5.0,0.0,0.0,0.0,66.58221219503216,584.6865727727172,577.0199061060503,idle,5.679107247281722,2026-08-06
2026-08-06 08:35:00,VIC1,109.0,0.109,0.0,0.0,0.0,0.0,0.0,0.0,5.95,5.95,5.0,0.0,0.0,0.0,66.58221219503216,584.6865727727172,577.0199061060503,idle,5.679107247281722,2026-08-06
2026-08-06 08:40:00,VIC1,97.53314,0.09753314,0.0,0.0,0.0,0.0,0.0,0.0,5.95,5.95,5.0,0.0,0.0,0.0,66.58221219503216,584.6865727727172,577.0199061060503,idle,5.679107247281722,2026-08-06
2026-08-06 08:45:00,VIC1,98.45632,0.09845632000000001,0.0,0.0,0.0,0.0,0.0,0.0,5.95,5.95,5.0,0.0,0.0,0.0,66.58221219503216,584.6865727727172,577.0199061060503,idle,5.679107247281722,2026-08-06
2026-08-06 08:50:00,VIC1,98.74777,0.09874777,0.0,0.0,0.0,0.0,0.0,0.0,5.95,5.95,5.0,0.0,0.0,0.0,66.58221219503216,584.6865727727172,577.0199061060503,idle,5.679107247281722,2026-08-06
2026-08-06 08:55:00,VIC1,97.01369,0.09701369,0.0,0.0,0.0,0.0,0.0,0.0,5.95,5.95,5.0,0.0,0.0,0.0,66.58221219503216,584.6865727727172,577.0199061060503,idle,5.679107247281722,2026-08-06
2026-08-06 09:00:00,VIC1,94.94493,0.09494493,0.0,0.0,0.0,0.0,0.0,0.0,5.95,5.95,5.0,0.0,0.0,0.0,66.58221219503216,584.6865727727172,577.0199061060503,idle,5.679107247281722,2026-08-06
2026-08-06 09:05:00,VIC1,98.44766,0.09844766,0.0,0.0,0.0,0.0,0.0,0.0,5.95,5.95,5.0,0.0,0.0,0.0,66.58221219503216,584.6865727727172,577.0199061060503,idle,5.679107247281722,2026-08-06
2026-08-06 09:10:00,VIC1,101.3502,0.1013502,0.0,0.0,0.0,0.0,0.0,0.0,5.95,5.95,5.0,0.0,0.0,0.0,66.58221219503216,584.6865727727172,577.0199061060503,idle,5.679107247281722,2026-08-06
2026-08-06 09:15:00,VIC1,97.77261,0.09777261,0.0,0.0,0.0,0.0,0.0,0.0,5.95,5.95,5.0,0.0,0.0,0.0,66.58221219503216,584.6865727727172,577.0199061060503,idle,5.679107247281722,2026-08-06
2026-08-06 09:20:00,VIC1,98.38015,0.09838015,0.0,0.0,0.0,0.0,0.0,0.0,5.95,5.95,5.0,0.0,0.0,0.0,66.58221219503216,584.6865727727172,577.0199061060503,idle,5.679107247281722,2026-08-06
2026-08-06 09:25:00,VIC1,99.18793,0.09918793,0.0,0.0,0.0,0.0,0.0,0.0,5.95,5.95,5.0,0.0,0.0,0.0,66.58221219503216,584.6865727727172,577.0199061060503,idle,5.679107247281722,2026-08-06
2026-08-06 09:30:00,VIC1,96.10777,0.09610777000000001,0.0,0.0,0.0,0.0,0.0,0.0,5.95,5.95,5.0,0.0,0.0,0.0,66.58221219503216,584.6865727727172,577.0199061060503,idle,5.679107247281722,2026-08-06
2026-08-06 09:35:00,VIC1,91.7454,0.0917454,0.0,0.0,0.0,0.0,0.0,0.0,5.95,5.95,5.0,0.0,0.0,0.0,66.58221219503216,584.6865727727172,577.0199061060503,idle,5.679107247281722,2026-08-06
2026-08-06 09:40:00,VIC1,92.29291,0.09229291,0.0,0.0,0.0,0.0,0.0,0.0,5.95,5.95,5.0,0.0,0.0,0.0,66.58221219503216,584.6865727727172,577.0199061060503,idle,5.679107247281722,2026-08-06
2026-08-06 09:45:00,VIC1,80.5,0.0805,0.0,0.0,0.0,0.0,0.0,0.0,5.95,5.95,5.0,0.0,0.0,0.0,66.58221219503216,584.6865727727172,577.0199061060503,idle,5.679107247281722,2026-08-06
2026-08-06 09:50:00,VIC1,79.48,0.07948000000000001,0.0,0.0,0.0,0.0,0.0,0.0,5.95,5.95,5.0,0.0,0.0,0.0,66.58221219503216,584.6865727727172,577.0199061060503,idle,5.679107247281722,2026-08-06
2026-08-06 09:55:00,VIC1,79.05277,0.07905277,0.0,0.0,0.0,0.0,0.0,0.0,5.95,5.95,5.0,0.0,0.0,0.0,66.58221219503216,584.6865727727172,577.0199061060503,idle,5.679107247281722,2026-08-06
2026-08-06 10:00:00,VIC1,70.32,0.07032,0.0,0.0,0.0,0.0,0.0,0.0,5.95,5.95,5.0,0.0,0.0,0.0,66.58221219503216,584.6865727727172,577.0199061060503,idle,5.679107247281722,2026-08-06
2026-08-06 10:05:00,VIC1,84.92,0.08492000000000001,0.0,0.0,0.0,0.0,0.0,0.0,5.95,5.95,5.0,0.0,0.0,0.0,66.58221219503216,584.6865727727172,577.0199061060503,idle,5.679107247281722,2026-08-06
2026-08-06 10:10:00,VIC1,84.92,0.08492000000000001,0.0,0.0,0.0,0.0,0.0,0.0,5.95,5.95,5.0,0.0,0.0,0.0,66.58221219503216,584.6865727727172,577.0199061060503,idle,5.679107247281722,2026-08-06
2026-08-06 10:15:00,VIC1,77.42075,0.07742075,0.0,0.0,0.0,0.0,0.0,0.0,5.95,5.95,5.0,0.0,0.0,0.0,66.58221219503216,584.6865727727172,577.0199061060503,idle,5.679107247281722,2026-08-06
2026-08-06 10:20:00,VIC1,70.32,0.07032,0.0,0.0,0.0,0.0,0.0,0.0,5.95,5.95,5.0,0.0,0.0,0.0,66.58221219503216,584.6865727727172,577.0199061060503,idle,5.679107247281722,2026-08-06
2026-08-06 10:25:00,VIC1,70.32,0.07032,0.0,0.0,0.0,0.0,0.0,0.0,5.95,5.95,5.0,0.0,0.0,0.0,66.58221219503216,584.6865727727172,577.0199061060503,idle,5.679107247281722,2026-08-06
2026-08-06 10:30:00,VIC1,69.45775,0.06945775000000001,0.0,0.0,0.0,0.0,0.0,0.0,5.95,5.95,5.0,0.0,0.0,0.0,66.58221219503216,584.6865727727172,577.0199061060503,idle,5.679107247281722,2026-08-06
2026-08-06 10:35:00,VIC1,66.41027,0.06641027,0.0,0.0,0.0,0.0,0.0,0.0,5.95,5.95,5.0,0.0,0.0,0.0,66.58221219503216,584.6865727727172,577.0199061060503,idle,5.679107247281722,2026-08-06
2026-08-06 10:40:00,VIC1,69.2252,0.0692252,0.0,0.0,0.0,0.0,0.0,0.0,5.95,5.95,5.0,0.0,0.0,0.0,66.58221219503216,584.6865727727172,577.0199061060503,idle,5.679107247281722,2026-08-06
2026-08-06 10:45:00,VIC1,63.2028,0.0632028,0.0,0.0,0.0,0.0,0.0,0.0,5.95,5.95,5.0,0.0,0.0,0.0,66.58221219503216,584.6865727727172,577.0199061060503,idle,5.679107247281722,2026-08-06
2026-08-06 10:50:00,VIC1,56.57664,0.05657664,0.0,0.0,0.0,0.0,0.0,0.0,5.95,5.95,5.0,0.0,0.0,0.0,66.58221219503216,584.6865727727172,577.0199061060503,idle,5.679107247281722,2026-08-06
2026-08-06 10:55:00,VIC1,61.10816,0.06110816,0.0,0.0,0.0,0.0,0.0,0.0,5.95,5.95,5.0,0.0,0.0,0.0,66.58221219503216,584.6865727727172,577.0199061060503,idle,5.679107247281722,2026-08-06
2026-08-06 11:00:00,VIC1,59.66235,0.05966235,0.0,0.0,0.0,0.0,0.0,0.0,5.95,5.95,5.0,0.0,0.0,0.0,66.58221219503216,584.6865727727172,577.0199061060503,idle,5.679107247281722,2026-08-06
2026-08-06 11:05:00,VIC1,75.4,0.07540000000000001,0.0,0.0,0.0,0.0,0.0,0.0,5.95,5.95,5.0,0.0,0.0,0.0,66.58221219503216,584.6865727727172,577.0199061060503,idle,5.679107247281722,2026-08-06
2026-08-06 11:10:00,VIC1,78.08,0.07808,0.0,0.0,0.0,0.0,0.0,0.0,5.95,5.95,5.0,0.0,0.0,0.0,66.58221219503216,584.6865727727172,577.0199061060503,idle,5.679107247281722,2026-08-06
2026-08-06 11:15:00,VIC1,81.87192,0.08187192,0.0,0.0,0.0,0.0,0.0,0.0,5.95,5.95,5.0,0.0,0.0,0.0,66.58221219503216,584.6865727727172,577.0199061060503,idle,5.679107247281722,2026-08-06
2026-08-06 11:20:00,VIC1,68.89197,0.06889197,0.0,0.0,0.0,0.0,0.0,0.0,5.95,5.95,5.0,0.0,0.0,0.0,66.58221219503216,584.6865727727172,577.0199061060503,idle,5.679107247281722,2026-08-06
2026-08-06 11:25:00,VIC1,75.4,0.07540000000000001,0.0,0.0,0.0,0.0,0.0,0.0,5.95,5.95,5.0,0.0,0.0,0.0,66.58221219503216,584.6865727727172,577.0199061060503,idle,5.679107247281722,2026-08-06
2026-08-06 11:30:00,VIC1,81.11164,0.08111164,0.0,0.0,0.0,0.0,0.0,0.0,5.95,5.95,5.0,0.0,0.0,0.0,66.58221219503216,584.6865727727172,577.0199061060503,idle,5.679107247281722,2026-08-06
2026-08-06 11:35:00,VIC1,74.83379,0.07483379,0.0,0.0,0.0,0.0,0.0,0.0,5.95,5.95,5.0,0.0,0.0,0.0,66.58221219503216,584.6865727727172,577.0199061060503,idle,5.679107247281722,2026-08-06
2026-08-06 11:40:00,VIC1,65.74389,0.06574389,0.0,0.0,0.0,0.0,0.0,0.0,5.95,5.95,5.0,0.0,0.0,0.0,66.58221219503216,584.6865727727172,577.0199061060503,idle,5.679107247281722,2026-08-06
2026-08-06 11:45:00,VIC1,64.0,0.064,0.0,0.0,0.0,0.0,0.0,0.0,5.95,5.95,5.0,0.0,0.0,0.0,66.58221219503216,584.6865727727172,577.0199061060503,idle,5.679107247281722,2026-08-06
2026-08-06 11:50:00,VIC1,59.47423,0.05947423,0.0,0.0,0.0,0.0,0.0,0.0,5.95,5.95,5.0,0.0,0.0,0.0,66.58221219503216,584.6865727727172,577.0199061060503,idle,5.679107247281722,2026-08-06
2026-08-06 11:55:00,VIC1,61.67596,0.06167596,0.0,0.0,0.0,0.0,0.0,0.0,5.95,5.95,5.0,0.0,0.0,0.0,66.58221219503216,584.6865727727172,577.0199061060503,idle,5.679107247281722,2026-08-06
2026-08-06 12:00:00,VIC1,59.26,0.05926,0.0,0.0,0.0,0.0,0.0,0.0,5.95,5.95,5.0,0.0,0.0,0.0,66.58221219503216,584.6865727727172,577.0199061060503,idle,5.679107247281722,2026-08-06
2026-08-06 12:05:00,VIC1,49.42,0.049420000000000006,0.0,0.0,0.0,0.0,0.0,0.0,5.95,5.95,5.0,0.0,0.0,0.0,66.58221219503216,584.6865727727172,577.0199061060503,idle,5.679107247281722,2026-08-06
2026-08-06 12:10:00,VIC1,56.91166,0.056911659999999996,0.0,0.0,0.0,0.0,0.0,0.0,5.95,5.95,5.0,0.0,0.0,0.0,66.58221219503216,584.6865727727172,577.0199061060503,idle,5.679107247281722,2026-08-06
2026-08-06 12:15:00,VIC1,49.29,0.04929,0.0,0.0,0.0,0.0,0.0,0.0,5.95,5.95,5.0,0.0,0.0,0.0,66.58221219503216,584.6865727727172,577.0199061060503,idle,5.679107247281722,2026-08-06
2026-08-06 12:20:00,VIC1,49.25004,0.04925004,0.0,0.0,0.0,0.0,0.0,0.0,5.95,5.95,5.0,0.0,0.0,0.0,66.58221219503216,584.6865727727172,577.0199061060503,idle,5.679107247281722,2026-08-06
2026-08-06 12:25:00,VIC1,45.24,0.04524,46.08004155165301,0.0,3.8400034626377506,0.0,3.642947149460574,0.0,5.95,9.592947149460574,8.061300125597121,0.17372175664973186,0.0,-0.17372175664973186,66.40849043838243,588.5265762353549,577.0199061060503,charge,5.679107247281722,2026-08-06
2026-08-06 12:30:00,VIC1,25.42,0.02542,62.705857816032186,0.0,5.225488151336015,0.0,4.957333333333333,0.0,9.592947149460574,14.550280482793907,12.227126456129334,0.13283190880696152,0.0,-0.13283190880696152,66.27565852957547,593.7520643866909,577.0199061060503,charge,5.679107247281722,2026-08-06
2026-08-06 12:35:00,VIC1,45.24,0.04524,62.705857816032186,0.0,5.225488151336015,0.0,4.957333333333333,0.0,14.550280482793907,19.50761381612724,16.392952786661546,0.23640108396644133,0.0,-0.23640108396644133,66.03925744560902,598.9775525380269,577.0199061060503,charge,5.679107247281722,2026-08-06
2026-08-06 12:40:00,VIC1,45.24,0.04524,62.705857816032186,0.0,5.225488151336015,0.0,4.957333333333333,0.0,19.50761381612724,24.46494714946057,20.558779117193758,0.23640108396644133,0.0,-0.23640108396644133,65.80285636164258,604.2030406893629,577.0199061060503,charge,5.679107247281722,2026-08-06
2026-08-06 12:45:00,VIC1,32.22592,0.032225920000000005,62.705857816032186,0.0,5.225488151336015,0.0,4.957333333333333,0.0,24.46494714946057,29.4222804827939,24.724605447725967,0.16839616312590233,0.0,-0.16839616312590233,65.63446019851668,609.4285288406988,577.0199061060503,charge,5.679107247281722,2026-08-06
2026-08-06 12:50:00,VIC1,44.82474,0.04482474,62.705857816032186,0.0,5.225488151336015,0.0,4.957333333333333,0.0,29.4222804827939,34.37961381612723,28.89043177825818,0.23423114775671755,0.0,-0.23423114775671755,65.40022905075996,614.6540169920348,577.0199061060503,charge,5.679107247281722,2026-08-06
2026-08-06 12:55:00,VIC1,42.32612,0.04232612,62.705857816032186,0.0,5.225488151336015,0.0,4.957333333333333,0.0,34.37961381612723,39.33694714946056,33.05625810879039,0.22117463855202635,0.0,-0.22117463855202635,65.17905441220793,619.8795051433708,577.0199061060503,charge,5.679107247281722,2026-08-06
2026-08-06 13:00:00,VIC1,45.24,0.04524,62.705857816032186,0.0,5.225488151336015,0.0,4.957333333333333,0.0,39.33694714946056,44.294280482793894,37.2220844393226,0.23640108396644133,0.0,-0.23640108396644133,64.94265332824149,625.1049932947068,577.0199061060503,charge,5.679107247281722,2026-08-06
2026-08-06 13:05:00,VIC1,46.81437,0.04681437,0.0,0.0,0.0,0.0,0.0,0.0,44.294280482793894,44.294280482793894,37.2220844393226,0.0,0.0,0.0,64.94265332824149,625.1049932947068,577.0199061060503,idle,5.679107247281722,2026-08-06
2026-08-06 13:10:00,VIC1,46.9369,0.046936900000000004,0.0,0.0,0.0,0.0,0.0,0.0,44.294280482793894,44.294280482793894,37.2220844393226,0.0,0.0,0.0,64.94265332824149,625.1049932947068,577.0199061060503,idle,5.679107247281722,2026-08-06
2026-08-06 13:15:00,VIC1,25.25,0.02525,62.705857816032186,0.0,5.225488151336015,0.0,4.957333333333333,0.0,44.294280482793894,49.251613816127225,41.38791076985481,0.1319435758212344,0.0,-0.1319435758212344,64.81070975242025,630.3304814460428,577.0199061060503,charge,5.679107247281722,2026-08-06
2026-08-06 13:20:00,VIC1,25.42,0.02542,62.705857816032186,0.0,5.225488151336015,0.0,4.957333333333333,0.0,49.251613816127225,54.208947149460556,45.55373710038702,0.13283190880696152,0.0,-0.13283190880696152,64.67787784361329,635.5559695973787,577.0199061060503,charge,5.679107247281722,2026-08-06
2026-08-06 13:25:00,VIC1,25.24,0.02524,62.705857816032186,0.0,5.225488151336015,0.0,4.957333333333333,0.0,54.208947149460556,59.16628048279389,49.71956343091924,0.13189132093972103,0.0,-0.13189132093972103,64.54598652267357,640.7814577487147,577.0199061060503,charge,5.679107247281722,2026-08-06
2026-08-06 13:30:00,VIC1,24.68,0.02468,62.705857816032186,0.0,5.225488151336015,0.0,4.957333333333333,0.0,59.16628048279389,64.12361381612722,53.88538976145144,0.12896504757497285,0.0,-0.12896504757497285,64.4170214750986,646.0069459000507,577.0199061060503,charge,5.679107247281722,2026-08-06
2026-08-06 13:35:00,VIC1,25.33,0.02533,62.705857816032186,0.0,5.225488151336015,0.0,4.957333333333333,0.0,64.12361381612722,69.08094714946056,58.05121609198366,0.13236161487334125,0.0,-0.13236161487334125,64.28465986022525,651.2324340513867,577.0199061060503,charge,5.679107247281722,2026-08-06
2026-08-06 13:40:00,VIC1,25.42,0.02542,62.705857816032186,0.0,5.225488151336015,0.0,4.957333333333333,0.0,69.08094714946056,74.0382804827939,62.21704242251588,0.13283190880696152,0.0,-0.13283190880696152,64.15182795141828,656.4579222027227,577.0199061060503,charge,5.679107247281722,2026-08-06
2026-08-06 13:45:00,VIC1,49.42,0.049420000000000006,0.0,0.0,0.0,0.0,0.0,0.0,74.0382804827939,74.0382804827939,62.21704242251588,0.0,0.0,0.0,64.15182795141828,656.4579222027227,577.0199061060503,idle,5.679107247281722,2026-08-06
2026-08-06 13:50:00,VIC1,64.0,0.064,0.0,0.0,0.0,0.0,0.0,0.0,74.0382804827939,74.0382804827939,62.21704242251588,0.0,0.0,0.0,64.15182795141828,656.4579222027227,577.0199061060503,idle,5.679107247281722,2026-08-06
2026-08-06 13:55:00,VIC1,25.42,0.02542,62.705857816032186,0.0,5.225488151336015,0.0,4.957333333333333,0.0,74.0382804827939,78.99561381612723,66.3828687530481,0.13283190880696152,0.0,-0.13283190880696152,64.01899604261132,661.6834103540587,577.0199061060503,charge,5.679107247281722,2026-08-06
2026-08-06 14:00:00,VIC1,27.68,0.02768,62.705857816032186,0.0,5.225488151336015,0.0,4.957333333333333,0.0,78.99561381612723,83.95294714946057,70.54869508358031,0.1446415120289809,0.0,-0.1446415120289809,63.87435453058234,666.9088985053946,577.0199061060503,charge,5.679107247281722,2026-08-06
2026-08-06 14:05:00,VIC1,25.42,0.02542,62.705857816032186,0.0,5.225488151336015,0.0,4.957333333333333,0.0,83.95294714946057,88.91028048279391,74.71452141411253,0.13283190880696152,0.0,-0.13283190880696152,63.741522621775374,672.1343866567306,577.0199061060503,charge,5.679107247281722,2026-08-06
2026-08-06 14:10:00,VIC1,54.79872,0.05479872,0.0,0.0,0.0,0.0,0.0,0.0,88.91028048279391,88.91028048279391,74.71452141411253,0.0,0.0,0.0,63.741522621775374,672.1343866567306,577.0199061060503,idle,5.679107247281722,2026-08-06
2026-08-06 14:15:00,VIC1,52.74583,0.05274583,0.0,0.0,0.0,0.0,0.0,0.0,88.91028048279391,88.91028048279391,74.71452141411253,0.0,0.0,0.0,63.741522621775374,672.1343866567306,577.0199061060503,idle,5.679107247281722,2026-08-06
2026-08-06 14:20:00,VIC1,42.78535,0.04278535,62.705857816032186,0.0,5.225488151336015,0.0,4.957333333333333,0.0,88.91028048279391,93.86761381612725,78.88034774464474,0.22357433947576438,0.0,-0.22357433947576438,63.517948282299606,677.3598748080666,577.0199061060503,charge,5.679107247281722,2026-08-06
2026-08-06 14:25:00,VIC1,53.54687,0.053546869999999996,0.0,0.0,0.0,0.0,0.0,0.0,93.86761381612725,93.86761381612725,78.88034774464474,0.0,0.0,0.0,63.517948282299606,677.3598748080666,577.0199061060503,idle,5.679107247281722,2026-08-06
2026-08-06 14:30:00,VIC1,65.99137,0.06599137000000001,0.0,0.0,0.0,0.0,0.0,0.0,93.86761381612725,93.86761381612725,78.88034774464474,0.0,0.0,0.0,63.517948282299606,677.3598748080666,577.0199061060503,idle,5.679107247281722,2026-08-06
2026-08-06 14:35:00,VIC1,64.48955,0.06448954999999999,0.0,0.0,0.0,0.0,0.0,0.0,93.86761381612725,93.86761381612725,78.88034774464474,0.0,0.0,0.0,63.517948282299606,677.3598748080666,577.0199061060503,idle,5.679107247281722,2026-08-06
2026-08-06 14:40:00,VIC1,70.8352,0.0708352,0.0,0.0,0.0,0.0,0.0,0.0,93.86761381612725,93.86761381612725,78.88034774464474,0.0,0.0,0.0,63.517948282299606,677.3598748080666,577.0199061060503,idle,5.679107247281722,2026-08-06
2026-08-06 14:45:00,VIC1,75.4,0.07540000000000001,0.0,0.0,0.0,0.0,0.0,0.0,93.86761381612725,93.86761381612725,78.88034774464474,0.0,0.0,0.0,63.517948282299606,677.3598748080666,577.0199061060503,idle,5.679107247281722,2026-08-06
2026-08-06 14:50:00,VIC1,80.5,0.0805,0.0,0.0,0.0,0.0,0.0,0.0,93.86761381612725,93.86761381612725,78.88034774464474,0.0,0.0,0.0,63.517948282299606,677.3598748080666,577.0199061060503,idle,5.679107247281722,2026-08-06
2026-08-06 14:55:00,VIC1,95.20705,0.09520705,0.0,0.0,0.0,0.0,0.0,0.0,93.86761381612725,93.86761381612725,78.88034774464474,0.0,0.0,0.0,63.517948282299606,677.3598748080666,577.0199061060503,idle,5.679107247281722,2026-08-06
2026-08-06 15:00:00,VIC1,84.89753,0.08489753,0.0,0.0,0.0,0.0,0.0,0.0,93.86761381612725,93.86761381612725,78.88034774464474,0.0,0.0,0.0,63.517948282299606,677.3598748080666,577.0199061060503,idle,5.679107247281722,2026-08-06
2026-08-06 15:05:00,VIC1,90.91376,0.09091376,0.0,0.0,0.0,0.0,0.0,0.0,93.86761381612725,93.86761381612725,78.88034774464474,0.0,0.0,0.0,63.517948282299606,677.3598748080666,577.0199061060503,idle,5.679107247281722,2026-08-06
2026-08-06 15:10:00,VIC1,99.0,0.099,0.0,0.0,0.0,0.0,0.0,0.0,93.86761381612725,93.86761381612725,78.88034774464474,0.0,0.0,0.0,63.517948282299606,677.3598748080666,577.0199061060503,idle,5.679107247281722,2026-08-06
2026-08-06 15:15:00,VIC1,92.31152,0.09231152000000001,0.0,0.0,0.0,0.0,0.0,0.0,93.86761381612725,93.86761381612725,78.88034774464474,0.0,0.0,0.0,63.517948282299606,677.3598748080666,577.0199061060503,idle,5.679107247281722,2026-08-06
2026-08-06 15:20:00,VIC1,91.70325,0.09170325,0.0,0.0,0.0,0.0,0.0,0.0,93.86761381612725,93.86761381612725,78.88034774464474,0.0,0.0,0.0,63.517948282299606,677.3598748080666,577.0199061060503,idle,5.679107247281722,2026-08-06
2026-08-06 15:25:00,VIC1,95.68829,0.09568829,0.0,0.0,0.0,0.0,0.0,0.0,93.86761381612725,93.86761381612725,78.88034774464474,0.0,0.0,0.0,63.517948282299606,677.3598748080666,577.0199061060503,idle,5.679107247281722,2026-08-06
2026-08-06 15:30:00,VIC1,93.86013,0.09386013,0.0,0.0,0.0,0.0,0.0,0.0,93.86761381612725,93.86761381612725,78.88034774464474,0.0,0.0,0.0,63.517948282299606,677.3598748080666,577.0199061060503,idle,5.679107247281722,2026-08-06
2026-08-06 15:35:00,VIC1,93.43234,0.09343234,0.0,0.0,0.0,0.0,0.0,0.0,93.86761381612725,93.86761381612725,78.88034774464474,0.0,0.0,0.0,63.517948282299606,677.3598748080666,577.0199061060503,idle,5.679107247281722,2026-08-06
2026-08-06 15:40:00,VIC1,94.76804,0.09476804,0.0,0.0,0.0,0.0,0.0,0.0,93.86761381612725,93.86761381612725,78.88034774464474,0.0,0.0,0.0,63.517948282299606,677.3598748080666,577.0199061060503,idle,5.679107247281722,2026-08-06
2026-08-06 15:45:00,VIC1,96.07535,0.09607535,0.0,0.0,0.0,0.0,0.0,0.0,93.86761381612725,93.86761381612725,78.88034774464474,0.0,0.0,0.0,63.517948282299606,677.3598748080666,577.0199061060503,idle,5.679107247281722,2026-08-06
2026-08-06 15:50:00,VIC1,95.72714,0.09572714,0.0,0.0,0.0,0.0,0.0,0.0,93.86761381612725,93.86761381612725,78.88034774464474,0.0,0.0,0.0,63.517948282299606,677.3598748080666,577.0199061060503,idle,5.679107247281722,2026-08-06
2026-08-06 15:55:00,VIC1,95.44572,0.09544572,0.0,0.0,0.0,0.0,0.0,0.0,93.86761381612725,93.86761381612725,78.88034774464474,0.0,0.0,0.0,63.517948282299606,677.3598748080666,577.0199061060503,idle,5.679107247281722,2026-08-06
2026-08-06 16:00:00,VIC1,93.98214,0.09398214,0.0,0.0,0.0,0.0,0.0,0.0,93.86761381612725,93.86761381612725,78.88034774464474,0.0,0.0,0.0,63.517948282299606,677.3598748080666,577.0199061060503,idle,5.679107247281722,2026-08-06
2026-08-06 16:05:00,VIC1,95.44864,0.09544864,0.0,0.0,0.0,0.0,0.0,0.0,93.86761381612725,93.86761381612725,78.88034774464474,0.0,0.0,0.0,63.517948282299606,677.3598748080666,577.0199061060503,idle,5.679107247281722,2026-08-06
2026-08-06 16:10:00,VIC1,96.97427,0.09697427,0.0,0.0,0.0,0.0,0.0,0.0,93.86761381612725,93.86761381612725,78.88034774464474,0.0,0.0,0.0,63.517948282299606,677.3598748080666,577.0199061060503,idle,5.679107247281722,2026-08-06
2026-08-06 16:15:00,VIC1,98.06738,0.09806738,0.0,0.0,0.0,0.0,0.0,0.0,93.86761381612725,93.86761381612725,78.88034774464474,0.0,0.0,0.0,63.517948282299606,677.3598748080666,577.0199061060503,idle,5.679107247281722,2026-08-06
2026-08-06 16:20:00,VIC1,98.99224,0.09899224,0.0,0.0,0.0,0.0,0.0,0.0,93.86761381612725,93.86761381612725,78.88034774464474,0.0,0.0,0.0,63.517948282299606,677.3598748080666,577.0199061060503,idle,5.679107247281722,2026-08-06
2026-08-06 16:25:00,VIC1,109.0,0.109,0.0,0.0,0.0,0.0,0.0,0.0,93.86761381612725,93.86761381612725,78.88034774464474,0.0,0.0,0.0,63.517948282299606,677.3598748080666,577.0199061060503,idle,5.679107247281722,2026-08-06
2026-08-06 16:30:00,VIC1,109.0,0.109,0.0,0.0,0.0,0.0,0.0,0.0,93.86761381612725,93.86761381612725,78.88034774464474,0.0,0.0,0.0,63.517948282299606,677.3598748080666,577.0199061060503,idle,5.679107247281722,2026-08-06
2026-08-06 16:35:00,VIC1,92.32189,0.09232189,0.0,0.0,0.0,0.0,0.0,0.0,93.86761381612725,93.86761381612725,78.88034774464474,0.0,0.0,0.0,63.517948282299606,677.3598748080666,577.0199061060503,idle,5.679107247281722,2026-08-06
2026-08-06 16:40:00,VIC1,101.89079,0.10189079,0.0,0.0,0.0,0.0,0.0,0.0,93.86761381612725,93.86761381612725,78.88034774464474,0.0,0.0,0.0,63.517948282299606,677.3598748080666,577.0199061060503,idle,5.679107247281722,2026-08-06
2026-08-06 16:45:00,VIC1,116.43172,0.11643172,0.0,0.0,0.0,0.0,0.0,0.0,93.86761381612725,93.86761381612725,78.88034774464474,0.0,0.0,0.0,63.517948282299606,677.3598748080666,577.0199061060503,idle,5.679107247281722,2026-08-06
2026-08-06 16:50:00,VIC1,113.63855,0.11363854999999999,0.0,0.0,0.0,0.0,0.0,0.0,93.86761381612725,93.86761381612725,78.88034774464474,0.0,0.0,0.0,63.517948282299606,677.3598748080666,577.0199061060503,idle,5.679107247281722,2026-08-06
2026-08-06 16:55:00,VIC1,112.6093,0.11260930000000001,0.0,0.0,0.0,0.0,0.0,0.0,93.86761381612725,93.86761381612725,78.88034774464474,0.0,0.0,0.0,63.517948282299606,677.3598748080666,577.0199061060503,idle,5.679107247281722,2026-08-06
2026-08-06 17:00:00,VIC1,111.55254,0.11155253999999999,0.0,0.0,0.0,0.0,0.0,0.0,93.86761381612725,93.86761381612725,78.88034774464474,0.0,0.0,0.0,63.517948282299606,677.3598748080666,577.0199061060503,idle,5.679107247281722,2026-08-06
2026-08-06 17:05:00,VIC1,115.0,0.115,0.0,0.0,0.0,0.0,0.0,0.0,93.86761381612725,93.86761381612725,78.88034774464474,0.0,0.0,0.0,63.517948282299606,677.3598748080666,577.0199061060503,idle,5.679107247281722,2026-08-06
2026-08-06 17:10:00,VIC1,117.67229,0.11767229000000001,0.0,0.0,0.0,0.0,0.0,0.0,93.86761381612725,93.86761381612725,78.88034774464474,0.0,0.0,0.0,63.517948282299606,677.3598748080666,577.0199061060503,idle,5.679107247281722,2026-08-06
2026-08-06 17:15:00,VIC1,125.93233,0.12593233,0.0,0.0,0.0,0.0,0.0,0.0,93.86761381612725,93.86761381612725,78.88034774464474,0.0,0.0,0.0,63.517948282299606,677.3598748080666,577.0199061060503,idle,5.679107247281722,2026-08-06
2026-08-06 17:20:00,VIC1,115.44864,0.11544864,0.0,0.0,0.0,0.0,0.0,0.0,93.86761381612725,93.86761381612725,78.88034774464474,0.0,0.0,0.0,63.517948282299606,677.3598748080666,577.0199061060503,idle,5.679107247281722,2026-08-06
2026-08-06 17:25:00,VIC1,132.29375,0.13229375,0.0,69.0,0.0,5.75,0.0,6.061032181989394,93.86761381612725,87.80658163413786,73.78704339003181,0.0,0.7606890624999999,0.7606890624999999,64.2786373447996,677.3598748080666,582.7699061060503,discharge,5.735699517888533,2026-08-06
2026-08-06 17:30:00,VIC1,140.03173,0.14003173000000002,0.0,69.0,0.0,5.75,0.0,6.061032181989394,87.80658163413786,81.74554945214847,68.69373903541887,0.0,0.8051824475000001,0.8051824475000001,65.08381979229961,677.3598748080666,588.5199061060503,discharge,5.792291788495343,2026-08-06
2026-08-06 17:35:00,VIC1,122.33545,0.12233545,0.0,0.0,0.0,0.0,0.0,0.0,81.74554945214847,81.74554945214847,68.69373903541887,0.0,0.0,0.0,65.08381979229961,677.3598748080666,588.5199061060503,idle,5.792291788495343,2026-08-06
2026-08-06 17:40:00,VIC1,120.2993,0.12029930000000001,0.0,0.0,0.0,0.0,0.0,0.0,81.74554945214847,81.74554945214847,68.69373903541887,0.0,0.0,0.0,65.08381979229961,677.3598748080666,588.5199061060503,idle,5.792291788495343,2026-08-06
2026-08-06 17:45:00,VIC1,128.19596,0.12819596000000003,0.0,0.0,0.0,0.0,0.0,0.0,81.74554945214847,81.74554945214847,68.69373903541887,0.0,0.0,0.0,65.08381979229961,677.3598748080666,588.5199061060503,idle,5.792291788495343,2026-08-06
2026-08-06 17:50:00,VIC1,144.13376,0.14413376,0.0,69.0,0.0,5.75,0.0,6.061032181989394,81.74554945214847,75.68451727015908,63.600434680805954,0.0,0.82876912,0.82876912,65.91258891229961,677.3598748080666,594.2699061060503,discharge,5.848884059102153,2026-08-06
2026-08-06 17:55:00,VIC1,129.05861,0.12905861,0.0,0.0,0.0,0.0,0.0,0.0,75.68451727015908,75.68451727015908,63.600434680805954,0.0,0.0,0.0,65.91258891229961,677.3598748080666,594.2699061060503,idle,5.848884059102153,2026-08-06
2026-08-06 18:00:00,VIC1,124.72167,0.12472167,0.0,0.0,0.0,0.0,0.0,0.0,75.68451727015908,75.68451727015908,63.600434680805954,0.0,0.0,0.0,65.91258891229961,677.3598748080666,594.2699061060503,idle,5.848884059102153,2026-08-06
2026-08-06 18:05:00,VIC1,124.87296,0.12487296,0.0,0.0,0.0,0.0,0.0,0.0,75.68451727015908,75.68451727015908,63.600434680805954,0.0,0.0,0.0,65.91258891229961,677.3598748080666,594.2699061060503,idle,5.848884059102153,2026-08-06
2026-08-06 18:10:00,VIC1,134.48,0.13448,0.0,69.0,0.0,5.75,0.0,6.061032181989394,75.68451727015908,69.62348508816969,58.507130326193014,0.0,0.77326,0.77326,66.6858489122996,677.3598748080666,600.0199061060503,discharge,5.905476329708964,2026-08-06
2026-08-06 18:15:00,VIC1,125.05487,0.12505486999999998,0.0,0.0,0.0,0.0,0.0,0.0,69.62348508816969,69.62348508816969,58.507130326193014,0.0,0.0,0.0,66.6858489122996,677.3598748080666,600.0199061060503,idle,5.905476329708964,2026-08-06
2026-08-06 18:20:00,VIC1,126.26593,0.12626593,0.0,0.0,0.0,0.0,0.0,0.0,69.62348508816969,69.62348508816969,58.507130326193014,0.0,0.0,0.0,66.6858489122996,677.3598748080666,600.0199061060503,idle,5.905476329708964,2026-08-06
2026-08-06 18:25:00,VIC1,125.06099,0.12506099,0.0,0.0,0.0,0.0,0.0,0.0,69.62348508816969,69.62348508816969,58.507130326193014,0.0,0.0,0.0,66.6858489122996,677.3598748080666,600.0199061060503,idle,5.905476329708964,2026-08-06
2026-08-06 18:30:00,VIC1,126.26349,0.12626349,0.0,0.0,0.0,0.0,0.0,0.0,69.62348508816969,69.62348508816969,58.507130326193014,0.0,0.0,0.0,66.6858489122996,677.3598748080666,600.0199061060503,idle,5.905476329708964,2026-08-06
2026-08-06 18:35:00,VIC1,125.45993,0.12545993,0.0,0.0,0.0,0.0,0.0,0.0,69.62348508816969,69.62348508816969,58.507130326193014,0.0,0.0,0.0,66.6858489122996,677.3598748080666,600.0199061060503,idle,5.905476329708964,2026-08-06
2026-08-06 18:40:00,VIC1,129.80589,0.12980589,0.0,46.24777465452039,0.0,3.8539812212100326,0.0,4.062452906180312,69.62348508816969,65.56103218198938,55.09330435461292,0.0,0.5002694624624552,0.5002694624624552,67.18611837476206,677.3598748080666,603.8738873272603,discharge,5.943407729393187,2026-08-06
2026-08-06 18:45:00,VIC1,125.41079,0.12541079000000002,0.0,0.0,0.0,0.0,0.0,0.0,65.56103218198938,65.56103218198938,55.09330435461292,0.0,0.0,0.0,67.18611837476206,677.3598748080666,603.8738873272603,idle,5.943407729393187,2026-08-06
2026-08-06 18:50:00,VIC1,123.94592,0.12394592,0.0,0.0,0.0,0.0,0.0,0.0,65.56103218198938,65.56103218198938,55.09330435461292,0.0,0.0,0.0,67.18611837476206,677.3598748080666,603.8738873272603,idle,5.943407729393187,2026-08-06
2026-08-06 18:55:00,VIC1,138.42709,0.13842709,0.0,69.0,0.0,5.75,0.0,6.061032181989394,65.56103218198938,59.499999999999986,49.999999999999986,0.0,0.7959557675,0.7959557675,67.98207414226206,677.3598748080666,609.6238873272603,discharge,5.999999999999997,2026-08-06
2026-08-06 19:00:00,VIC1,113.77268,0.11377268,0.0,0.0,0.0,0.0,0.0,0.0,59.499999999999986,59.499999999999986,49.999999999999986,0.0,0.0,0.0,67.98207414226206,677.3598748080666,609.6238873272603,idle,5.999999999999997,2026-08-06
2026-08-06 19:05:00,VIC1,113.09272,0.11309272000000001,0.0,0.0,0.0,0.0,0.0,0.0,59.499999999999986,59.499999999999986,49.999999999999986,0.0,0.0,0.0,67.98207414226206,677.3598748080666,609.6238873272603,idle,5.999999999999997,2026-08-06
2026-08-06 19:10:00,VIC1,115.0,0.115,0.0,0.0,0.0,0.0,0.0,0.0,59.499999999999986,59.499999999999986,49.999999999999986,0.0,0.0,0.0,67.98207414226206,677.3598748080666,609.6238873272603,idle,5.999999999999997,2026-08-06
2026-08-06 19:15:00,VIC1,111.98,0.11198000000000001,0.0,0.0,0.0,0.0,0.0,0.0,59.499999999999986,59.499999999999986,49.999999999999986,0.0,0.0,0.0,67.98207414226206,677.3598748080666,609.6238873272603,idle,5.999999999999997,2026-08-06
2026-08-06 19:20:00,VIC1,108.4322,0.10843219999999999,0.0,0.0,0.0,0.0,0.0,0.0,59.499999999999986,59.499999999999986,49.999999999999986,0.0,0.0,0.0,67.98207414226206,677.3598748080666,609.6238873272603,idle,5.999999999999997,2026-08-06
2026-08-06 19:25:00,VIC1,112.59463,0.11259463,0.0,0.0,0.0,0.0,0.0,0.0,59.499999999999986,59.499999999999986,49.999999999999986,0.0,0.0,0.0,67.98207414226206,677.3598748080666,609.6238873272603,idle,5.999999999999997,2026-08-06
2026-08-06 19:30:00,VIC1,110.94778,0.11094778,0.0,0.0,0.0,0.0,0.0,0.0,59.499999999999986,59.499999999999986,49.999999999999986,0.0,0.0,0.0,67.98207414226206,677.3598748080666,609.6238873272603,idle,5.999999999999997,2026-08-06
2026-08-06 19:35:00,VIC1,113.49292,0.11349292,0.0,0.0,0.0,0.0,0.0,0.0,59.499999999999986,59.499999999999986,49.999999999999986,0.0,0.0,0.0,67.98207414226206,677.3598748080666,609.6238873272603,idle,5.999999999999997,2026-08-06
2026-08-06 19:40:00,VIC1,112.31049,0.11231049,0.0,0.0,0.0,0.0,0.0,0.0,59.499999999999986,59.499999999999986,49.999999999999986,0.0,0.0,0.0,67.98207414226206,677.3598748080666,609.6238873272603,idle,5.999999999999997,2026-08-06
2026-08-06 19:45:00,VIC1,113.27917,0.11327917,0.0,0.0,0.0,0.0,0.0,0.0,59.499999999999986,59.499999999999986,49.999999999999986,0.0,0.0,0.0,67.98207414226206,677.3598748080666,609.6238873272603,idle,5.999999999999997,2026-08-06
2026-08-06 19:50:00,VIC1,115.0,0.115,0.0,0.0,0.0,0.0,0.0,0.0,59.499999999999986,59.499999999999986,49.999999999999986,0.0,0.0,0.0,67.98207414226206,677.3598748080666,609.6238873272603,idle,5.999999999999997,2026-08-06
2026-08-06 19:55:00,VIC1,121.38695,0.12138695000000001,0.0,0.0,0.0,0.0,0.0,0.0,59.499999999999986,59.499999999999986,49.999999999999986,0.0,0.0,0.0,67.98207414226206,677.3598748080666,609.6238873272603,idle,5.999999999999997,2026-08-06
2026-08-06 20:00:00,VIC1,121.23643,0.12123643,0.0,0.0,0.0,0.0,0.0,0.0,59.499999999999986,59.499999999999986,49.999999999999986,0.0,0.0,0.0,67.98207414226206,677.3598748080666,609.6238873272603,idle,5.999999999999997,2026-08-06
2026-08-06 20:05:00,VIC1,120.18041,0.12018041,0.0,0.0,0.0,0.0,0.0,0.0,59.499999999999986,59.499999999999986,49.999999999999986,0.0,0.0,0.0,67.98207414226206,677.3598748080666,609.6238873272603,idle,5.999999999999997,2026-08-06
2026-08-06 20:10:00,VIC1,111.98,0.11198000000000001,0.0,0.0,0.0,0.0,0.0,0.0,59.499999999999986,59.499999999999986,49.999999999999986,0.0,0.0,0.0,67.98207414226206,677.3598748080666,609.6238873272603,idle,5.999999999999997,2026-08-06
2026-08-06 20:15:00,VIC1,121.00135,0.12100135000000001,0.0,0.0,0.0,0.0,0.0,0.0,59.499999999999986,59.499999999999986,49.999999999999986,0.0,0.0,0.0,67.98207414226206,677.3598748080666,609.6238873272603,idle,5.999999999999997,2026-08-06
2026-08-06 20:20:00,VIC1,123.00617,0.12300617,0.0,0.0,0.0,0.0,0.0,0.0,59.499999999999986,59.499999999999986,49.999999999999986,0.0,0.0,0.0,67.98207414226206,677.3598748080666,609.6238873272603,idle,5.999999999999997,2026-08-06
2026-08-06 20:25:00,VIC1,123.96393,0.12396393000000001,0.0,0.0,0.0,0.0,0.0,0.0,59.499999999999986,59.499999999999986,49.999999999999986,0.0,0.0,0.0,67.98207414226206,677.3598748080666,609.6238873272603,idle,5.999999999999997,2026-08-06
2026-08-06 20:30:00,VIC1,123.87301,0.12387300999999999,0.0,0.0,0.0,0.0,0.0,0.0,59.499999999999986,59.499999999999986,49.999999999999986,0.0,0.0,0.0,67.98207414226206,677.3598748080666,609.6238873272603,idle,5.999999999999997,2026-08-06
2026-08-06 20:35:00,VIC1,125.73155,0.12573155,0.0,0.0,0.0,0.0,0.0,0.0,59.499999999999986,59.499999999999986,49.999999999999986,0.0,0.0,0.0,67.98207414226206,677.3598748080666,609.6238873272603,idle,5.999999999999997,2026-08-06
2026-08-06 20:40:00,VIC1,127.48,0.12748,0.0,0.0,0.0,0.0,0.0,0.0,59.499999999999986,59.499999999999986,49.999999999999986,0.0,0.0,0.0,67.98207414226206,677.3598748080666,609.6238873272603,idle,5.999999999999997,2026-08-06
2026-08-06 20:45:00,VIC1,109.73119,0.10973119,0.0,0.0,0.0,0.0,0.0,0.0,59.499999999999986,59.499999999999986,49.999999999999986,0.0,0.0,0.0,67.98207414226206,677.3598748080666,609.6238873272603,idle,5.999999999999997,2026-08-06
2026-08-06 20:50:00,VIC1,121.80007,0.12180007000000001,0.0,0.0,0.0,0.0,0.0,0.0,59.499999999999986,59.499999999999986,49.999999999999986,0.0,0.0,0.0,67.98207414226206,677.3598748080666,609.6238873272603,idle,5.999999999999997,2026-08-06
2026-08-06 20:55:00,VIC1,122.66258,0.12266258000000001,0.0,0.0,0.0,0.0,0.0,0.0,59.499999999999986,59.499999999999986,49.999999999999986,0.0,0.0,0.0,67.98207414226206,677.3598748080666,609.6238873272603,idle,5.999999999999997,2026-08-06
2026-08-06 21:00:00,VIC1,123.52905,0.12352905,0.0,0.0,0.0,0.0,0.0,0.0,59.499999999999986,59.499999999999986,49.999999999999986,0.0,0.0,0.0,67.98207414226206,677.3598748080666,609.6238873272603,idle,5.999999999999997,2026-08-06
2026-08-06 21:05:00,VIC1,122.55548,0.12255548000000001,0.0,0.0,0.0,0.0,0.0,0.0,59.499999999999986,59.499999999999986,49.999999999999986,0.0,0.0,0.0,67.98207414226206,677.3598748080666,609.6238873272603,idle,5.999999999999997,2026-08-06
2026-08-06 21:10:00,VIC1,125.40674,0.12540674,0.0,0.0,0.0,0.0,0.0,0.0,59.499999999999986,59.499999999999986,49.999999999999986,0.0,0.0,0.0,67.98207414226206,677.3598748080666,609.6238873272603,idle,5.999999999999997,2026-08-06
2026-08-06 21:15:00,VIC1,122.75516,0.12275516,0.0,0.0,0.0,0.0,0.0,0.0,59.499999999999986,59.499999999999986,49.999999999999986,0.0,0.0,0.0,67.98207414226206,677.3598748080666,609.6238873272603,idle,5.999999999999997,2026-08-06
2026-08-06 21:20:00,VIC1,121.96912,0.12196912,0.0,0.0,0.0,0.0,0.0,0.0,59.499999999999986,59.499999999999986,49.999999999999986,0.0,0.0,0.0,67.98207414226206,677.3598748080666,609.6238873272603,idle,5.999999999999997,2026-08-06
2026-08-06 21:25:00,VIC1,123.39688,0.12339688,0.0,0.0,0.0,0.0,0.0,0.0,59.499999999999986,59.499999999999986,49.999999999999986,0.0,0.0,0.0,67.98207414226206,677.3598748080666,609.6238873272603,idle,5.999999999999997,2026-08-06
2026-08-06 21:30:00,VIC1,127.48,0.12748,0.0,0.0,0.0,0.0,0.0,0.0,59.499999999999986,59.499999999999986,49.999999999999986,0.0,0.0,0.0,67.98207414226206,677.3598748080666,609.6238873272603,idle,5.999999999999997,2026-08-06
2026-08-06 21:35:00,VIC1,124.12675,0.12412675000000001,0.0,0.0,0.0,0.0,0.0,0.0,59.499999999999986,59.499999999999986,49.999999999999986,0.0,0.0,0.0,67.98207414226206,677.3598748080666,609.6238873272603,idle,5.999999999999997,2026-08-06
2026-08-06 21:40:00,VIC1,121.28014,0.12128014000000001,0.0,0.0,0.0,0.0,0.0,0.0,59.499999999999986,59.499999999999986,49.999999999999986,0.0,0.0,0.0,67.98207414226206,677.3598748080666,609.6238873272603,idle,5.999999999999997,2026-08-06
2026-08-06 21:45:00,VIC1,125.93767,0.12593767,0.0,0.0,0.0,0.0,0.0,0.0,59.499999999999986,59.499999999999986,49.999999999999986,0.0,0.0,0.0,67.98207414226206,677.3598748080666,609.6238873272603,idle,5.999999999999997,2026-08-06
2026-08-06 21:50:00,VIC1,124.87756,0.12487756,0.0,0.0,0.0,0.0,0.0,0.0,59.499999999999986,59.499999999999986,49.999999999999986,0.0,0.0,0.0,67.98207414226206,677.3598748080666,609.6238873272603,idle,5.999999999999997,2026-08-06
2026-08-06 21:55:00,VIC1,124.90462,0.12490462,0.0,0.0,0.0,0.0,0.0,0.0,59.499999999999986,59.499999999999986,49.999999999999986,0.0,0.0,0.0,67.98207414226206,677.3598748080666,609.6238873272603,idle,5.999999999999997,2026-08-06
2026-08-06 22:00:00,VIC1,111.98,0.11198000000000001,0.0,0.0,0.0,0.0,0.0,0.0,59.499999999999986,59.499999999999986,49.999999999999986,0.0,0.0,0.0,67.98207414226206,677.3598748080666,609.6238873272603,idle,5.999999999999997,2026-08-06
2026-08-06 22:05:00,VIC1,125.72074,0.12572074,0.0,0.0,0.0,0.0,0.0,0.0,59.499999999999986,59.499999999999986,49.999999999999986,0.0,0.0,0.0,67.98207414226206,677.3598748080666,609.6238873272603,idle,5.999999999999997,2026-08-06
2026-08-06 22:10:00,VIC1,127.97263,0.12797263,0.0,0.0,0.0,0.0,0.0,0.0,59.499999999999986,59.499999999999986,49.999999999999986,0.0,0.0,0.0,67.98207414226206,677.3598748080666,609.6238873272603,idle,5.999999999999997,2026-08-06
2026-08-06 22:15:00,VIC1,120.65561,0.12065561,0.0,0.0,0.0,0.0,0.0,0.0,59.499999999999986,59.499999999999986,49.999999999999986,0.0,0.0,0.0,67.98207414226206,677.3598748080666,609.6238873272603,idle,5.999999999999997,2026-08-06
2026-08-06 22:20:00,VIC1,120.52138,0.12052138,0.0,0.0,0.0,0.0,0.0,0.0,59.499999999999986,59.499999999999986,49.999999999999986,0.0,0.0,0.0,67.98207414226206,677.3598748080666,609.6238873272603,idle,5.999999999999997,2026-08-06
2026-08-06 22:25:00,VIC1,122.26741,0.12226741,0.0,0.0,0.0,0.0,0.0,0.0,59.499999999999986,59.499999999999986,49.999999999999986,0.0,0.0,0.0,67.98207414226206,677.3598748080666,609.6238873272603,idle,5.999999999999997,2026-08-06
2026-08-06 22:30:00,VIC1,121.36774,0.12136774,0.0,0.0,0.0,0.0,0.0,0.0,59.499999999999986,59.499999999999986,49.999999999999986,0.0,0.0,0.0,67.98207414226206,677.3598748080666,609.6238873272603,idle,5.999999999999997,2026-08-06
2026-08-06 22:35:00,VIC1,124.19851,0.12419851,0.0,0.0,0.0,0.0,0.0,0.0,59.499999999999986,59.499999999999986,49.999999999999986,0.0,0.0,0.0,67.98207414226206,677.3598748080666,609.6238873272603,idle,5.999999999999997,2026-08-06
2026-08-06 22:40:00,VIC1,123.11821,0.12311821,0.0,0.0,0.0,0.0,0.0,0.0,59.499999999999986,59.499999999999986,49.999999999999986,0.0,0.0,0.0,67.98207414226206,677.3598748080666,609.6238873272603,idle,5.999999999999997,2026-08-06
2026-08-06 22:45:00,VIC1,121.03633,0.12103633000000001,0.0,0.0,0.0,0.0,0.0,0.0,59.499999999999986,59.499999999999986,49.999999999999986,0.0,0.0,0.0,67.98207414226206,677.3598748080666,609.6238873272603,idle,5.999999999999997,2026-08-06
2026-08-06 22:50:00,VIC1,120.09292,0.12009292,0.0,0.0,0.0,0.0,0.0,0.0,59.499999999999986,59.499999999999986,49.999999999999986,0.0,0.0,0.0,67.98207414226206,677.3598748080666,609.6238873272603,idle,5.999999999999997,2026-08-06
2026-08-06 22:55:00,VIC1,113.60722,0.11360722,0.0,0.0,0.0,0.0,0.0,0.0,59.499999999999986,59.499999999999986,49.999999999999986,0.0,0.0,0.0,67.98207414226206,677.3598748080666,609.6238873272603,idle,5.999999999999997,2026-08-06
2026-08-06 23:00:00,VIC1,105.24285,0.10524285000000001,0.0,0.0,0.0,0.0,0.0,0.0,59.499999999999986,59.499999999999986,49.999999999999986,0.0,0.0,0.0,67.98207414226206,677.3598748080666,609.6238873272603,idle,5.999999999999997,2026-08-06
2026-08-06 23:05:00,VIC1,100.31258,0.10031258,0.0,0.0,0.0,0.0,0.0,0.0,59.499999999999986,59.499999999999986,49.999999999999986,0.0,0.0,0.0,67.98207414226206,677.3598748080666,609.6238873272603,idle,5.999999999999997,2026-08-06
2026-08-06 23:10:00,VIC1,117.88616,0.11788616,0.0,0.0,0.0,0.0,0.0,0.0,59.499999999999986,59.499999999999986,49.999999999999986,0.0,0.0,0.0,67.98207414226206,677.3598748080666,609.6238873272603,idle,5.999999999999997,2026-08-06
2026-08-06 23:15:00,VIC1,111.98,0.11198000000000001,0.0,0.0,0.0,0.0,0.0,0.0,59.499999999999986,59.499999999999986,49.999999999999986,0.0,0.0,0.0,67.98207414226206,677.3598748080666,609.6238873272603,idle,5.999999999999997,2026-08-06
2026-08-06 23:20:00,VIC1,103.02461,0.10302461,0.0,0.0,0.0,0.0,0.0,0.0,59.499999999999986,59.499999999999986,49.999999999999986,0.0,0.0,0.0,67.98207414226206,677.3598748080666,609.6238873272603,idle,5.999999999999997,2026-08-06
2026-08-06 23:25:00,VIC1,102.2366,0.1022366,0.0,0.0,0.0,0.0,0.0,0.0,59.499999999999986,59.499999999999986,49.999999999999986,0.0,0.0,0.0,67.98207414226206,677.3598748080666,609.6238873272603,idle,5.999999999999997,2026-08-06
2026-08-06 23:30:00,VIC1,107.04658,0.10704658,0.0,0.0,0.0,0.0,0.0,0.0,59.499999999999986,59.499999999999986,49.999999999999986,0.0,0.0,0.0,67.98207414226206,677.3598748080666,609.6238873272603,idle,5.999999999999997,2026-08-06
2026-08-06 23:35:00,VIC1,101.9666,0.1019666,0.0,0.0,0.0,0.0,0.0,0.0,59.499999999999986,59.499999999999986,49.999999999999986,0.0,0.0,0.0,67.98207414226206,677.3598748080666,609.6238873272603,idle,5.999999999999997,2026-08-06
2026-08-06 23:40:00,VIC1,129.69602,0.12969602,0.0,0.0,0.0,0.0,0.0,0.0,59.499999999999986,59.499999999999986,49.999999999999986,0.0,0.0,0.0,67.98207414226206,677.3598748080666,609.6238873272603,idle,5.999999999999997,2026-08-06
2026-08-06 23:45:00,VIC1,100.08309,0.10008309,0.0,0.0,0.0,0.0,0.0,0.0,59.499999999999986,59.499999999999986,49.999999999999986,0.0,0.0,0.0,67.98207414226206,677.3598748080666,609.6238873272603,idle,5.999999999999997,2026-08-06
2026-08-06 23:50:00,VIC1,103.35238,0.10335238,0.0,0.0,0.0,0.0,0.0,0.0,59.499999999999986,59.499999999999986,49.999999999999986,0.0,0.0,0.0,67.98207414226206,677.3598748080666,609.6238873272603,idle,5.999999999999997,2026-08-06
2026-08-06 23:55:00,VIC1,103.21532,0.10321532000000001,0.0,0.0,0.0,0.0,0.0,0.0,59.499999999999986,59.499999999999986,49.999999999999986,0.0,0.0,0.0,67.98207414226206,677.3598748080666,609.6238873272603,idle,5.999999999999997,2026-08-06
2026-08-07 00:00:00,VIC1,103.23836,0.10323836,0.0,0.0,0.0,0.0,0.0,0.0,59.499999999999986,59.499999999999986,49.999999999999986,0.0,0.0,0.0,67.98207414226206,677.3598748080666,609.6238873272603,idle,5.999999999999997,2026-08-06
2026-08-07 00:05:00,VIC1,99.21,0.09920999999999999,0.0,0.0,0.0,0.0,0.0,0.0,59.499999999999986,59.499999999999986,49.999999999999986,0.0,0.0,0.0,67.98207414226206,677.3598748080666,609.6238873272603,idle,5.999999999999997,2026-08-07
2026-08-07 00:10:00,VIC1,105.56,0.10556,0.0,0.0,0.0,0.0,0.0,0.0,59.499999999999986,59.499999999999986,49.999999999999986,0.0,0.0,0.0,67.98207414226206,677.3598748080666,609.6238873272603,idle,5.999999999999997,2026-08-07
2026-08-07 00:15:00,VIC1,99.21,0.09920999999999999,0.0,0.0,0.0,0.0,0.0,0.0,59.499999999999986,59.499999999999986,49.999999999999986,0.0,0.0,0.0,67.98207414226206,677.3598748080666,609.6238873272603,idle,5.999999999999997,2026-08-07
2026-08-07 00:20:00,VIC1,105.56,0.10556,0.0,0.0,0.0,0.0,0.0,0.0,59.499999999999986,59.499999999999986,49.999999999999986,0.0,0.0,0.0,67.98207414226206,677.3598748080666,609.6238873272603,idle,5.999999999999997,2026-08-07
2026-08-07 00:25:00,VIC1,115.0,0.115,0.0,0.0,0.0,0.0,0.0,0.0,59.499999999999986,59.499999999999986,49.999999999999986,0.0,0.0,0.0,67.98207414226206,677.3598748080666,609.6238873272603,idle,5.999999999999997,2026-08-07
2026-08-07 00:30:00,VIC1,99.21,0.09920999999999999,0.0,0.0,0.0,0.0,0.0,0.0,59.499999999999986,59.499999999999986,49.999999999999986,0.0,0.0,0.0,67.98207414226206,677.3598748080666,609.6238873272603,idle,5.999999999999997,2026-08-07
2026-08-07 00:35:00,VIC1,99.21,0.09920999999999999,0.0,0.0,0.0,0.0,0.0,0.0,59.499999999999986,59.499999999999986,49.999999999999986,0.0,0.0,0.0,67.98207414226206,677.3598748080666,609.6238873272603,idle,5.999999999999997,2026-08-07
2026-08-07 00:40:00,VIC1,105.56,0.10556,0.0,0.0,0.0,0.0,0.0,0.0,59.499999999999986,59.499999999999986,49.999999999999986,0.0,0.0,0.0,67.98207414226206,677.3598748080666,609.6238873272603,idle,5.999999999999997,2026-08-07
2026-08-07 00:45:00,VIC1,99.21,0.09920999999999999,0.0,0.0,0.0,0.0,0.0,0.0,59.499999999999986,59.499999999999986,49.999999999999986,0.0,0.0,0.0,67.98207414226206,677.3598748080666,609.6238873272603,idle,5.999999999999997,2026-08-07
2026-08-07 00:50:00,VIC1,105.56,0.10556,0.0,0.0,0.0,0.0,0.0,0.0,59.499999999999986,59.499999999999986,49.999999999999986,0.0,0.0,0.0,67.98207414226206,677.3598748080666,609.6238873272603,idle,5.999999999999997,2026-08-07
2026-08-07 00:55:00,VIC1,110.7004,0.1107004,0.0,0.0,0.0,0.0,0.0,0.0,59.499999999999986,59.499999999999986,49.999999999999986,0.0,0.0,0.0,67.98207414226206,677.3598748080666,609.6238873272603,idle,5.999999999999997,2026-08-07
2026-08-07 01:00:00,VIC1,99.21,0.09920999999999999,0.0,0.0,0.0,0.0,0.0,0.0,59.499999999999986,59.499999999999986,49.999999999999986,0.0,0.0,0.0,67.98207414226206,677.3598748080666,609.6238873272603,idle,5.999999999999997,2026-08-07
2026-08-07 01:05:00,VIC1,109.0,0.109,0.0,0.0,0.0,0.0,0.0,0.0,59.499999999999986,59.499999999999986,49.999999999999986,0.0,0.0,0.0,67.98207414226206,677.3598748080666,609.6238873272603,idle,5.999999999999997,2026-08-07
2026-08-07 01:10:00,VIC1,109.0,0.109,0.0,0.0,0.0,0.0,0.0,0.0,59.499999999999986,59.499999999999986,49.999999999999986,0.0,0.0,0.0,67.98207414226206,677.3598748080666,609.6238873272603,idle,5.999999999999997,2026-08-07
2026-08-07 01:15:00,VIC1,108.45641,0.10845641,0.0,0.0,0.0,0.0,0.0,0.0,59.499999999999986,59.499999999999986,49.999999999999986,0.0,0.0,0.0,67.98207414226206,677.3598748080666,609.6238873272603,idle,5.999999999999997,2026-08-07
2026-08-07 01:20:00,VIC1,109.0,0.109,0.0,0.0,0.0,0.0,0.0,0.0,59.499999999999986,59.499999999999986,49.999999999999986,0.0,0.0,0.0,67.98207414226206,677.3598748080666,609.6238873272603,idle,5.999999999999997,2026-08-07
2026-08-07 01:25:00,VIC1,109.0,0.109,0.0,0.0,0.0,0.0,0.0,0.0,59.499999999999986,59.499999999999986,49.999999999999986,0.0,0.0,0.0,67.98207414226206,677.3598748080666,609.6238873272603,idle,5.999999999999997,2026-08-07
2026-08-07 01:30:00,VIC1,99.21,0.09920999999999999,0.0,0.0,0.0,0.0,0.0,0.0,59.499999999999986,59.499999999999986,49.999999999999986,0.0,0.0,0.0,67.98207414226206,677.3598748080666,609.6238873272603,idle,5.999999999999997,2026-08-07
2026-08-07 01:35:00,VIC1,106.57244,0.10657244,0.0,0.0,0.0,0.0,0.0,0.0,59.499999999999986,59.499999999999986,49.999999999999986,0.0,0.0,0.0,67.98207414226206,677.3598748080666,609.6238873272603,idle,5.999999999999997,2026-08-07
2026-08-07 01:40:00,VIC1,105.56,0.10556,0.0,0.0,0.0,0.0,0.0,0.0,59.499999999999986,59.499999999999986,49.999999999999986,0.0,0.0,0.0,67.98207414226206,677.3598748080666,609.6238873272603,idle,5.999999999999997,2026-08-07
2026-08-07 01:45:00,VIC1,105.56,0.10556,0.0,0.0,0.0,0.0,0.0,0.0,59.499999999999986,59.499999999999986,49.999999999999986,0.0,0.0,0.0,67.98207414226206,677.3598748080666,609.6238873272603,idle,5.999999999999997,2026-08-07
2026-08-07 01:50:00,VIC1,102.9445,0.10294450000000001,0.0,0.0,0.0,0.0,0.0,0.0,59.499999999999986,59.499999999999986,49.999999999999986,0.0,0.0,0.0,67.98207414226206,677.3598748080666,609.6238873272603,idle,5.999999999999997,2026-08-07
2026-08-07 01:55:00,VIC1,104.95776,0.10495776,0.0,0.0,0.0,0.0,0.0,0.0,59.499999999999986,59.499999999999986,49.999999999999986,0.0,0.0,0.0,67.98207414226206,677.3598748080666,609.6238873272603,idle,5.999999999999997,2026-08-07
2026-08-07 02:00:00,VIC1,99.21,0.09920999999999999,0.0,0.0,0.0,0.0,0.0,0.0,59.499999999999986,59.499999999999986,49.999999999999986,0.0,0.0,0.0,67.98207414226206,677.3598748080666,609.6238873272603,idle,5.999999999999997,2026-08-07
2026-08-07 02:05:00,VIC1,102.6611,0.1026611,0.0,0.0,0.0,0.0,0.0,0.0,59.499999999999986,59.499999999999986,49.999999999999986,0.0,0.0,0.0,67.98207414226206,677.3598748080666,609.6238873272603,idle,5.999999999999997,2026-08-07
2026-08-07 02:10:00,VIC1,108.19541,0.10819540999999999,0.0,0.0,0.0,0.0,0.0,0.0,59.499999999999986,59.499999999999986,49.999999999999986,0.0,0.0,0.0,67.98207414226206,677.3598748080666,609.6238873272603,idle,5.999999999999997,2026-08-07
2026-08-07 02:15:00,VIC1,105.56,0.10556,0.0,0.0,0.0,0.0,0.0,0.0,59.499999999999986,59.499999999999986,49.999999999999986,0.0,0.0,0.0,67.98207414226206,677.3598748080666,609.6238873272603,idle,5.999999999999997,2026-08-07
2026-08-07 02:20:00,VIC1,108.92754,0.10892753999999999,0.0,0.0,0.0,0.0,0.0,0.0,59.499999999999986,59.499999999999986,49.999999999999986,0.0,0.0,0.0,67.98207414226206,677.3598748080666,609.6238873272603,idle,5.999999999999997,2026-08-07
2026-08-07 02:25:00,VIC1,99.21,0.09920999999999999,0.0,0.0,0.0,0.0,0.0,0.0,59.499999999999986,59.499999999999986,49.999999999999986,0.0,0.0,0.0,67.98207414226206,677.3598748080666,609.6238873272603,idle,5.999999999999997,2026-08-07
2026-08-07 02:30:00,VIC1,105.56,0.10556,0.0,0.0,0.0,0.0,0.0,0.0,59.499999999999986,59.499999999999986,49.999999999999986,0.0,0.0,0.0,67.98207414226206,677.3598748080666,609.6238873272603,idle,5.999999999999997,2026-08-07
2026-08-07 02:35:00,VIC1,109.0,0.109,0.0,0.0,0.0,0.0,0.0,0.0,59.499999999999986,59.499999999999986,49.999999999999986,0.0,0.0,0.0,67.98207414226206,677.3598748080666,609.6238873272603,idle,5.999999999999997,2026-08-07
2026-08-07 02:40:00,VIC1,109.0,0.109,0.0,0.0,0.0,0.0,0.0,0.0,59.499999999999986,59.499999999999986,49.999999999999986,0.0,0.0,0.0,67.98207414226206,677.3598748080666,609.6238873272603,idle,5.999999999999997,2026-08-07
2026-08-07 02:45:00,VIC1,105.56,0.10556,0.0,0.0,0.0,0.0,0.0,0.0,59.499999999999986,59.499999999999986,49.999999999999986,0.0,0.0,0.0,67.98207414226206,677.3598748080666,609.6238873272603,idle,5.999999999999997,2026-08-07
2026-08-07 02:50:00,VIC1,99.21,0.09920999999999999,0.0,0.0,0.0,0.0,0.0,0.0,59.499999999999986,59.499999999999986,49.999999999999986,0.0,0.0,0.0,67.98207414226206,677.3598748080666,609.6238873272603,idle,5.999999999999997,2026-08-07
2026-08-07 02:55:00,VIC1,99.0,0.099,0.0,0.0,0.0,0.0,0.0,0.0,59.499999999999986,59.499999999999986,49.999999999999986,0.0,0.0,0.0,67.98207414226206,677.3598748080666,609.6238873272603,idle,5.999999999999997,2026-08-07
2026-08-07 03:00:00,VIC1,105.18356,0.10518356,0.0,0.0,0.0,0.0,0.0,0.0,59.499999999999986,59.499999999999986,49.999999999999986,0.0,0.0,0.0,67.98207414226206,677.3598748080666,609.6238873272603,idle,5.999999999999997,2026-08-07
2026-08-07 03:05:00,VIC1,105.03724,0.10503724,0.0,0.0,0.0,0.0,0.0,0.0,59.499999999999986,59.499999999999986,49.999999999999986,0.0,0.0,0.0,67.98207414226206,677.3598748080666,609.6238873272603,idle,5.999999999999997,2026-08-07
2026-08-07 03:10:00,VIC1,107.85067,0.10785067,0.0,0.0,0.0,0.0,0.0,0.0,59.499999999999986,59.499999999999986,49.999999999999986,0.0,0.0,0.0,67.98207414226206,677.3598748080666,609.6238873272603,idle,5.999999999999997,2026-08-07
2026-08-07 03:15:00,VIC1,109.60095,0.10960095,0.0,0.0,0.0,0.0,0.0,0.0,59.499999999999986,59.499999999999986,49.999999999999986,0.0,0.0,0.0,67.98207414226206,677.3598748080666,609.6238873272603,idle,5.999999999999997,2026-08-07
2026-08-07 03:20:00,VIC1,109.0,0.109,0.0,0.0,0.0,0.0,0.0,0.0,59.499999999999986,59.499999999999986,49.999999999999986,0.0,0.0,0.0,67.98207414226206,677.3598748080666,609.6238873272603,idle,5.999999999999997,2026-08-07
2026-08-07 03:25:00,VIC1,109.0,0.109,0.0,0.0,0.0,0.0,0.0,0.0,59.499999999999986,59.499999999999986,49.999999999999986,0.0,0.0,0.0,67.98207414226206,677.3598748080666,609.6238873272603,idle,5.999999999999997,2026-08-07
2026-08-07 03:30:00,VIC1,109.0,0.109,0.0,0.0,0.0,0.0,0.0,0.0,59.499999999999986,59.499999999999986,49.999999999999986,0.0,0.0,0.0,67.98207414226206,677.3598748080666,609.6238873272603,idle,5.999999999999997,2026-08-07
2026-08-07 03:35:00,VIC1,109.0,0.109,0.0,0.0,0.0,0.0,0.0,0.0,59.499999999999986,59.499999999999986,49.999999999999986,0.0,0.0,0.0,67.98207414226206,677.3598748080666,609.6238873272603,idle,5.999999999999997,2026-08-07
2026-08-07 03:40:00,VIC1,107.02066,0.10702066,0.0,0.0,0.0,0.0,0.0,0.0,59.499999999999986,59.499999999999986,49.999999999999986,0.0,0.0,0.0,67.98207414226206,677.3598748080666,609.6238873272603,idle,5.999999999999997,2026-08-07
2026-08-07 03:45:00,VIC1,105.56,0.10556,0.0,0.0,0.0,0.0,0.0,0.0,59.499999999999986,59.499999999999986,49.999999999999986,0.0,0.0,0.0,67.98207414226206,677.3598748080666,609.6238873272603,idle,5.999999999999997,2026-08-07
2026-08-07 03:50:00,VIC1,109.0,0.109,0.0,0.0,0.0,0.0,0.0,0.0,59.499999999999986,59.499999999999986,49.999999999999986,0.0,0.0,0.0,67.98207414226206,677.3598748080666,609.6238873272603,idle,5.999999999999997,2026-08-07
2026-08-07 03:55:00,VIC1,111.42,0.11142,0.0,0.0,0.0,0.0,0.0,0.0,59.499999999999986,59.499999999999986,49.999999999999986,0.0,0.0,0.0,67.98207414226206,677.3598748080666,609.6238873272603,idle,5.999999999999997,2026-08-07
2026-08-07 04:00:00,VIC1,109.0,0.109,0.0,0.0,0.0,0.0,0.0,0.0,59.499999999999986,59.499999999999986,49.999999999999986,0.0,0.0,0.0,67.98207414226206,677.3598748080666,609.6238873272603,idle,5.999999999999997,2026-08-07
2026-08-07 04:05:00,VIC1,149.41,0.14941,0.0,69.0,0.0,5.75,0.0,6.061032181989394,59.499999999999986,53.43896781801059,44.90669564538705,0.0,0.8591074999999999,0.8591074999999999,68.84118164226206,677.3598748080666,615.3738873272603,discharge,6.056592270606807,2026-08-07
2026-08-07 04:10:00,VIC1,110.75418,0.11075418000000001,0.0,0.0,0.0,0.0,0.0,0.0,53.43896781801059,53.43896781801059,44.90669564538705,0.0,0.0,0.0,68.84118164226206,677.3598748080666,615.3738873272603,idle,6.056592270606807,2026-08-07
2026-08-07 04:15:00,VIC1,151.95,0.15195,0.0,69.0,0.0,5.75,0.0,6.061032181989394,53.43896781801059,47.37793563602119,39.813391290774106,0.0,0.8737125,0.8737125,69.71489414226205,677.3598748080666,621.1238873272603,discharge,6.113184541213618,2026-08-07
2026-08-07 04:20:00,VIC1,109.0,0.109,0.0,0.0,0.0,0.0,0.0,0.0,47.37793563602119,47.37793563602119,39.813391290774106,0.0,0.0,0.0,69.71489414226205,677.3598748080666,621.1238873272603,idle,6.113184541213618,2026-08-07
2026-08-07 04:25:00,VIC1,132.25436,0.13225436,0.0,0.0,0.0,0.0,0.0,0.0,47.37793563602119,47.37793563602119,39.813391290774106,0.0,0.0,0.0,69.71489414226205,677.3598748080666,621.1238873272603,idle,6.113184541213618,2026-08-07
2026-08-07 04:30:00,VIC1,108.69692,0.10869692,0.0,0.0,0.0,0.0,0.0,0.0,47.37793563602119,47.37793563602119,39.813391290774106,0.0,0.0,0.0,69.71489414226205,677.3598748080666,621.1238873272603,idle,6.113184541213618,2026-08-07
2026-08-07 04:35:00,VIC1,111.8491,0.1118491,0.0,0.0,0.0,0.0,0.0,0.0,47.37793563602119,47.37793563602119,39.813391290774106,0.0,0.0,0.0,69.71489414226205,677.3598748080666,621.1238873272603,idle,6.113184541213618,2026-08-07
2026-08-07 04:40:00,VIC1,109.0,0.109,0.0,0.0,0.0,0.0,0.0,0.0,47.37793563602119,47.37793563602119,39.813391290774106,0.0,0.0,0.0,69.71489414226205,677.3598748080666,621.1238873272603,idle,6.113184541213618,2026-08-07
2026-08-07 04:45:00,VIC1,132.2322,0.13223220000000002,0.0,0.0,0.0,0.0,0.0,0.0,47.37793563602119,47.37793563602119,39.813391290774106,0.0,0.0,0.0,69.71489414226205,677.3598748080666,621.1238873272603,idle,6.113184541213618,2026-08-07
2026-08-07 04:50:00,VIC1,112.02481,0.11202481,0.0,0.0,0.0,0.0,0.0,0.0,47.37793563602119,47.37793563602119,39.813391290774106,0.0,0.0,0.0,69.71489414226205,677.3598748080666,621.1238873272603,idle,6.113184541213618,2026-08-07
2026-08-07 04:55:00,VIC1,109.0,0.109,0.0,0.0,0.0,0.0,0.0,0.0,47.37793563602119,47.37793563602119,39.813391290774106,0.0,0.0,0.0,69.71489414226205,677.3598748080666,621.1238873272603,idle,6.113184541213618,2026-08-07
2026-08-07 05:00:00,VIC1,107.83427,0.10783427000000001,0.0,0.0,0.0,0.0,0.0,0.0,47.37793563602119,47.37793563602119,39.813391290774106,0.0,0.0,0.0,69.71489414226205,677.3598748080666,621.1238873272603,idle,6.113184541213618,2026-08-07
2026-08-07 05:05:00,VIC1,109.0,0.109,0.0,0.0,0.0,0.0,0.0,0.0,47.37793563602119,47.37793563602119,39.813391290774106,0.0,0.0,0.0,69.71489414226205,677.3598748080666,621.1238873272603,idle,6.113184541213618,2026-08-07
2026-08-07 05:10:00,VIC1,109.0,0.109,0.0,0.0,0.0,0.0,0.0,0.0,47.37793563602119,47.37793563602119,39.813391290774106,0.0,0.0,0.0,69.71489414226205,677.3598748080666,621.1238873272603,idle,6.113184541213618,2026-08-07
2026-08-07 05:15:00,VIC1,105.56,0.10556,0.0,0.0,0.0,0.0,0.0,0.0,47.37793563602119,47.37793563602119,39.813391290774106,0.0,0.0,0.0,69.71489414226205,677.3598748080666,621.1238873272603,idle,6.113184541213618,2026-08-07
2026-08-07 05:20:00,VIC1,100.45202,0.10045202,0.0,0.0,0.0,0.0,0.0,0.0,47.37793563602119,47.37793563602119,39.813391290774106,0.0,0.0,0.0,69.71489414226205,677.3598748080666,621.1238873272603,idle,6.113184541213618,2026-08-07
2026-08-07 05:25:00,VIC1,109.0,0.109,0.0,0.0,0.0,0.0,0.0,0.0,47.37793563602119,47.37793563602119,39.813391290774106,0.0,0.0,0.0,69.71489414226205,677.3598748080666,621.1238873272603,idle,6.113184541213618,2026-08-07
2026-08-07 05:30:00,VIC1,107.58,0.10758,0.0,0.0,0.0,0.0,0.0,0.0,47.37793563602119,47.37793563602119,39.813391290774106,0.0,0.0,0.0,69.71489414226205,677.3598748080666,621.1238873272603,idle,6.113184541213618,2026-08-07
2026-08-07 05:35:00,VIC1,105.56,0.10556,0.0,0.0,0.0,0.0,0.0,0.0,47.37793563602119,47.37793563602119,39.813391290774106,0.0,0.0,0.0,69.71489414226205,677.3598748080666,621.1238873272603,idle,6.113184541213618,2026-08-07
2026-08-07 05:40:00,VIC1,112.27658,0.11227658,0.0,0.0,0.0,0.0,0.0,0.0,47.37793563602119,47.37793563602119,39.813391290774106,0.0,0.0,0.0,69.71489414226205,677.3598748080666,621.1238873272603,idle,6.113184541213618,2026-08-07
2026-08-07 05:45:00,VIC1,109.86385,0.10986385,0.0,0.0,0.0,0.0,0.0,0.0,47.37793563602119,47.37793563602119,39.813391290774106,0.0,0.0,0.0,69.71489414226205,677.3598748080666,621.1238873272603,idle,6.113184541213618,2026-08-07
2026-08-07 05:50:00,VIC1,109.0,0.109,0.0,0.0,0.0,0.0,0.0,0.0,47.37793563602119,47.37793563602119,39.813391290774106,0.0,0.0,0.0,69.71489414226205,677.3598748080666,621.1238873272603,idle,6.113184541213618,2026-08-07
2026-08-07 05:55:00,VIC1,115.0,0.115,0.0,0.0,0.0,0.0,0.0,0.0,47.37793563602119,47.37793563602119,39.813391290774106,0.0,0.0,0.0,69.71489414226205,677.3598748080666,621.1238873272603,idle,6.113184541213618,2026-08-07
2026-08-07 06:00:00,VIC1,124.0,0.124,0.0,0.0,0.0,0.0,0.0,0.0,47.37793563602119,47.37793563602119,39.813391290774106,0.0,0.0,0.0,69.71489414226205,677.3598748080666,621.1238873272603,idle,6.113184541213618,2026-08-07
2026-08-07 06:05:00,VIC1,111.74568,0.11174568,0.0,0.0,0.0,0.0,0.0,0.0,47.37793563602119,47.37793563602119,39.813391290774106,0.0,0.0,0.0,69.71489414226205,677.3598748080666,621.1238873272603,idle,6.113184541213618,2026-08-07
2026-08-07 06:10:00,VIC1,128.13328,0.12813328000000002,0.0,0.0,0.0,0.0,0.0,0.0,47.37793563602119,47.37793563602119,39.813391290774106,0.0,0.0,0.0,69.71489414226205,677.3598748080666,621.1238873272603,idle,6.113184541213618,2026-08-07
2026-08-07 06:15:00,VIC1,127.07733,0.12707733000000002,0.0,0.0,0.0,0.0,0.0,0.0,47.37793563602119,47.37793563602119,39.813391290774106,0.0,0.0,0.0,69.71489414226205,677.3598748080666,621.1238873272603,idle,6.113184541213618,2026-08-07
2026-08-07 06:20:00,VIC1,121.55174,0.12155173999999999,0.0,0.0,0.0,0.0,0.0,0.0,47.37793563602119,47.37793563602119,39.813391290774106,0.0,0.0,0.0,69.71489414226205,677.3598748080666,621.1238873272603,idle,6.113184541213618,2026-08-07
2026-08-07 06:25:00,VIC1,121.44396,0.12144396,0.0,0.0,0.0,0.0,0.0,0.0,47.37793563602119,47.37793563602119,39.813391290774106,0.0,0.0,0.0,69.71489414226205,677.3598748080666,621.1238873272603,idle,6.113184541213618,2026-08-07
2026-08-07 06:30:00,VIC1,127.6666,0.12766660000000002,0.0,0.0,0.0,0.0,0.0,0.0,47.37793563602119,47.37793563602119,39.813391290774106,0.0,0.0,0.0,69.71489414226205,677.3598748080666,621.1238873272603,idle,6.113184541213618,2026-08-07
2026-08-07 06:35:00,VIC1,129.06,0.12906,0.0,0.0,0.0,0.0,0.0,0.0,47.37793563602119,47.37793563602119,39.813391290774106,0.0,0.0,0.0,69.71489414226205,677.3598748080666,621.1238873272603,idle,6.113184541213618,2026-08-07
2026-08-07 06:40:00,VIC1,115.74009,0.11574009,0.0,0.0,0.0,0.0,0.0,0.0,47.37793563602119,47.37793563602119,39.813391290774106,0.0,0.0,0.0,69.71489414226205,677.3598748080666,621.1238873272603,idle,6.113184541213618,2026-08-07
2026-08-07 06:45:00,VIC1,119.98055,0.11998054999999999,0.0,0.0,0.0,0.0,0.0,0.0,47.37793563602119,47.37793563602119,39.813391290774106,0.0,0.0,0.0,69.71489414226205,677.3598748080666,621.1238873272603,idle,6.113184541213618,2026-08-07
2026-08-07 06:50:00,VIC1,126.48,0.12648,0.0,0.0,0.0,0.0,0.0,0.0,47.37793563602119,47.37793563602119,39.813391290774106,0.0,0.0,0.0,69.71489414226205,677.3598748080666,621.1238873272603,idle,6.113184541213618,2026-08-07
2026-08-07 06:55:00,VIC1,129.06,0.12906,0.0,0.0,0.0,0.0,0.0,0.0,47.37793563602119,47.37793563602119,39.813391290774106,0.0,0.0,0.0,69.71489414226205,677.3598748080666,621.1238873272603,idle,6.113184541213618,2026-08-07
2026-08-07 07:00:00,VIC1,129.06,0.12906,0.0,0.0,0.0,0.0,0.0,0.0,47.37793563602119,47.37793563602119,39.813391290774106,0.0,0.0,0.0,69.71489414226205,677.3598748080666,621.1238873272603,idle,6.113184541213618,2026-08-07
2026-08-07 07:05:00,VIC1,112.29041,0.11229041,0.0,0.0,0.0,0.0,0.0,0.0,47.37793563602119,47.37793563602119,39.813391290774106,0.0,0.0,0.0,69.71489414226205,677.3598748080666,621.1238873272603,idle,6.113184541213618,2026-08-07
2026-08-07 07:10:00,VIC1,115.78281,0.11578281,0.0,0.0,0.0,0.0,0.0,0.0,47.37793563602119,47.37793563602119,39.813391290774106,0.0,0.0,0.0,69.71489414226205,677.3598748080666,621.1238873272603,idle,6.113184541213618,2026-08-07
2026-08-07 07:15:00,VIC1,114.50083,0.11450083,0.0,0.0,0.0,0.0,0.0,0.0,47.37793563602119,47.37793563602119,39.813391290774106,0.0,0.0,0.0,69.71489414226205,677.3598748080666,621.1238873272603,idle,6.113184541213618,2026-08-07
2026-08-07 07:20:00,VIC1,125.19008,0.12519008,0.0,0.0,0.0,0.0,0.0,0.0,47.37793563602119,47.37793563602119,39.813391290774106,0.0,0.0,0.0,69.71489414226205,677.3598748080666,621.1238873272603,idle,6.113184541213618,2026-08-07
2026-08-07 07:25:00,VIC1,136.99744,0.13699744000000003,0.0,0.0,0.0,0.0,0.0,0.0,47.37793563602119,47.37793563602119,39.813391290774106,0.0,0.0,0.0,69.71489414226205,677.3598748080666,621.1238873272603,idle,6.113184541213618,2026-08-07
2026-08-07 07:30:00,VIC1,133.59664,0.13359664000000002,0.0,0.0,0.0,0.0,0.0,0.0,47.37793563602119,47.37793563602119,39.813391290774106,0.0,0.0,0.0,69.71489414226205,677.3598748080666,621.1238873272603,idle,6.113184541213618,2026-08-07
2026-08-07 07:35:00,VIC1,139.0,0.139,0.0,0.0,0.0,0.0,0.0,0.0,47.37793563602119,47.37793563602119,39.813391290774106,0.0,0.0,0.0,69.71489414226205,677.3598748080666,621.1238873272603,idle,6.113184541213618,2026-08-07
2026-08-07 07:40:00,VIC1,139.0,0.139,0.0,0.0,0.0,0.0,0.0,0.0,47.37793563602119,47.37793563602119,39.813391290774106,0.0,0.0,0.0,69.71489414226205,677.3598748080666,621.1238873272603,idle,6.113184541213618,2026-08-07
2026-08-07 07:45:00,VIC1,147.0,0.147,0.0,57.62388732725985,0.0,4.801990610604987,0.0,5.061742544084822,47.37793563602119,42.31619309193637,35.559826127677624,0.0,0.705892619758933,0.705892619758933,70.42078676202098,677.3598748080666,625.9258779378653,discharge,6.160446376359134,2026-08-07
2026-08-07 07:50:00,VIC1,147.0,0.147,0.0,69.0,0.0,5.75,0.0,6.061032181989394,42.31619309193637,36.25516090994697,30.46652177306468,0.0,0.84525,0.84525,71.26603676202097,677.3598748080666,631.6758779378653,discharge,6.217038646965945,2026-08-07
2026-08-07 07:55:00,VIC1,176.46,0.17646,0.0,69.0,0.0,5.75,0.0,6.061032181989394,36.25516090994697,30.194128727957576,25.373217418451745,0.0,1.014645,1.014645,72.28068176202098,677.3598748080666,637.4258779378653,discharge,6.273630917572755,2026-08-07
2026-08-07 08:00:00,VIC1,147.0,0.147,0.0,0.0,0.0,0.0,0.0,0.0,30.194128727957576,30.194128727957576,25.373217418451745,0.0,0.0,0.0,72.28068176202098,677.3598748080666,637.4258779378653,idle,6.273630917572755,2026-08-07
2026-08-07 08:05:00,VIC1,139.02,0.13902,0.0,0.0,0.0,0.0,0.0,0.0,30.194128727957576,30.194128727957576,25.373217418451745,0.0,0.0,0.0,72.28068176202098,677.3598748080666,637.4258779378653,idle,6.273630917572755,2026-08-07
2026-08-07 08:10:00,VIC1,140.89866,0.14089866,0.0,0.0,0.0,0.0,0.0,0.0,30.194128727957576,30.194128727957576,25.373217418451745,0.0,0.0,0.0,72.28068176202098,677.3598748080666,637.4258779378653,idle,6.273630917572755,2026-08-07
2026-08-07 08:15:00,VIC1,157.97451,0.15797451,0.0,69.0,0.0,5.75,0.0,6.061032181989394,30.194128727957576,24.133096545968183,20.27991306383881,0.0,0.9083534325000001,0.9083534325000001,73.18903519452097,677.3598748080666,643.1758779378653,discharge,6.330223188179565,2026-08-07
2026-08-07 08:20:00,VIC1,137.18032,0.13718032,0.0,0.0,0.0,0.0,0.0,0.0,24.133096545968183,24.133096545968183,20.27991306383881,0.0,0.0,0.0,73.18903519452097,677.3598748080666,643.1758779378653,idle,6.330223188179565,2026-08-07
2026-08-07 08:25:00,VIC1,171.92196,0.17192196,0.0,69.0,0.0,5.75,0.0,6.061032181989394,24.133096545968183,18.07206436397879,15.186608709225874,0.0,0.9885512700000001,0.9885512700000001,74.17758646452097,677.3598748080666,648.9258779378653,discharge,6.386815458786376,2026-08-07
2026-08-07 08:30:00,VIC1,141.37378,0.14137378,0.0,0.0,0.0,0.0,0.0,0.0,18.07206436397879,18.07206436397879,15.186608709225874,0.0,0.0,0.0,74.17758646452097,677.3598748080666,648.9258779378653,idle,6.386815458786376,2026-08-07
2026-08-07 08:35:00,VIC1,142.70653,0.14270653,0.0,0.0,0.0,0.0,0.0,0.0,18.07206436397879,18.07206436397879,15.186608709225874,0.0,0.0,0.0,74.17758646452097,677.3598748080666,648.9258779378653,idle,6.386815458786376,2026-08-07
2026-08-07 08:40:00,VIC1,111.59131,0.11159131,0.0,0.0,0.0,0.0,0.0,0.0,18.07206436397879,18.07206436397879,15.186608709225874,0.0,0.0,0.0,74.17758646452097,677.3598748080666,648.9258779378653,idle,6.386815458786376,2026-08-07
2026-08-07 08:45:00,VIC1,111.23505,0.11123505,0.0,0.0,0.0,0.0,0.0,0.0,18.07206436397879,18.07206436397879,15.186608709225874,0.0,0.0,0.0,74.17758646452097,677.3598748080666,648.9258779378653,idle,6.386815458786376,2026-08-07
2026-08-07 08:50:00,VIC1,111.98,0.11198000000000001,0.0,0.0,0.0,0.0,0.0,0.0,18.07206436397879,18.07206436397879,15.186608709225874,0.0,0.0,0.0,74.17758646452097,677.3598748080666,648.9258779378653,idle,6.386815458786376,2026-08-07
2026-08-07 08:55:00,VIC1,105.56,0.10556,0.0,0.0,0.0,0.0,0.0,0.0,18.07206436397879,18.07206436397879,15.186608709225874,0.0,0.0,0.0,74.17758646452097,677.3598748080666,648.9258779378653,idle,6.386815458786376,2026-08-07
2026-08-07 09:00:00,VIC1,105.56,0.10556,0.0,0.0,0.0,0.0,0.0,0.0,18.07206436397879,18.07206436397879,15.186608709225874,0.0,0.0,0.0,74.17758646452097,677.3598748080666,648.9258779378653,idle,6.386815458786376,2026-08-07
2026-08-07 09:05:00,VIC1,146.81289,0.14681289,0.0,0.0,0.0,0.0,0.0,0.0,18.07206436397879,18.07206436397879,15.186608709225874,0.0,0.0,0.0,74.17758646452097,677.3598748080666,648.9258779378653,idle,6.386815458786376,2026-08-07
2026-08-07 09:10:00,VIC1,165.48,0.16548,0.0,69.0,0.0,5.75,0.0,6.061032181989394,18.07206436397879,12.011032181989394,10.093304354612936,0.0,0.95151,0.95151,75.12909646452097,677.3598748080666,654.6758779378653,discharge,6.443407729393186,2026-08-07
2026-08-07 09:15:00,VIC1,150.69473,0.15069473,0.0,69.0,0.0,5.75,0.0,6.061032181989394,12.011032181989394,5.95,5.0,0.0,0.8664946975,0.8664946975,75.99559116202097,677.3598748080666,660.4258779378653,discharge,6.499999999999997,2026-08-07
2026-08-07 09:20:00,VIC1,97.51798,0.09751797999999999,0.0,0.0,0.0,0.0,0.0,0.0,5.95,5.95,5.0,0.0,0.0,0.0,75.99559116202097,677.3598748080666,660.4258779378653,idle,6.499999999999997,2026-08-07
2026-08-07 09:25:00,VIC1,90.73325,0.09073325,0.0,0.0,0.0,0.0,0.0,0.0,5.95,5.95,5.0,0.0,0.0,0.0,75.99559116202097,677.3598748080666,660.4258779378653,idle,6.499999999999997,2026-08-07
2026-08-07 09:30:00,VIC1,71.96646,0.07196646,0.0,0.0,0.0,0.0,0.0,0.0,5.95,5.95,5.0,0.0,0.0,0.0,75.99559116202097,677.3598748080666,660.4258779378653,idle,6.499999999999997,2026-08-07
2026-08-07 09:35:00,VIC1,84.92,0.08492000000000001,0.0,0.0,0.0,0.0,0.0,0.0,5.95,5.95,5.0,0.0,0.0,0.0,75.99559116202097,677.3598748080666,660.4258779378653,idle,6.499999999999997,2026-08-07
2026-08-07 09:40:00,VIC1,84.92,0.08492000000000001,0.0,0.0,0.0,0.0,0.0,0.0,5.95,5.95,5.0,0.0,0.0,0.0,75.99559116202097,677.3598748080666,660.4258779378653,idle,6.499999999999997,2026-08-07
2026-08-07 09:45:00,VIC1,63.28168,0.06328168,0.0,0.0,0.0,0.0,0.0,0.0,5.95,5.95,5.0,0.0,0.0,0.0,75.99559116202097,677.3598748080666,660.4258779378653,idle,6.499999999999997,2026-08-07
2026-08-07 09:50:00,VIC1,55.04088,0.05504088,0.0,0.0,0.0,0.0,0.0,0.0,5.95,5.95,5.0,0.0,0.0,0.0,75.99559116202097,677.3598748080666,660.4258779378653,idle,6.499999999999997,2026-08-07
2026-08-07 09:55:00,VIC1,48.71609,0.048716090000000004,0.0,0.0,0.0,0.0,0.0,0.0,5.95,5.95,5.0,0.0,0.0,0.0,75.99559116202097,677.3598748080666,660.4258779378653,idle,6.499999999999997,2026-08-07
2026-08-07 10:00:00,VIC1,42.37667,0.04237667,0.0,0.0,0.0,0.0,0.0,0.0,5.95,5.95,5.0,0.0,0.0,0.0,75.99559116202097,677.3598748080666,660.4258779378653,idle,6.499999999999997,2026-08-07
2026-08-07 10:05:00,VIC1,86.67,0.08667,0.0,0.0,0.0,0.0,0.0,0.0,5.95,5.95,5.0,0.0,0.0,0.0,75.99559116202097,677.3598748080666,660.4258779378653,idle,6.499999999999997,2026-08-07
2026-08-07 10:10:00,VIC1,94.13689,0.09413689,0.0,0.0,0.0,0.0,0.0,0.0,5.95,5.95,5.0,0.0,0.0,0.0,75.99559116202097,677.3598748080666,660.4258779378653,idle,6.499999999999997,2026-08-07
2026-08-07 10:15:00,VIC1,86.8,0.0868,0.0,0.0,0.0,0.0,0.0,0.0,5.95,5.95,5.0,0.0,0.0,0.0,75.99559116202097,677.3598748080666,660.4258779378653,idle,6.499999999999997,2026-08-07
2026-08-07 10:20:00,VIC1,42.74213,0.04274213,0.0,0.0,0.0,0.0,0.0,0.0,5.95,5.95,5.0,0.0,0.0,0.0,75.99559116202097,677.3598748080666,660.4258779378653,idle,6.499999999999997,2026-08-07
2026-08-07 10:25:00,VIC1,42.0,0.042,0.0,0.0,0.0,0.0,0.0,0.0,5.95,5.95,5.0,0.0,0.0,0.0,75.99559116202097,677.3598748080666,660.4258779378653,idle,6.499999999999997,2026-08-07
2026-08-07 10:30:00,VIC1,42.0,0.042,0.0,0.0,0.0,0.0,0.0,0.0,5.95,5.95,5.0,0.0,0.0,0.0,75.99559116202097,677.3598748080666,660.4258779378653,idle,6.499999999999997,2026-08-07
2026-08-07 10:35:00,VIC1,64.0,0.064,0.0,0.0,0.0,0.0,0.0,0.0,5.95,5.95,5.0,0.0,0.0,0.0,75.99559116202097,677.3598748080666,660.4258779378653,idle,6.499999999999997,2026-08-07
2026-08-07 10:40:00,VIC1,69.7922,0.0697922,0.0,0.0,0.0,0.0,0.0,0.0,5.95,5.95,5.0,0.0,0.0,0.0,75.99559116202097,677.3598748080666,660.4258779378653,idle,6.499999999999997,2026-08-07
2026-08-07 10:45:00,VIC1,89.0,0.089,0.0,0.0,0.0,0.0,0.0,0.0,5.95,5.95,5.0,0.0,0.0,0.0,75.99559116202097,677.3598748080666,660.4258779378653,idle,6.499999999999997,2026-08-07
2026-08-07 10:50:00,VIC1,75.93877,0.07593877,0.0,0.0,0.0,0.0,0.0,0.0,5.95,5.95,5.0,0.0,0.0,0.0,75.99559116202097,677.3598748080666,660.4258779378653,idle,6.499999999999997,2026-08-07
2026-08-07 10:55:00,VIC1,72.14311,0.07214311,0.0,0.0,0.0,0.0,0.0,0.0,5.95,5.95,5.0,0.0,0.0,0.0,75.99559116202097,677.3598748080666,660.4258779378653,idle,6.499999999999997,2026-08-07
2026-08-07 11:00:00,VIC1,44.93791,0.044937910000000005,0.0,0.0,0.0,0.0,0.0,0.0,5.95,5.95,5.0,0.0,0.0,0.0,75.99559116202097,677.3598748080666,660.4258779378653,idle,6.499999999999997,2026-08-07
2026-08-07 11:05:00,VIC1,77.02,0.07701999999999999,0.0,0.0,0.0,0.0,0.0,0.0,5.95,5.95,5.0,0.0,0.0,0.0,75.99559116202097,677.3598748080666,660.4258779378653,idle,6.499999999999997,2026-08-07
2026-08-07 11:10:00,VIC1,89.0,0.089,0.0,0.0,0.0,0.0,0.0,0.0,5.95,5.95,5.0,0.0,0.0,0.0,75.99559116202097,677.3598748080666,660.4258779378653,idle,6.499999999999997,2026-08-07
2026-08-07 11:15:00,VIC1,54.14999,0.05414999,0.0,0.0,0.0,0.0,0.0,0.0,5.95,5.95,5.0,0.0,0.0,0.0,75.99559116202097,677.3598748080666,660.4258779378653,idle,6.499999999999997,2026-08-07
2026-08-07 11:20:00,VIC1,67.6594,0.06765940000000001,0.0,0.0,0.0,0.0,0.0,0.0,5.95,5.95,5.0,0.0,0.0,0.0,75.99559116202097,677.3598748080666,660.4258779378653,idle,6.499999999999997,2026-08-07
2026-08-07 11:25:00,VIC1,44.12617,0.044126170000000006,0.0,0.0,0.0,0.0,0.0,0.0,5.95,5.95,5.0,0.0,0.0,0.0,75.99559116202097,677.3598748080666,660.4258779378653,idle,6.499999999999997,2026-08-07
2026-08-07 11:30:00,VIC1,45.24,0.04524,0.0,0.0,0.0,0.0,0.0,0.0,5.95,5.95,5.0,0.0,0.0,0.0,75.99559116202097,677.3598748080666,660.4258779378653,idle,6.499999999999997,2026-08-07
2026-08-07 11:35:00,VIC1,50.94,0.05094,0.0,0.0,0.0,0.0,0.0,0.0,5.95,5.95,5.0,0.0,0.0,0.0,75.99559116202097,677.3598748080666,660.4258779378653,idle,6.499999999999997,2026-08-07
2026-08-07 11:40:00,VIC1,52.0228,0.0520228,0.0,0.0,0.0,0.0,0.0,0.0,5.95,5.95,5.0,0.0,0.0,0.0,75.99559116202097,677.3598748080666,660.4258779378653,idle,6.499999999999997,2026-08-07
2026-08-07 11:45:00,VIC1,45.24,0.04524,0.0,0.0,0.0,0.0,0.0,0.0,5.95,5.95,5.0,0.0,0.0,0.0,75.99559116202097,677.3598748080666,660.4258779378653,idle,6.499999999999997,2026-08-07
2026-08-07 11:50:00,VIC1,52.63964,0.05263964,0.0,0.0,0.0,0.0,0.0,0.0,5.95,5.95,5.0,0.0,0.0,0.0,75.99559116202097,677.3598748080666,660.4258779378653,idle,6.499999999999997,2026-08-07
2026-08-07 11:55:00,VIC1,35.94002,0.035940019999999996,0.0,0.0,0.0,0.0,0.0,0.0,5.95,5.95,5.0,0.0,0.0,0.0,75.99559116202097,677.3598748080666,660.4258779378653,idle,6.499999999999997,2026-08-07
2026-08-07 12:00:00,VIC1,30.21,0.03021,0.0,0.0,0.0,0.0,0.0,0.0,5.95,5.95,5.0,0.0,0.0,0.0,75.99559116202097,677.3598748080666,660.4258779378653,idle,6.499999999999997,2026-08-07
2026-08-07 12:05:00,VIC1,45.24,0.04524,0.0,0.0,0.0,0.0,0.0,0.0,5.95,5.95,5.0,0.0,0.0,0.0,75.99559116202097,677.3598748080666,660.4258779378653,idle,6.499999999999997,2026-08-07
2026-08-07 12:10:00,VIC1,30.21,0.03021,0.0,0.0,0.0,0.0,0.0,0.0,5.95,5.95,5.0,0.0,0.0,0.0,75.99559116202097,677.3598748080666,660.4258779378653,idle,6.499999999999997,2026-08-07
2026-08-07 12:15:00,VIC1,13.09346,0.013093460000000001,0.0,0.0,0.0,0.0,0.0,0.0,5.95,5.95,5.0,0.0,0.0,0.0,75.99559116202097,677.3598748080666,660.4258779378653,idle,6.499999999999997,2026-08-07
2026-08-07 12:20:00,VIC1,26.39,0.02639,0.0,0.0,0.0,0.0,0.0,0.0,5.95,5.95,5.0,0.0,0.0,0.0,75.99559116202097,677.3598748080666,660.4258779378653,idle,6.499999999999997,2026-08-07
2026-08-07 12:25:00,VIC1,26.42,0.026420000000000003,0.0,0.0,0.0,0.0,0.0,0.0,5.95,5.95,5.0,0.0,0.0,0.0,75.99559116202097,677.3598748080666,660.4258779378653,idle,6.499999999999997,2026-08-07
2026-08-07 12:30:00,VIC1,26.42,0.026420000000000003,0.0,0.0,0.0,0.0,0.0,0.0,5.95,5.95,5.0,0.0,0.0,0.0,75.99559116202097,677.3598748080666,660.4258779378653,idle,6.499999999999997,2026-08-07
2026-08-07 12:35:00,VIC1,26.42,0.026420000000000003,0.0,0.0,0.0,0.0,0.0,0.0,5.95,5.95,5.0,0.0,0.0,0.0,75.99559116202097,677.3598748080666,660.4258779378653,idle,6.499999999999997,2026-08-07
2026-08-07 12:40:00,VIC1,26.42,0.026420000000000003,0.0,0.0,0.0,0.0,0.0,0.0,5.95,5.95,5.0,0.0,0.0,0.0,75.99559116202097,677.3598748080666,660.4258779378653,idle,6.499999999999997,2026-08-07
2026-08-07 12:45:00,VIC1,10.65006,0.01065006,0.0,0.0,0.0,0.0,0.0,0.0,5.95,5.95,5.0,0.0,0.0,0.0,75.99559116202097,677.3598748080666,660.4258779378653,idle,6.499999999999997,2026-08-07
2026-08-07 12:50:00,VIC1,10.5,0.0105,0.0,0.0,0.0,0.0,0.0,0.0,5.95,5.95,5.0,0.0,0.0,0.0,75.99559116202097,677.3598748080666,660.4258779378653,idle,6.499999999999997,2026-08-07
2026-08-07 12:55:00,VIC1,23.75083,0.02375083,0.0,0.0,0.0,0.0,0.0,0.0,5.95,5.95,5.0,0.0,0.0,0.0,75.99559116202097,677.3598748080666,660.4258779378653,idle,6.499999999999997,2026-08-07
2026-08-07 13:00:00,VIC1,-0.1,-0.0001,62.705857816032186,0.0,5.225488151336015,0.0,4.957333333333333,0.0,5.95,10.907333333333334,9.165826330532214,-0.0005225488151336015,-0.0,0.0005225488151336015,75.9961137108361,682.5853629594026,660.4258779378653,charge,6.499999999999997,2026-08-07
2026-08-07 13:05:00,VIC1,-2e-05,-2e-08,62.705857816032186,0.0,5.225488151336015,0.0,4.957333333333333,0.0,10.907333333333334,15.864666666666666,13.331652661064425,-1.045097630267203e-07,-0.0,1.045097630267203e-07,75.99611381534586,687.8108511107386,660.4258779378653,charge,6.499999999999997,2026-08-07
2026-08-07 13:10:00,VIC1,8.81,0.00881,0.0,0.0,0.0,0.0,0.0,0.0,15.864666666666666,15.864666666666666,13.331652661064425,0.0,0.0,0.0,75.99611381534586,687.8108511107386,660.4258779378653,idle,6.499999999999997,2026-08-07
2026-08-07 13:15:00,VIC1,-0.1,-0.0001,62.705857816032186,0.0,5.225488151336015,0.0,4.957333333333333,0.0,15.864666666666666,20.822,17.497478991596637,-0.0005225488151336015,-0.0,0.0005225488151336015,75.99663636416099,693.0363392620745,660.4258779378653,charge,6.499999999999997,2026-08-07
2026-08-07 13:20:00,VIC1,0.01,1e-05,62.705857816032186,0.0,5.225488151336015,0.0,4.957333333333333,0.0,20.822,25.779333333333334,21.66330532212885,5.2254881513360155e-05,0.0,-5.2254881513360155e-05,75.99658410927948,698.2618274134105,660.4258779378653,charge,6.499999999999997,2026-08-07
2026-08-07 13:25:00,VIC1,26.42,0.026420000000000003,0.0,0.0,0.0,0.0,0.0,0.0,25.779333333333334,25.779333333333334,21.66330532212885,0.0,0.0,0.0,75.99658410927948,698.2618274134105,660.4258779378653,idle,6.499999999999997,2026-08-07
2026-08-07 13:30:00,VIC1,0.43,0.00043,62.705857816032186,0.0,5.225488151336015,0.0,4.957333333333333,0.0,25.779333333333334,30.736666666666665,25.829131652661065,0.0022469599050744865,0.0,-0.0022469599050744865,75.9943371493744,703.4873155647465,660.4258779378653,charge,6.499999999999997,2026-08-07
2026-08-07 13:35:00,VIC1,0.50031,0.00050031,62.705857816032186,0.0,5.225488151336015,0.0,4.957333333333333,0.0,30.736666666666665,35.693999999999996,29.99495798319327,0.002614363976994922,0.0,-0.002614363976994922,75.99172278539741,708.7128037160825,660.4258779378653,charge,6.499999999999997,2026-08-07
2026-08-07 13:40:00,VIC1,5.08,0.00508,37.89673547945814,0.0,3.1580612899548446,0.0,2.9960000000000218,0.0,35.693999999999996,38.69000000000002,32.51260504201682,0.01604295135297061,0.0,-0.01604295135297061,75.97567983404444,711.8708650060373,660.4258779378653,charge,6.499999999999997,2026-08-07
2026-08-07 13:45:00,VIC1,-5.37076,-0.00537076,62.705857816032186,0.0,5.225488151336015,0.0,4.957333333333333,0.0,38.69000000000002,43.64733333333335,36.678431372549035,-0.028064842743669414,-0.0,0.028064842743669414,76.00374467678812,717.0963531573733,660.4258779378653,charge,6.499999999999997,2026-08-07
2026-08-07 13:50:00,VIC1,0.0,0.0,62.705857816032186,0.0,5.225488151336015,0.0,4.957333333333333,0.0,43.64733333333335,48.60466666666668,40.84425770308124,0.0,0.0,0.0,76.00374467678812,722.3218413087093,660.4258779378653,charge,6.499999999999997,2026-08-07
2026-08-07 13:55:00,VIC1,-4.67,-0.00467,62.705857816032186,0.0,5.225488151336015,0.0,4.957333333333333,0.0,48.60466666666668,53.56200000000001,45.01008403361346,-0.024403029666739188,-0.0,0.024403029666739188,76.02814770645486,727.5473294600453,660.4258779378653,charge,6.499999999999997,2026-08-07
2026-08-07 14:00:00,VIC1,-4.85502,-0.00485502,62.705857816032186,0.0,5.225488151336015,0.0,4.957333333333333,0.0,53.56200000000001,58.51933333333334,49.175910364145665,-0.025369849484499378,-0.0,0.025369849484499378,76.05351755593937,732.7728176113812,660.4258779378653,charge,6.499999999999997,2026-08-07
2026-08-07 14:05:00,VIC1,-3.56434,-0.00356434,62.705857816032186,0.0,5.225488151336015,0.0,4.957333333333333,0.0,58.51933333333334,63.476666666666674,53.34173669467788,-0.018625416437333012,-0.0,0.018625416437333012,76.0721429723767,737.9983057627172,660.4258779378653,charge,6.499999999999997,2026-08-07
2026-08-07 14:10:00,VIC1,-2.61518,-0.00261518,62.705857816032186,0.0,5.225488151336015,0.0,4.957333333333333,0.0,63.476666666666674,68.43400000000001,57.507563025210096,-0.01366559210361092,-0.0,0.01366559210361092,76.0858085644803,743.2237939140532,660.4258779378653,charge,6.499999999999997,2026-08-07
2026-08-07 14:15:00,VIC1,-3.70292,-0.00370292,62.705857816032186,0.0,5.225488151336015,0.0,4.957333333333333,0.0,68.43400000000001,73.39133333333335,61.673389355742316,-0.019349564585345157,-0.0,0.019349564585345157,76.10515812906564,748.4492820653892,660.4258779378653,charge,6.499999999999997,2026-08-07
2026-08-07 14:20:00,VIC1,-0.1,-0.0001,62.705857816032186,0.0,5.225488151336015,0.0,4.957333333333333,0.0,73.39133333333335,78.34866666666669,65.83921568627453,-0.0005225488151336015,-0.0,0.0005225488151336015,76.10568067788077,753.6747702167252,660.4258779378653,charge,6.499999999999997,2026-08-07
2026-08-07 14:25:00,VIC1,0.0,0.0,62.705857816032186,0.0,5.225488151336015,0.0,4.957333333333333,0.0,78.34866666666669,83.30600000000003,70.00504201680674,0.0,0.0,0.0,76.10568067788077,758.9002583680611,660.4258779378653,charge,6.499999999999997,2026-08-07
2026-08-07 14:30:00,VIC1,0.0,0.0,62.705857816032186,0.0,5.225488151336015,0.0,4.957333333333333,0.0,83.30600000000003,88.26333333333336,74.17086834733895,0.0,0.0,0.0,76.10568067788077,764.1257465193971,660.4258779378653,charge,6.499999999999997,2026-08-07
2026-08-07 14:35:00,VIC1,5e-05,5.0000000000000004e-08,62.705857816032186,0.0,5.225488151336015,0.0,4.957333333333333,0.0,88.26333333333336,93.2206666666667,78.33669467787118,2.612744075668008e-07,0.0,-2.612744075668008e-07,76.10568041660636,769.3512346707331,660.4258779378653,charge,6.499999999999997,2026-08-07
2026-08-07 14:40:00,VIC1,5.12944,0.00512944,0.0,0.0,0.0,0.0,0.0,0.0,93.2206666666667,93.2206666666667,78.33669467787118,0.0,0.0,0.0,76.10568041660636,769.3512346707331,660.4258779378653,idle,6.499999999999997,2026-08-07
2026-08-07 14:45:00,VIC1,5.114,0.005114,0.0,0.0,0.0,0.0,0.0,0.0,93.2206666666667,93.2206666666667,78.33669467787118,0.0,0.0,0.0,76.10568041660636,769.3512346707331,660.4258779378653,idle,6.499999999999997,2026-08-07
2026-08-07 14:50:00,VIC1,5.06746,0.005067459999999999,62.705857816032186,0.0,5.225488151336015,0.0,4.957333333333333,0.0,93.2206666666667,98.17800000000004,82.50252100840339,0.0264799521873692,0.0,-0.0264799521873692,76.07920046441899,774.5767228220691,660.4258779378653,charge,6.499999999999997,2026-08-07
2026-08-07 14:55:00,VIC1,0.01,1e-05,62.705857816032186,0.0,5.225488151336015,0.0,4.957333333333333,0.0,98.17800000000004,103.13533333333338,86.66834733893562,5.2254881513360155e-05,0.0,-5.2254881513360155e-05,76.07914820953748,779.8022109734051,660.4258779378653,charge,6.499999999999997,2026-08-07
2026-08-07 15:00:00,VIC1,1.21754,0.00121754,62.705857816032186,0.0,5.225488151336015,0.0,4.957333333333333,0.0,103.13533333333338,108.09266666666672,90.83417366946783,0.006362240843777652,0.0,-0.006362240843777652,76.07278596869371,785.027699124741,660.4258779378653,charge,6.499999999999997,2026-08-07
2026-08-07 15:05:00,VIC1,5.06837,0.00506837,62.705857816032186,0.0,5.225488151336015,0.0,4.957333333333333,0.0,108.09266666666672,113.05000000000005,95.00000000000004,0.026484707381586918,0.0,-0.026484707381586918,76.04630126131212,790.253187276077,660.4258779378653,charge,6.499999999999997,2026-08-07
2026-08-07 15:10:00,VIC1,5.08007,0.00508007,-0.0,0.0,-0.0,0.0,-0.0,0.0,113.05000000000005,113.05,95.0,-0.0,0.0,0.0,76.04630126131212,790.253187276077,660.4258779378653,idle,6.499999999999997,2026-08-07
2026-08-07 15:15:00,VIC1,10.5,0.0105,0.0,0.0,0.0,0.0,0.0,0.0,113.05,113.05,95.0,0.0,0.0,0.0,76.04630126131212,790.253187276077,660.4258779378653,idle,6.499999999999997,2026-08-07
2026-08-07 15:20:00,VIC1,10.5,0.0105,0.0,0.0,0.0,0.0,0.0,0.0,113.05,113.05,95.0,0.0,0.0,0.0,76.04630126131212,790.253187276077,660.4258779378653,idle,6.499999999999997,2026-08-07
2026-08-07 15:25:00,VIC1,10.65006,0.01065006,0.0,0.0,0.0,0.0,0.0,0.0,113.05,113.05,95.0,0.0,0.0,0.0,76.04630126131212,790.253187276077,660.4258779378653,idle,6.499999999999997,2026-08-07
2026-08-07 15:30:00,VIC1,10.5,0.0105,0.0,0.0,0.0,0.0,0.0,0.0,113.05,113.05,95.0,0.0,0.0,0.0,76.04630126131212,790.253187276077,660.4258779378653,idle,6.499999999999997,2026-08-07
2026-08-07 15:35:00,VIC1,8.95994,0.00895994,0.0,0.0,0.0,0.0,0.0,0.0,113.05,113.05,95.0,0.0,0.0,0.0,76.04630126131212,790.253187276077,660.4258779378653,idle,6.499999999999997,2026-08-07
2026-08-07 15:40:00,VIC1,10.5,0.0105,0.0,0.0,0.0,0.0,0.0,0.0,113.05,113.05,95.0,0.0,0.0,0.0,76.04630126131212,790.253187276077,660.4258779378653,idle,6.499999999999997,2026-08-07
2026-08-07 15:45:00,VIC1,36.83,0.03683,0.0,0.0,0.0,0.0,0.0,0.0,113.05,113.05,95.0,0.0,0.0,0.0,76.04630126131212,790.253187276077,660.4258779378653,idle,6.499999999999997,2026-08-07
2026-08-07 15:50:00,VIC1,20.72533,0.02072533,0.0,0.0,0.0,0.0,0.0,0.0,113.05,113.05,95.0,0.0,0.0,0.0,76.04630126131212,790.253187276077,660.4258779378653,idle,6.499999999999997,2026-08-07
2026-08-07 15:55:00,VIC1,41.88446,0.04188446,0.0,0.0,0.0,0.0,0.0,0.0,113.05,113.05,95.0,0.0,0.0,0.0,76.04630126131212,790.253187276077,660.4258779378653,idle,6.499999999999997,2026-08-07
2026-08-07 16:00:00,VIC1,42.16009,0.04216009,0.0,0.0,0.0,0.0,0.0,0.0,113.05,113.05,95.0,0.0,0.0,0.0,76.04630126131212,790.253187276077,660.4258779378653,idle,6.499999999999997,2026-08-07
2026-08-07 16:05:00,VIC1,26.18743,0.02618743,0.0,0.0,0.0,0.0,0.0,0.0,113.05,113.05,95.0,0.0,0.0,0.0,76.04630126131212,790.253187276077,660.4258779378653,idle,6.499999999999997,2026-08-07
2026-08-07 16:10:00,VIC1,59.04328,0.059043280000000004,0.0,0.0,0.0,0.0,0.0,0.0,113.05,113.05,95.0,0.0,0.0,0.0,76.04630126131212,790.253187276077,660.4258779378653,idle,6.499999999999997,2026-08-07
2026-08-07 16:15:00,VIC1,94.37999,0.09437999000000001,0.0,0.0,0.0,0.0,0.0,0.0,113.05,113.05,95.0,0.0,0.0,0.0,76.04630126131212,790.253187276077,660.4258779378653,idle,6.499999999999997,2026-08-07
2026-08-07 16:20:00,VIC1,102.59006,0.10259006,0.0,-0.0,0.0,-0.0,0.0,-0.0,113.05,113.05,95.0,0.0,-0.0,-0.0,76.04630126131212,790.253187276077,660.4258779378653,idle,6.499999999999997,2026-08-07
2026-08-07 16:25:00,VIC1,113.39884,0.11339884000000001,0.0,-0.0,0.0,-0.0,0.0,-0.0,113.05,113.05,95.0,0.0,-0.0,-0.0,76.04630126131212,790.253187276077,660.4258779378653,idle,6.499999999999997,2026-08-07
2026-08-07 16:30:00,VIC1,131.79391,0.13179391000000001,0.0,69.0,0.0,5.75,0.0,6.061032181989394,113.05,106.98896781801061,89.90669564538707,0.0,0.7578149825000001,0.7578149825000001,76.80411624381212,790.253187276077,666.1758779378653,discharge,6.556592270606807,2026-08-07
2026-08-07 16:35:00,VIC1,109.0,0.109,0.0,0.0,0.0,0.0,0.0,0.0,106.98896781801061,106.98896781801061,89.90669564538707,0.0,0.0,0.0,76.80411624381212,790.253187276077,666.1758779378653,idle,6.556592270606807,2026-08-07
2026-08-07 16:40:00,VIC1,109.0,0.109,0.0,0.0,0.0,0.0,0.0,0.0,106.98896781801061,106.98896781801061,89.90669564538707,0.0,0.0,0.0,76.80411624381212,790.253187276077,666.1758779378653,idle,6.556592270606807,2026-08-07
2026-08-07 16:45:00,VIC1,109.0,0.109,0.0,0.0,0.0,0.0,0.0,0.0,106.98896781801061,106.98896781801061,89.90669564538707,0.0,0.0,0.0,76.80411624381212,790.253187276077,666.1758779378653,idle,6.556592270606807,2026-08-07
2026-08-07 16:50:00,VIC1,115.0,0.115,0.0,0.0,0.0,0.0,0.0,0.0,106.98896781801061,106.98896781801061,89.90669564538707,0.0,0.0,0.0,76.80411624381212,790.253187276077,666.1758779378653,idle,6.556592270606807,2026-08-07
2026-08-07 16:55:00,VIC1,123.51773,0.12351773,0.0,0.0,0.0,0.0,0.0,0.0,106.98896781801061,106.98896781801061,89.90669564538707,0.0,0.0,0.0,76.80411624381212,790.253187276077,666.1758779378653,idle,6.556592270606807,2026-08-07
2026-08-07 17:00:00,VIC1,119.6847,0.1196847,0.0,0.0,0.0,0.0,0.0,0.0,106.98896781801061,106.98896781801061,89.90669564538707,0.0,0.0,0.0,76.80411624381212,790.253187276077,666.1758779378653,idle,6.556592270606807,2026-08-07
2026-08-07 17:05:00,VIC1,113.73508,0.11373508,0.0,0.0,0.0,0.0,0.0,0.0,106.98896781801061,106.98896781801061,89.90669564538707,0.0,0.0,0.0,76.80411624381212,790.253187276077,666.1758779378653,idle,6.556592270606807,2026-08-07
2026-08-07 17:10:00,VIC1,115.75734,0.11575734,0.0,0.0,0.0,0.0,0.0,0.0,106.98896781801061,106.98896781801061,89.90669564538707,0.0,0.0,0.0,76.80411624381212,790.253187276077,666.1758779378653,idle,6.556592270606807,2026-08-07
2026-08-07 17:15:00,VIC1,105.88,0.10588,0.0,0.0,0.0,0.0,0.0,0.0,106.98896781801061,106.98896781801061,89.90669564538707,0.0,0.0,0.0,76.80411624381212,790.253187276077,666.1758779378653,idle,6.556592270606807,2026-08-07
2026-08-07 17:20:00,VIC1,120.36884,0.12036884,0.0,0.0,0.0,0.0,0.0,0.0,106.98896781801061,106.98896781801061,89.90669564538707,0.0,0.0,0.0,76.80411624381212,790.253187276077,666.1758779378653,idle,6.556592270606807,2026-08-07
2026-08-07 17:25:00,VIC1,121.40242,0.12140242000000001,0.0,0.0,0.0,0.0,0.0,0.0,106.98896781801061,106.98896781801061,89.90669564538707,0.0,0.0,0.0,76.80411624381212,790.253187276077,666.1758779378653,idle,6.556592270606807,2026-08-07
2026-08-07 17:30:00,VIC1,133.48,0.13348,0.0,69.0,0.0,5.75,0.0,6.061032181989394,106.98896781801061,100.92793563602122,84.81339129077413,0.0,0.7675099999999999,0.7675099999999999,77.57162624381212,790.253187276077,671.9258779378653,discharge,6.613184541213617,2026-08-07
2026-08-07 17:35:00,VIC1,124.77661,0.12477661000000001,0.0,57.6238873272605,0.0,4.801990610605041,0.0,5.061742544084879,100.92793563602122,95.86619309193634,80.5598261276776,0.0,0.5991761096431272,0.5991761096431272,78.17080235345524,790.253187276077,676.7278685484703,discharge,6.660446376359134,2026-08-07
2026-08-07 17:40:00,VIC1,115.0,0.115,0.0,0.0,0.0,0.0,0.0,0.0,95.86619309193634,95.86619309193634,80.5598261276776,0.0,0.0,0.0,78.17080235345524,790.253187276077,676.7278685484703,idle,6.660446376359134,2026-08-07
2026-08-07 17:45:00,VIC1,148.07478,0.14807478000000002,0.0,69.0,0.0,5.75,0.0,6.061032181989394,95.86619309193634,89.80516090994695,75.46652177306467,0.0,0.8514299850000001,0.8514299850000001,79.02223233845524,790.253187276077,682.4778685484703,discharge,6.717038646965944,2026-08-07
2026-08-07 17:50:00,VIC1,147.0,0.147,0.0,69.0,0.0,5.75,0.0,6.061032181989394,89.80516090994695,83.74412872795756,70.37321741845173,0.0,0.84525,0.84525,79.86748233845523,790.253187276077,688.2278685484703,discharge,6.773630917572755,2026-08-07
2026-08-07 17:55:00,VIC1,122.58245,0.12258245,0.0,0.0,0.0,0.0,0.0,0.0,83.74412872795756,83.74412872795756,70.37321741845173,0.0,0.0,0.0,79.86748233845523,790.253187276077,688.2278685484703,idle,6.773630917572755,2026-08-07
2026-08-07 18:00:00,VIC1,133.48,0.13348,0.0,69.0,0.0,5.75,0.0,6.061032181989394,83.74412872795756,77.68309654596817,65.2799130638388,0.0,0.7675099999999999,0.7675099999999999,80.63499233845523,790.253187276077,693.9778685484703,discharge,6.830223188179565,2026-08-07
2026-08-07 18:05:00,VIC1,147.0,0.147,0.0,69.0,0.0,5.75,0.0,6.061032181989394,77.68309654596817,71.62206436397878,60.186608709225865,0.0,0.84525,0.84525,81.48024233845523,790.253187276077,699.7278685484703,discharge,6.8868154587863755,2026-08-07
2026-08-07 18:10:00,VIC1,132.58363,0.13258363,0.0,69.0,0.0,5.75,0.0,6.061032181989394,71.62206436397878,65.56103218198939,55.09330435461294,0.0,0.7623558725,0.7623558725,82.24259821095522,790.253187276077,705.4778685484703,discharge,6.943407729393186,2026-08-07
2026-08-07 18:15:00,VIC1,111.62588,0.11162588,0.0,0.0,0.0,0.0,0.0,0.0,65.56103218198939,65.56103218198939,55.09330435461294,0.0,0.0,0.0,82.24259821095522,790.253187276077,705.4778685484703,idle,6.943407729393186,2026-08-07
2026-08-07 18:20:00,VIC1,112.20178,0.11220178,0.0,0.0,0.0,0.0,0.0,0.0,65.56103218198939,65.56103218198939,55.09330435461294,0.0,0.0,0.0,82.24259821095522,790.253187276077,705.4778685484703,idle,6.943407729393186,2026-08-07
2026-08-07 18:25:00,VIC1,133.54405,0.13354405,0.0,69.0,0.0,5.75,0.0,6.061032181989394,65.56103218198939,59.5,50.0,0.0,0.7678782875,0.7678782875,83.01047649845522,790.253187276077,711.2278685484703,discharge,6.9999999999999964,2026-08-07
2026-08-07 18:30:00,VIC1,119.52485,0.11952485,0.0,0.0,0.0,0.0,0.0,0.0,59.5,59.5,50.0,0.0,0.0,0.0,83.01047649845522,790.253187276077,711.2278685484703,idle,6.9999999999999964,2026-08-07
2026-08-07 18:35:00,VIC1,114.0622,0.1140622,0.0,0.0,0.0,0.0,0.0,0.0,59.5,59.5,50.0,0.0,0.0,0.0,83.01047649845522,790.253187276077,711.2278685484703,idle,6.9999999999999964,2026-08-07
2026-08-07 18:40:00,VIC1,115.0,0.115,0.0,0.0,0.0,0.0,0.0,0.0,59.5,59.5,50.0,0.0,0.0,0.0,83.01047649845522,790.253187276077,711.2278685484703,idle,6.9999999999999964,2026-08-07
2026-08-07 18:45:00,VIC1,105.88,0.10588,0.0,0.0,0.0,0.0,0.0,0.0,59.5,59.5,50.0,0.0,0.0,0.0,83.01047649845522,790.253187276077,711.2278685484703,idle,6.9999999999999964,2026-08-07
2026-08-07 18:50:00,VIC1,105.88,0.10588,0.0,0.0,0.0,0.0,0.0,0.0,59.5,59.5,50.0,0.0,0.0,0.0,83.01047649845522,790.253187276077,711.2278685484703,idle,6.9999999999999964,2026-08-07
2026-08-07 18:55:00,VIC1,110.9177,0.1109177,0.0,0.0,0.0,0.0,0.0,0.0,59.5,59.5,50.0,0.0,0.0,0.0,83.01047649845522,790.253187276077,711.2278685484703,idle,6.9999999999999964,2026-08-07
2026-08-07 19:00:00,VIC1,106.30832,0.10630832,0.0,0.0,0.0,0.0,0.0,0.0,59.5,59.5,50.0,0.0,0.0,0.0,83.01047649845522,790.253187276077,711.2278685484703,idle,6.9999999999999964,2026-08-07
2026-08-07 19:05:00,VIC1,106.31036,0.10631036,0.0,0.0,0.0,0.0,0.0,0.0,59.5,59.5,50.0,0.0,0.0,0.0,83.01047649845522,790.253187276077,711.2278685484703,idle,6.9999999999999964,2026-08-07
2026-08-07 19:10:00,VIC1,105.88,0.10588,0.0,0.0,0.0,0.0,0.0,0.0,59.5,59.5,50.0,0.0,0.0,0.0,83.01047649845522,790.253187276077,711.2278685484703,idle,6.9999999999999964,2026-08-07
2026-08-07 19:15:00,VIC1,105.88,0.10588,0.0,0.0,0.0,0.0,0.0,0.0,59.5,59.5,50.0,0.0,0.0,0.0,83.01047649845522,790.253187276077,711.2278685484703,idle,6.9999999999999964,2026-08-07
2026-08-07 19:20:00,VIC1,105.88,0.10588,0.0,0.0,0.0,0.0,0.0,0.0,59.5,59.5,50.0,0.0,0.0,0.0,83.01047649845522,790.253187276077,711.2278685484703,idle,6.9999999999999964,2026-08-07
2026-08-07 19:25:00,VIC1,105.88,0.10588,0.0,0.0,0.0,0.0,0.0,0.0,59.5,59.5,50.0,0.0,0.0,0.0,83.01047649845522,790.253187276077,711.2278685484703,idle,6.9999999999999964,2026-08-07
2026-08-07 19:30:00,VIC1,103.83419,0.10383419,0.0,0.0,0.0,0.0,0.0,0.0,59.5,59.5,50.0,0.0,0.0,0.0,83.01047649845522,790.253187276077,711.2278685484703,idle,6.9999999999999964,2026-08-07
2026-08-07 19:35:00,VIC1,109.0,0.109,0.0,0.0,0.0,0.0,0.0,0.0,59.5,59.5,50.0,0.0,0.0,0.0,83.01047649845522,790.253187276077,711.2278685484703,idle,6.9999999999999964,2026-08-07
2026-08-07 19:40:00,VIC1,105.88,0.10588,0.0,0.0,0.0,0.0,0.0,0.0,59.5,59.5,50.0,0.0,0.0,0.0,83.01047649845522,790.253187276077,711.2278685484703,idle,6.9999999999999964,2026-08-07
2026-08-07 19:45:00,VIC1,101.0534,0.1010534,0.0,0.0,0.0,0.0,0.0,0.0,59.5,59.5,50.0,0.0,0.0,0.0,83.01047649845522,790.253187276077,711.2278685484703,idle,6.9999999999999964,2026-08-07
2026-08-07 19:50:00,VIC1,100.19522,0.10019522,0.0,0.0,0.0,0.0,0.0,0.0,59.5,59.5,50.0,0.0,0.0,0.0,83.01047649845522,790.253187276077,711.2278685484703,idle,6.9999999999999964,2026-08-07
2026-08-07 19:55:00,VIC1,109.0,0.109,0.0,0.0,0.0,0.0,0.0,0.0,59.5,59.5,50.0,0.0,0.0,0.0,83.01047649845522,790.253187276077,711.2278685484703,idle,6.9999999999999964,2026-08-07
2026-08-07 20:00:00,VIC1,109.0,0.109,0.0,0.0,0.0,0.0,0.0,0.0,59.5,59.5,50.0,0.0,0.0,0.0,83.01047649845522,790.253187276077,711.2278685484703,idle,6.9999999999999964,2026-08-07
2026-08-07 20:05:00,VIC1,107.68,0.10768000000000001,0.0,0.0,0.0,0.0,0.0,0.0,59.5,59.5,50.0,0.0,0.0,0.0,83.01047649845522,790.253187276077,711.2278685484703,idle,6.9999999999999964,2026-08-07
2026-08-07 20:10:00,VIC1,107.68,0.10768000000000001,0.0,0.0,0.0,0.0,0.0,0.0,59.5,59.5,50.0,0.0,0.0,0.0,83.01047649845522,790.253187276077,711.2278685484703,idle,6.9999999999999964,2026-08-07
2026-08-07 20:15:00,VIC1,105.10814,0.10510814,0.0,0.0,0.0,0.0,0.0,0.0,59.5,59.5,50.0,0.0,0.0,0.0,83.01047649845522,790.253187276077,711.2278685484703,idle,6.9999999999999964,2026-08-07
2026-08-07 20:20:00,VIC1,102.82316,0.10282316,0.0,0.0,0.0,0.0,0.0,0.0,59.5,59.5,50.0,0.0,0.0,0.0,83.01047649845522,790.253187276077,711.2278685484703,idle,6.9999999999999964,2026-08-07
2026-08-07 20:25:00,VIC1,106.23968,0.10623968,0.0,0.0,0.0,0.0,0.0,0.0,59.5,59.5,50.0,0.0,0.0,0.0,83.01047649845522,790.253187276077,711.2278685484703,idle,6.9999999999999964,2026-08-07
2026-08-07 20:30:00,VIC1,105.88,0.10588,0.0,0.0,0.0,0.0,0.0,0.0,59.5,59.5,50.0,0.0,0.0,0.0,83.01047649845522,790.253187276077,711.2278685484703,idle,6.9999999999999964,2026-08-07
2026-08-07 20:35:00,VIC1,105.11269,0.10511269000000001,0.0,0.0,0.0,0.0,0.0,0.0,59.5,59.5,50.0,0.0,0.0,0.0,83.01047649845522,790.253187276077,711.2278685484703,idle,6.9999999999999964,2026-08-07
2026-08-07 20:40:00,VIC1,105.88,0.10588,0.0,0.0,0.0,0.0,0.0,0.0,59.5,59.5,50.0,0.0,0.0,0.0,83.01047649845522,790.253187276077,711.2278685484703,idle,6.9999999999999964,2026-08-07
2026-08-07 20:45:00,VIC1,104.90868,0.10490868,0.0,0.0,0.0,0.0,0.0,0.0,59.5,59.5,50.0,0.0,0.0,0.0,83.01047649845522,790.253187276077,711.2278685484703,idle,6.9999999999999964,2026-08-07
2026-08-07 20:50:00,VIC1,104.75106,0.10475106,0.0,0.0,0.0,0.0,0.0,0.0,59.5,59.5,50.0,0.0,0.0,0.0,83.01047649845522,790.253187276077,711.2278685484703,idle,6.9999999999999964,2026-08-07
2026-08-07 20:55:00,VIC1,103.961,0.103961,0.0,0.0,0.0,0.0,0.0,0.0,59.5,59.5,50.0,0.0,0.0,0.0,83.01047649845522,790.253187276077,711.2278685484703,idle,6.9999999999999964,2026-08-07
2026-08-07 21:00:00,VIC1,105.88,0.10588,0.0,0.0,0.0,0.0,0.0,0.0,59.5,59.5,50.0,0.0,0.0,0.0,83.01047649845522,790.253187276077,711.2278685484703,idle,6.9999999999999964,2026-08-07
2026-08-07 21:05:00,VIC1,110.43046,0.11043046,0.0,0.0,0.0,0.0,0.0,0.0,59.5,59.5,50.0,0.0,0.0,0.0,83.01047649845522,790.253187276077,711.2278685484703,idle,6.9999999999999964,2026-08-07
2026-08-07 21:10:00,VIC1,105.88,0.10588,0.0,0.0,0.0,0.0,0.0,0.0,59.5,59.5,50.0,0.0,0.0,0.0,83.01047649845522,790.253187276077,711.2278685484703,idle,6.9999999999999964,2026-08-07
2026-08-07 21:15:00,VIC1,97.8565,0.0978565,0.0,0.0,0.0,0.0,0.0,0.0,59.5,59.5,50.0,0.0,0.0,0.0,83.01047649845522,790.253187276077,711.2278685484703,idle,6.9999999999999964,2026-08-07
2026-08-07 21:20:00,VIC1,106.18482,0.10618482,0.0,0.0,0.0,0.0,0.0,0.0,59.5,59.5,50.0,0.0,0.0,0.0,83.01047649845522,790.253187276077,711.2278685484703,idle,6.9999999999999964,2026-08-07
2026-08-07 21:25:00,VIC1,101.33903,0.10133903,0.0,0.0,0.0,0.0,0.0,0.0,59.5,59.5,50.0,0.0,0.0,0.0,83.01047649845522,790.253187276077,711.2278685484703,idle,6.9999999999999964,2026-08-07
2026-08-07 21:30:00,VIC1,105.88,0.10588,0.0,0.0,0.0,0.0,0.0,0.0,59.5,59.5,50.0,0.0,0.0,0.0,83.01047649845522,790.253187276077,711.2278685484703,idle,6.9999999999999964,2026-08-07
2026-08-07 21:35:00,VIC1,102.05338,0.10205338000000001,0.0,0.0,0.0,0.0,0.0,0.0,59.5,59.5,50.0,0.0,0.0,0.0,83.01047649845522,790.253187276077,711.2278685484703,idle,6.9999999999999964,2026-08-07
2026-08-07 21:40:00,VIC1,103.29297,0.10329297,0.0,0.0,0.0,0.0,0.0,0.0,59.5,59.5,50.0,0.0,0.0,0.0,83.01047649845522,790.253187276077,711.2278685484703,idle,6.9999999999999964,2026-08-07
2026-08-07 21:45:00,VIC1,97.2443,0.09724429999999999,0.0,0.0,0.0,0.0,0.0,0.0,59.5,59.5,50.0,0.0,0.0,0.0,83.01047649845522,790.253187276077,711.2278685484703,idle,6.9999999999999964,2026-08-07
2026-08-07 21:50:00,VIC1,86.2912,0.0862912,0.0,0.0,0.0,0.0,0.0,0.0,59.5,59.5,50.0,0.0,0.0,0.0,83.01047649845522,790.253187276077,711.2278685484703,idle,6.9999999999999964,2026-08-07
2026-08-07 21:55:00,VIC1,95.75058,0.09575058,0.0,0.0,0.0,0.0,0.0,0.0,59.5,59.5,50.0,0.0,0.0,0.0,83.01047649845522,790.253187276077,711.2278685484703,idle,6.9999999999999964,2026-08-07
2026-08-07 22:00:00,VIC1,97.99984,0.09799984,0.0,0.0,0.0,0.0,0.0,0.0,59.5,59.5,50.0,0.0,0.0,0.0,83.01047649845522,790.253187276077,711.2278685484703,idle,6.9999999999999964,2026-08-07
2026-08-07 22:05:00,VIC1,105.88,0.10588,0.0,0.0,0.0,0.0,0.0,0.0,59.5,59.5,50.0,0.0,0.0,0.0,83.01047649845522,790.253187276077,711.2278685484703,idle,6.9999999999999964,2026-08-07
2026-08-07 22:10:00,VIC1,104.84004,0.10484004000000001,0.0,0.0,0.0,0.0,0.0,0.0,59.5,59.5,50.0,0.0,0.0,0.0,83.01047649845522,790.253187276077,711.2278685484703,idle,6.9999999999999964,2026-08-07
2026-08-07 22:15:00,VIC1,101.74353,0.10174353000000001,0.0,0.0,0.0,0.0,0.0,0.0,59.5,59.5,50.0,0.0,0.0,0.0,83.01047649845522,790.253187276077,711.2278685484703,idle,6.9999999999999964,2026-08-07
2026-08-07 22:20:00,VIC1,100.03841,0.10003841,0.0,0.0,0.0,0.0,0.0,0.0,59.5,59.5,50.0,0.0,0.0,0.0,83.01047649845522,790.253187276077,711.2278685484703,idle,6.9999999999999964,2026-08-07
2026-08-07 22:25:00,VIC1,105.88,0.10588,0.0,0.0,0.0,0.0,0.0,0.0,59.5,59.5,50.0,0.0,0.0,0.0,83.01047649845522,790.253187276077,711.2278685484703,idle,6.9999999999999964,2026-08-07
2026-08-07 22:30:00,VIC1,97.68803,0.09768803,0.0,0.0,0.0,0.0,0.0,0.0,59.5,59.5,50.0,0.0,0.0,0.0,83.01047649845522,790.253187276077,711.2278685484703,idle,6.9999999999999964,2026-08-07
2026-08-07 22:35:00,VIC1,96.80594,0.09680594000000001,0.0,0.0,0.0,0.0,0.0,0.0,59.5,59.5,50.0,0.0,0.0,0.0,83.01047649845522,790.253187276077,711.2278685484703,idle,6.9999999999999964,2026-08-07
2026-08-07 22:40:00,VIC1,97.44981,0.09744981,0.0,0.0,0.0,0.0,0.0,0.0,59.5,59.5,50.0,0.0,0.0,0.0,83.01047649845522,790.253187276077,711.2278685484703,idle,6.9999999999999964,2026-08-07
2026-08-07 22:45:00,VIC1,95.32775,0.09532775,0.0,0.0,0.0,0.0,0.0,0.0,59.5,59.5,50.0,0.0,0.0,0.0,83.01047649845522,790.253187276077,711.2278685484703,idle,6.9999999999999964,2026-08-07
2026-08-07 22:50:00,VIC1,94.73706,0.09473706,0.0,0.0,0.0,0.0,0.0,0.0,59.5,59.5,50.0,0.0,0.0,0.0,83.01047649845522,790.253187276077,711.2278685484703,idle,6.9999999999999964,2026-08-07
2026-08-07 22:55:00,VIC1,90.51511,0.09051511000000001,0.0,0.0,0.0,0.0,0.0,0.0,59.5,59.5,50.0,0.0,0.0,0.0,83.01047649845522,790.253187276077,711.2278685484703,idle,6.9999999999999964,2026-08-07
2026-08-07 23:00:00,VIC1,81.68,0.08168,0.0,0.0,0.0,0.0,0.0,0.0,59.5,59.5,50.0,0.0,0.0,0.0,83.01047649845522,790.253187276077,711.2278685484703,idle,6.9999999999999964,2026-08-07
2026-08-07 23:05:00,VIC1,91.27106,0.09127106,0.0,0.0,0.0,0.0,0.0,0.0,59.5,59.5,50.0,0.0,0.0,0.0,83.01047649845522,790.253187276077,711.2278685484703,idle,6.9999999999999964,2026-08-07
2026-08-07 23:10:00,VIC1,91.97115,0.09197115,0.0,0.0,0.0,0.0,0.0,0.0,59.5,59.5,50.0,0.0,0.0,0.0,83.01047649845522,790.253187276077,711.2278685484703,idle,6.9999999999999964,2026-08-07
2026-08-07 23:15:00,VIC1,75.88,0.07588,0.0,0.0,0.0,0.0,0.0,0.0,59.5,59.5,50.0,0.0,0.0,0.0,83.01047649845522,790.253187276077,711.2278685484703,idle,6.9999999999999964,2026-08-07
2026-08-07 23:20:00,VIC1,80.91448,0.08091448,0.0,0.0,0.0,0.0,0.0,0.0,59.5,59.5,50.0,0.0,0.0,0.0,83.01047649845522,790.253187276077,711.2278685484703,idle,6.9999999999999964,2026-08-07
2026-08-07 23:25:00,VIC1,82.28839,0.08228839,0.0,0.0,0.0,0.0,0.0,0.0,59.5,59.5,50.0,0.0,0.0,0.0,83.01047649845522,790.253187276077,711.2278685484703,idle,6.9999999999999964,2026-08-07
2026-08-07 23:30:00,VIC1,81.5784,0.08157840000000001,0.0,0.0,0.0,0.0,0.0,0.0,59.5,59.5,50.0,0.0,0.0,0.0,83.01047649845522,790.253187276077,711.2278685484703,idle,6.9999999999999964,2026-08-07
2026-08-07 23:35:00,VIC1,79.44651,0.07944651000000001,0.0,0.0,0.0,0.0,0.0,0.0,59.5,59.5,50.0,0.0,0.0,0.0,83.01047649845522,790.253187276077,711.2278685484703,idle,6.9999999999999964,2026-08-07
2026-08-07 23:40:00,VIC1,94.63426,0.09463426,0.0,0.0,0.0,0.0,0.0,0.0,59.5,59.5,50.0,0.0,0.0,0.0,83.01047649845522,790.253187276077,711.2278685484703,idle,6.9999999999999964,2026-08-07
2026-08-07 23:45:00,VIC1,85.60591,0.08560591,0.0,0.0,0.0,0.0,0.0,0.0,59.5,59.5,50.0,0.0,0.0,0.0,83.01047649845522,790.253187276077,711.2278685484703,idle,6.9999999999999964,2026-08-07
2026-08-07 23:50:00,VIC1,64.61707,0.06461707,0.0,0.0,0.0,0.0,0.0,0.0,59.5,59.5,50.0,0.0,0.0,0.0,83.01047649845522,790.253187276077,711.2278685484703,idle,6.9999999999999964,2026-08-07
2026-08-07 23:55:00,VIC1,56.40546,0.05640546,0.0,0.0,0.0,0.0,0.0,0.0,59.5,59.5,50.0,0.0,0.0,0.0,83.01047649845522,790.253187276077,711.2278685484703,idle,6.9999999999999964,2026-08-07
2026-08-08 00:00:00,VIC1,50.94001,0.05094001,0.0,0.0,0.0,0.0,0.0,0.0,59.5,59.5,50.0,0.0,0.0,0.0,83.01047649845522,790.253187276077,711.2278685484703,idle,6.9999999999999964,2026-08-07
