timestamp,region,price_mwh,price,charge_power_kw,discharge_power_kw,charge_energy_kwh,discharge_energy_kwh,battery_charge_kwh,battery_discharge_kwh,soc_start_kwh,soc_kwh,soc_percent,charge_cost,discharge_revenue,interval_revenue,cumulative_revenue,cumulative_charge_energy_kwh,cumulative_discharge_energy_kwh,operating_state,equivalent_full_cycles,day
2026-08-01 00:05:00,VIC1,92.76094,0.09276094,0.0,69.0,0.0,5.75,0.0,6.061032181989394,59.5,53.4389678180106,44.90669564538706,0.0,0.533375405,0.533375405,0.533375405,0.0,5.75,discharge,0.05659227060681041,2026-08-01
2026-08-01 00:10:00,VIC1,99.18793,0.09918793,0.0,69.0,0.0,5.75,0.0,6.061032181989394,53.4389678180106,47.3779356360212,39.81339129077412,0.0,0.5703305974999999,0.5703305974999999,1.1037060025,0.0,11.5,discharge,0.11318454121362082,2026-08-01
2026-08-01 00:15:00,VIC1,122.3666,0.1223666,0.0,69.0,0.0,5.75,0.0,6.061032181989394,47.3779356360212,41.31690345403181,34.72008693616118,0.0,0.70360795,0.70360795,1.8073139525,0.0,17.25,discharge,0.16977681182043122,2026-08-01
2026-08-01 00:20:00,VIC1,99.18793,0.09918793,0.0,69.0,0.0,5.75,0.0,6.061032181989394,41.31690345403181,35.25587127204241,29.626782581548245,0.0,0.5703305974999999,0.5703305974999999,2.37764455,0.0,23.0,discharge,0.22636908242724163,2026-08-01
2026-08-01 00:25:00,VIC1,91.50097,0.09150097,0.0,69.0,0.0,5.75,0.0,6.061032181989394,35.25587127204241,29.19483909005302,24.53347822693531,0.0,0.5261305775,0.5261305775,2.9037751275,0.0,28.75,discharge,0.282961353034052,2026-08-01
2026-08-01 00:30:00,VIC1,90.56,0.09056,0.0,69.0,0.0,5.75,0.0,6.061032181989394,29.19483909005302,23.133806908063626,19.440173872322376,0.0,0.52072,0.52072,3.4244951274999997,0.0,34.5,discharge,0.33955362364086245,2026-08-01
2026-08-01 00:35:00,VIC1,90.56,0.09056,0.0,69.0,0.0,5.75,0.0,6.061032181989394,23.133806908063626,17.072774726074233,14.34686951770944,0.0,0.52072,0.52072,3.9452151274999996,0.0,40.25,discharge,0.3961458942476729,2026-08-01
2026-08-01 00:40:00,VIC1,90.99279,0.09099279,0.0,69.0,0.0,5.75,0.0,6.061032181989394,17.072774726074233,11.01174254408484,9.253565163096503,0.0,0.5232085425,0.5232085425,4.46842367,0.0,46.0,discharge,0.4527381648544833,2026-08-01
2026-08-01 00:45:00,VIC1,81.69672,0.08169672,0.0,0.0,0.0,0.0,0.0,0.0,11.01174254408484,11.01174254408484,9.253565163096503,0.0,0.0,0.0,4.46842367,0.0,46.0,idle,0.4527381648544833,2026-08-01
2026-08-01 00:50:00,VIC1,82.24103,0.08224102999999999,0.0,0.0,0.0,0.0,0.0,0.0,11.01174254408484,11.01174254408484,9.253565163096503,0.0,0.0,0.0,4.46842367,0.0,46.0,idle,0.4527381648544833,2026-08-01
2026-08-01 00:55:00,VIC1,80.5,0.0805,0.0,0.0,0.0,0.0,0.0,0.0,11.01174254408484,11.01174254408484,9.253565163096503,0.0,0.0,0.0,4.46842367,0.0,46.0,idle,0.4527381648544833,2026-08-01
2026-08-01 01:00:00,VIC1,80.5,0.0805,0.0,0.0,0.0,0.0,0.0,0.0,11.01174254408484,11.01174254408484,9.253565163096503,0.0,0.0,0.0,4.46842367,0.0,46.0,idle,0.4527381648544833,2026-08-01
2026-08-01 01:05:00,VIC1,75.4,0.07540000000000001,62.705857816032186,0.0,5.225488151336015,0.0,4.957333333333333,0.0,11.01174254408484,15.969075877418172,13.419391493628716,0.3940018066107356,0.0,-0.3940018066107356,4.074421863389264,5.225488151336015,46.0,charge,0.4527381648544833,2026-08-01
2026-08-01 01:10:00,VIC1,75.4,0.07540000000000001,62.705857816032186,0.0,5.225488151336015,0.0,4.957333333333333,0.0,15.969075877418172,20.926409210751505,17.585217824160928,0.3940018066107356,0.0,-0.3940018066107356,3.6804200567785283,10.45097630267203,46.0,charge,0.4527381648544833,2026-08-01
2026-08-01 01:15:00,VIC1,80.5,0.0805,0.0,0.0,0.0,0.0,0.0,0.0,20.926409210751505,20.926409210751505,17.585217824160928,0.0,0.0,0.0,3.6804200567785283,10.45097630267203,46.0,idle,0.4527381648544833,2026-08-01
2026-08-01 01:20:00,VIC1,81.68,0.08168,0.0,0.0,0.0,0.0,0.0,0.0,20.926409210751505,20.926409210751505,17.585217824160928,0.0,0.0,0.0,3.6804200567785283,10.45097630267203,46.0,idle,0.4527381648544833,2026-08-01
2026-08-01 01:25:00,VIC1,79.70699,0.07970699,62.705857816032186,0.0,5.225488151336015,0.0,4.957333333333333,0.0,20.926409210751505,25.88374254408484,21.75104415469314,0.41650793182365825,0.0,-0.41650793182365825,3.26391212495487,15.676464454008045,46.0,charge,0.4527381648544833,2026-08-01
2026-08-01 01:30:00,VIC1,75.4,0.07540000000000001,62.705857816032186,0.0,5.225488151336015,0.0,4.957333333333333,0.0,25.88374254408484,30.84107587741817,25.916870485225353,0.3940018066107356,0.0,-0.3940018066107356,2.869910318344134,20.90195260534406,46.0,charge,0.4527381648544833,2026-08-01
2026-08-01 01:35:00,VIC1,80.5,0.0805,0.0,0.0,0.0,0.0,0.0,0.0,30.84107587741817,30.84107587741817,25.916870485225353,0.0,0.0,0.0,2.869910318344134,20.90195260534406,46.0,idle,0.4527381648544833,2026-08-01
2026-08-01 01:40:00,VIC1,80.5,0.0805,0.0,0.0,0.0,0.0,0.0,0.0,30.84107587741817,30.84107587741817,25.916870485225353,0.0,0.0,0.0,2.869910318344134,20.90195260534406,46.0,idle,0.4527381648544833,2026-08-01
2026-08-01 01:45:00,VIC1,81.63,0.08163,0.0,0.0,0.0,0.0,0.0,0.0,30.84107587741817,30.84107587741817,25.916870485225353,0.0,0.0,0.0,2.869910318344134,20.90195260534406,46.0,idle,0.4527381648544833,2026-08-01
2026-08-01 01:50:00,VIC1,81.63,0.08163,0.0,0.0,0.0,0.0,0.0,0.0,30.84107587741817,30.84107587741817,25.916870485225353,0.0,0.0,0.0,2.869910318344134,20.90195260534406,46.0,idle,0.4527381648544833,2026-08-01
2026-08-01 01:55:00,VIC1,81.63,0.08163,0.0,0.0,0.0,0.0,0.0,0.0,30.84107587741817,30.84107587741817,25.916870485225353,0.0,0.0,0.0,2.869910318344134,20.90195260534406,46.0,idle,0.4527381648544833,2026-08-01
2026-08-01 02:00:00,VIC1,72.00002,0.07200002000000001,62.705857816032186,0.0,5.225488151336015,0.0,4.957333333333333,0.0,30.84107587741817,35.7984092107515,30.082696815757565,0.3762352514059562,0.0,-0.3762352514059562,2.4936750669381778,26.127440756680077,46.0,charge,0.4527381648544833,2026-08-01
2026-08-01 02:05:00,VIC1,80.5,0.0805,0.0,0.0,0.0,0.0,0.0,0.0,35.7984092107515,35.7984092107515,30.082696815757565,0.0,0.0,0.0,2.4936750669381778,26.127440756680077,46.0,idle,0.4527381648544833,2026-08-01
2026-08-01 02:10:00,VIC1,89.89105,0.08989105000000001,0.0,69.0,0.0,5.75,0.0,6.061032181989394,35.7984092107515,29.737377028762108,24.98939246114463,0.0,0.5168735375000001,0.5168735375000001,3.0105486044381777,26.127440756680077,51.75,discharge,0.5093304354612938,2026-08-01
2026-08-01 02:15:00,VIC1,80.5,0.0805,0.0,0.0,0.0,0.0,0.0,0.0,29.737377028762108,29.737377028762108,24.98939246114463,0.0,0.0,0.0,3.0105486044381777,26.127440756680077,51.75,idle,0.5093304354612938,2026-08-01
2026-08-01 02:20:00,VIC1,80.5,0.0805,0.0,0.0,0.0,0.0,0.0,0.0,29.737377028762108,29.737377028762108,24.98939246114463,0.0,0.0,0.0,3.0105486044381777,26.127440756680077,51.75,idle,0.5093304354612938,2026-08-01
2026-08-01 02:25:00,VIC1,82.79559,0.08279559,0.0,0.0,0.0,0.0,0.0,0.0,29.737377028762108,29.737377028762108,24.98939246114463,0.0,0.0,0.0,3.0105486044381777,26.127440756680077,51.75,idle,0.5093304354612938,2026-08-01
2026-08-01 02:30:00,VIC1,84.19844,0.08419844000000001,0.0,0.0,0.0,0.0,0.0,0.0,29.737377028762108,29.737377028762108,24.98939246114463,0.0,0.0,0.0,3.0105486044381777,26.127440756680077,51.75,idle,0.5093304354612938,2026-08-01
2026-08-01 02:35:00,VIC1,83.41316,0.08341316,0.0,0.0,0.0,0.0,0.0,0.0,29.737377028762108,29.737377028762108,24.98939246114463,0.0,0.0,0.0,3.0105486044381777,26.127440756680077,51.75,idle,0.5093304354612938,2026-08-01
2026-08-01 02:40:00,VIC1,80.5,0.0805,0.0,0.0,0.0,0.0,0.0,0.0,29.737377028762108,29.737377028762108,24.98939246114463,0.0,0.0,0.0,3.0105486044381777,26.127440756680077,51.75,idle,0.5093304354612938,2026-08-01
2026-08-01 02:45:00,VIC1,75.4,0.07540000000000001,62.705857816032186,0.0,5.225488151336015,0.0,4.957333333333333,0.0,29.737377028762108,34.69471036209544,29.15521879167684,0.3940018066107356,0.0,-0.3940018066107356,2.616546797827442,31.352928908016093,51.75,charge,0.5093304354612938,2026-08-01
2026-08-01 02:50:00,VIC1,97.51383,0.09751383,0.0,69.0,0.0,5.75,0.0,6.061032181989394,34.69471036209544,28.63367818010605,24.061914437063905,0.0,0.5607045225,0.5607045225,3.177251320327442,31.352928908016093,57.5,discharge,0.5659227060681041,2026-08-01
2026-08-01 02:55:00,VIC1,80.5,0.0805,0.0,0.0,0.0,0.0,0.0,0.0,28.63367818010605,28.63367818010605,24.061914437063905,0.0,0.0,0.0,3.177251320327442,31.352928908016093,57.5,idle,0.5659227060681041,2026-08-01
2026-08-01 03:00:00,VIC1,65.49347,0.06549347,62.705857816032186,0.0,5.225488151336015,0.0,4.957333333333333,0.0,28.63367818010605,33.59101151343938,28.22774076759612,0.34223535147488077,0.0,-0.34223535147488077,2.835015968852561,36.578417059352105,57.5,charge,0.5659227060681041,2026-08-01
2026-08-01 03:05:00,VIC1,75.4,0.07540000000000001,62.705857816032186,0.0,5.225488151336015,0.0,4.957333333333333,0.0,33.59101151343938,38.548344846772714,32.39356709812834,0.3940018066107356,0.0,-0.3940018066107356,2.4410141622418253,41.80390521068812,57.5,charge,0.5659227060681041,2026-08-01
2026-08-01 03:10:00,VIC1,71.15987,0.07115987,62.705857816032186,0.0,5.225488151336015,0.0,4.957333333333333,0.0,38.548344846772714,43.505678180106045,36.55939342866054,0.37184505753561115,0.0,-0.37184505753561115,2.069169104706214,47.02939336202414,57.5,charge,0.5659227060681041,2026-08-01
2026-08-01 03:15:00,VIC1,80.5,0.0805,0.0,0.0,0.0,0.0,0.0,0.0,43.505678180106045,43.505678180106045,36.55939342866054,0.0,0.0,0.0,2.069169104706214,47.02939336202414,57.5,idle,0.5659227060681041,2026-08-01
2026-08-01 03:20:00,VIC1,80.5,0.0805,0.0,0.0,0.0,0.0,0.0,0.0,43.505678180106045,43.505678180106045,36.55939342866054,0.0,0.0,0.0,2.069169104706214,47.02939336202414,57.5,idle,0.5659227060681041,2026-08-01
2026-08-01 03:25:00,VIC1,86.09751,0.08609751,0.0,0.0,0.0,0.0,0.0,0.0,43.505678180106045,43.505678180106045,36.55939342866054,0.0,0.0,0.0,2.069169104706214,47.02939336202414,57.5,idle,0.5659227060681041,2026-08-01
2026-08-01 03:30:00,VIC1,80.5,0.0805,0.0,0.0,0.0,0.0,0.0,0.0,43.505678180106045,43.505678180106045,36.55939342866054,0.0,0.0,0.0,2.069169104706214,47.02939336202414,57.5,idle,0.5659227060681041,2026-08-01
2026-08-01 03:35:00,VIC1,66.16427,0.06616427,62.705857816032186,0.0,5.225488151336015,0.0,4.957333333333333,0.0,43.505678180106045,48.463011513439376,40.725219759192754,0.345740608926797,0.0,-0.345740608926797,1.723428495779417,52.254881513360154,57.5,charge,0.5659227060681041,2026-08-01
2026-08-01 03:40:00,VIC1,79.40412,0.07940412000000001,62.705857816032186,0.0,5.225488151336015,0.0,4.957333333333333,0.0,48.463011513439376,53.42034484677271,44.89104608972496,0.41492528822726316,0.0,-0.41492528822726316,1.3085032075521539,57.48036966469617,57.5,charge,0.5659227060681041,2026-08-01
2026-08-01 03:45:00,VIC1,75.4,0.07540000000000001,62.705857816032186,0.0,5.225488151336015,0.0,4.957333333333333,0.0,53.42034484677271,58.377678180106045,49.05687242025718,0.3940018066107356,0.0,-0.3940018066107356,0.9145014009414183,62.705857816032186,57.5,charge,0.5659227060681041,2026-08-01
2026-08-01 03:50:00,VIC1,75.4,0.07540000000000001,62.705857816032186,0.0,5.225488151336015,0.0,4.957333333333333,0.0,58.377678180106045,63.335011513439376,53.22269875078939,0.3940018066107356,0.0,-0.3940018066107356,0.5204995943306827,67.9313459673682,57.5,charge,0.5659227060681041,2026-08-01
2026-08-01 03:55:00,VIC1,80.5,0.0805,0.0,0.0,0.0,0.0,0.0,0.0,63.335011513439376,63.335011513439376,53.22269875078939,0.0,0.0,0.0,0.5204995943306827,67.9313459673682,57.5,idle,0.5659227060681041,2026-08-01
2026-08-01 04:00:00,VIC1,66.09443,0.06609443000000001,62.705857816032186,0.0,5.225488151336015,0.0,4.957333333333333,0.0,63.335011513439376,68.2923448467727,57.3885250813216,0.3453756608343077,0.0,-0.3453756608343077,0.175123933496375,73.15683411870421,57.5,charge,0.5659227060681041,2026-08-01
2026-08-01 04:05:00,VIC1,80.5,0.0805,0.0,0.0,0.0,0.0,0.0,0.0,68.2923448467727,68.2923448467727,57.3885250813216,0.0,0.0,0.0,0.175123933496375,73.15683411870421,57.5,idle,0.5659227060681041,2026-08-01
2026-08-01 04:10:00,VIC1,80.5,0.0805,0.0,0.0,0.0,0.0,0.0,0.0,68.2923448467727,68.2923448467727,57.3885250813216,0.0,0.0,0.0,0.175123933496375,73.15683411870421,57.5,idle,0.5659227060681041,2026-08-01
2026-08-01 04:15:00,VIC1,80.5,0.0805,0.0,0.0,0.0,0.0,0.0,0.0,68.2923448467727,68.2923448467727,57.3885250813216,0.0,0.0,0.0,0.175123933496375,73.15683411870421,57.5,idle,0.5659227060681041,2026-08-01
2026-08-01 04:20:00,VIC1,80.5,0.0805,0.0,0.0,0.0,0.0,0.0,0.0,68.2923448467727,68.2923448467727,57.3885250813216,0.0,0.0,0.0,0.175123933496375,73.15683411870421,57.5,idle,0.5659227060681041,2026-08-01
2026-08-01 04:25:00,VIC1,79.6924,0.07969240000000001,62.705857816032186,0.0,5.225488151336015,0.0,4.957333333333333,0.0,68.2923448467727,73.24967818010605,61.55435141185382,0.4164316919515303,0.0,-0.4164316919515303,-0.24130775845515529,78.38232227004022,57.5,charge,0.5659227060681041,2026-08-01
2026-08-01 04:30:00,VIC1,80.5,0.0805,0.0,0.0,0.0,0.0,0.0,0.0,73.24967818010605,73.24967818010605,61.55435141185382,0.0,0.0,0.0,-0.24130775845515529,78.38232227004022,57.5,idle,0.5659227060681041,2026-08-01
2026-08-01 04:35:00,VIC1,75.4,0.07540000000000001,62.705857816032186,0.0,5.225488151336015,0.0,4.957333333333333,0.0,73.24967818010605,78.20701151343938,65.72017774238603,0.3940018066107356,0.0,-0.3940018066107356,-0.6353095650658909,83.60781042137623,57.5,charge,0.5659227060681041,2026-08-01
2026-08-01 04:40:00,VIC1,79.97705,0.07997705000000001,62.705857816032186,0.0,5.225488151336015,0.0,4.957333333333333,0.0,78.20701151343938,83.1643448467727,69.88600407291824,0.4179191271538081,0.0,-0.4179191271538081,-1.053228692219699,88.83329857271224,57.5,charge,0.5659227060681041,2026-08-01
2026-08-01 04:45:00,VIC1,80.5,0.0805,0.0,0.0,0.0,0.0,0.0,0.0,83.1643448467727,83.1643448467727,69.88600407291824,0.0,0.0,0.0,-1.053228692219699,88.83329857271224,57.5,idle,0.5659227060681041,2026-08-01
2026-08-01 04:50:00,VIC1,86.09116,0.08609116,0.0,0.0,0.0,0.0,0.0,0.0,83.1643448467727,83.1643448467727,69.88600407291824,0.0,0.0,0.0,-1.053228692219699,88.83329857271224,57.5,idle,0.5659227060681041,2026-08-01
2026-08-01 04:55:00,VIC1,84.494,0.084494,0.0,0.0,0.0,0.0,0.0,0.0,83.1643448467727,83.1643448467727,69.88600407291824,0.0,0.0,0.0,-1.053228692219699,88.83329857271224,57.5,idle,0.5659227060681041,2026-08-01
2026-08-01 05:00:00,VIC1,86.67589,0.08667588999999999,0.0,0.0,0.0,0.0,0.0,0.0,83.1643448467727,83.1643448467727,69.88600407291824,0.0,0.0,0.0,-1.053228692219699,88.83329857271224,57.5,idle,0.5659227060681041,2026-08-01
2026-08-01 05:05:00,VIC1,80.5,0.0805,0.0,0.0,0.0,0.0,0.0,0.0,83.1643448467727,83.1643448467727,69.88600407291824,0.0,0.0,0.0,-1.053228692219699,88.83329857271224,57.5,idle,0.5659227060681041,2026-08-01
2026-08-01 05:10:00,VIC1,86.72153,0.08672153,0.0,0.0,0.0,0.0,0.0,0.0,83.1643448467727,83.1643448467727,69.88600407291824,0.0,0.0,0.0,-1.053228692219699,88.83329857271224,57.5,idle,0.5659227060681041,2026-08-01
2026-08-01 05:15:00,VIC1,95.35539,0.09535539,0.0,69.0,0.0,5.75,0.0,6.061032181989394,83.1643448467727,77.10331266478332,64.79269971830531,0.0,0.5482934925,0.5482934925,-0.5049351997196989,88.83329857271224,63.25,discharge,0.6225149766749145,2026-08-01
2026-08-01 05:20:00,VIC1,90.03627,0.09003627,0.0,69.0,0.0,5.75,0.0,6.061032181989394,77.10331266478332,71.04228048279393,59.699395363692375,0.0,0.5177085525,0.5177085525,0.012773352780301117,88.83329857271224,69.0,discharge,0.6791072472817249,2026-08-01
2026-08-01 05:25:00,VIC1,85.8916,0.0858916,0.0,0.0,0.0,0.0,0.0,0.0,71.04228048279393,71.04228048279393,59.699395363692375,0.0,0.0,0.0,0.012773352780301117,88.83329857271224,69.0,idle,0.6791072472817249,2026-08-01
2026-08-01 05:30:00,VIC1,82.05451,0.08205451,0.0,0.0,0.0,0.0,0.0,0.0,71.04228048279393,71.04228048279393,59.699395363692375,0.0,0.0,0.0,0.012773352780301117,88.83329857271224,69.0,idle,0.6791072472817249,2026-08-01
2026-08-01 05:35:00,VIC1,80.5,0.0805,0.0,0.0,0.0,0.0,0.0,0.0,71.04228048279393,71.04228048279393,59.699395363692375,0.0,0.0,0.0,0.012773352780301117,88.83329857271224,69.0,idle,0.6791072472817249,2026-08-01
2026-08-01 05:40:00,VIC1,83.21201,0.08321201,0.0,0.0,0.0,0.0,0.0,0.0,71.04228048279393,71.04228048279393,59.699395363692375,0.0,0.0,0.0,0.012773352780301117,88.83329857271224,69.0,idle,0.6791072472817249,2026-08-01
2026-08-01 05:45:00,VIC1,80.5,0.0805,0.0,0.0,0.0,0.0,0.0,0.0,71.04228048279393,71.04228048279393,59.699395363692375,0.0,0.0,0.0,0.012773352780301117,88.83329857271224,69.0,idle,0.6791072472817249,2026-08-01
2026-08-01 05:50:00,VIC1,86.30549,0.08630549000000001,0.0,0.0,0.0,0.0,0.0,0.0,71.04228048279393,71.04228048279393,59.699395363692375,0.0,0.0,0.0,0.012773352780301117,88.83329857271224,69.0,idle,0.6791072472817249,2026-08-01
2026-08-01 05:55:00,VIC1,84.05955,0.08405955,0.0,0.0,0.0,0.0,0.0,0.0,71.04228048279393,71.04228048279393,59.699395363692375,0.0,0.0,0.0,0.012773352780301117,88.83329857271224,69.0,idle,0.6791072472817249,2026-08-01
2026-08-01 06:00:00,VIC1,98.36181,0.09836181000000001,0.0,69.0,0.0,5.75,0.0,6.061032181989394,71.04228048279393,64.98124830080454,54.606091009079435,0.0,0.5655804075,0.5655804075,0.5783537602803012,88.83329857271224,74.75,discharge,0.7356995178885353,2026-08-01
2026-08-01 06:05:00,VIC1,83.25503,0.08325503000000001,0.0,0.0,0.0,0.0,0.0,0.0,64.98124830080454,64.98124830080454,54.606091009079435,0.0,0.0,0.0,0.5783537602803012,88.83329857271224,74.75,idle,0.7356995178885353,2026-08-01
2026-08-01 06:10:00,VIC1,84.04711,0.08404711000000001,0.0,0.0,0.0,0.0,0.0,0.0,64.98124830080454,64.98124830080454,54.606091009079435,0.0,0.0,0.0,0.5783537602803012,88.83329857271224,74.75,idle,0.7356995178885353,2026-08-01
2026-08-01 06:15:00,VIC1,89.14608,0.08914608,0.0,69.0,0.0,5.75,0.0,6.061032181989394,64.98124830080454,58.92021611881514,49.51278665446651,0.0,0.51258996,0.51258996,1.0909437202803012,88.83329857271224,80.5,discharge,0.7922917884953457,2026-08-01
2026-08-01 06:20:00,VIC1,89.14608,0.08914608,0.0,51.02351191255226,0.0,4.251959326046022,0.0,4.481958662899977,58.92021611881514,54.43825745591516,45.7464348369035,0.0,0.37904550623644473,0.37904550623644473,1.4699892265167458,88.83329857271224,84.75195932604602,discharge,0.8341401420238236,2026-08-01
2026-08-01 06:25:00,VIC1,98.41828,0.09841828,0.0,69.0,0.0,5.75,0.0,6.061032181989394,54.43825745591516,48.37722527392577,40.653130482290564,0.0,0.56590511,0.56590511,2.035894336516746,88.83329857271224,90.50195932604602,discharge,0.890732412630634,2026-08-01
2026-08-01 06:30:00,VIC1,102.36461,0.10236461,0.0,69.0,0.0,5.75,0.0,6.061032181989394,48.37722527392577,42.31619309193637,35.559826127677624,0.0,0.5885965074999999,0.5885965074999999,2.624490844016746,88.83329857271224,96.25195932604602,discharge,0.9473246832374442,2026-08-01
2026-08-01 06:35:00,VIC1,85.34797,0.08534797000000001,0.0,0.0,0.0,0.0,0.0,0.0,42.31619309193637,42.31619309193637,35.559826127677624,0.0,0.0,0.0,2.624490844016746,88.83329857271224,96.25195932604602,idle,0.9473246832374442,2026-08-01
2026-08-01 06:40:00,VIC1,84.91,0.08491,0.0,0.0,0.0,0.0,0.0,0.0,42.31619309193637,42.31619309193637,35.559826127677624,0.0,0.0,0.0,2.624490844016746,88.83329857271224,96.25195932604602,idle,0.9473246832374442,2026-08-01
2026-08-01 06:45:00,VIC1,81.27092,0.08127092000000001,0.0,0.0,0.0,0.0,0.0,0.0,42.31619309193637,42.31619309193637,35.559826127677624,0.0,0.0,0.0,2.624490844016746,88.83329857271224,96.25195932604602,idle,0.9473246832374442,2026-08-01
2026-08-01 06:50:00,VIC1,90.60992,0.09060992000000001,0.0,69.0,0.0,5.75,0.0,6.061032181989394,42.31619309193637,36.25516090994697,30.46652177306468,0.0,0.5210070400000001,0.5210070400000001,3.1454978840167462,88.83329857271224,102.00195932604602,discharge,1.0039169538442547,2026-08-01
2026-08-01 06:55:00,VIC1,90.6519,0.0906519,0.0,69.0,0.0,5.75,0.0,6.061032181989394,36.25516090994697,30.194128727957576,25.373217418451745,0.0,0.521248425,0.521248425,3.6667463090167463,88.83329857271224,107.75195932604602,discharge,1.060509224451065,2026-08-01
2026-08-01 07:00:00,VIC1,102.40385,0.10240385,0.0,69.0,0.0,5.75,0.0,6.061032181989394,30.194128727957576,24.133096545968183,20.27991306383881,0.0,0.5888221375,0.5888221375,4.2555684465167465,88.83329857271224,113.50195932604602,discharge,1.1171014950578755,2026-08-01
2026-08-01 07:05:00,VIC1,84.51,0.08451,0.0,0.0,0.0,0.0,0.0,0.0,24.133096545968183,24.133096545968183,20.27991306383881,0.0,0.0,0.0,4.2555684465167465,88.83329857271224,113.50195932604602,idle,1.1171014950578755,2026-08-01
2026-08-01 07:10:00,VIC1,84.91,0.08491,0.0,0.0,0.0,0.0,0.0,0.0,24.133096545968183,24.133096545968183,20.27991306383881,0.0,0.0,0.0,4.2555684465167465,88.83329857271224,113.50195932604602,idle,1.1171014950578755,2026-08-01
2026-08-01 07:15:00,VIC1,84.91,0.08491,0.0,0.0,0.0,0.0,0.0,0.0,24.133096545968183,24.133096545968183,20.27991306383881,0.0,0.0,0.0,4.2555684465167465,88.83329857271224,113.50195932604602,idle,1.1171014950578755,2026-08-01
2026-08-01 07:20:00,VIC1,84.51,0.08451,0.0,0.0,0.0,0.0,0.0,0.0,24.133096545968183,24.133096545968183,20.27991306383881,0.0,0.0,0.0,4.2555684465167465,88.83329857271224,113.50195932604602,idle,1.1171014950578755,2026-08-01
2026-08-01 07:25:00,VIC1,84.91,0.08491,0.0,0.0,0.0,0.0,0.0,0.0,24.133096545968183,24.133096545968183,20.27991306383881,0.0,0.0,0.0,4.2555684465167465,88.83329857271224,113.50195932604602,idle,1.1171014950578755,2026-08-01
2026-08-01 07:30:00,VIC1,84.91,0.08491,0.0,0.0,0.0,0.0,0.0,0.0,24.133096545968183,24.133096545968183,20.27991306383881,0.0,0.0,0.0,4.2555684465167465,88.83329857271224,113.50195932604602,idle,1.1171014950578755,2026-08-01
2026-08-01 07:35:00,VIC1,84.91,0.08491,0.0,0.0,0.0,0.0,0.0,0.0,24.133096545968183,24.133096545968183,20.27991306383881,0.0,0.0,0.0,4.2555684465167465,88.83329857271224,113.50195932604602,idle,1.1171014950578755,2026-08-01
2026-08-01 07:40:00,VIC1,84.91,0.08491,0.0,0.0,0.0,0.0,0.0,0.0,24.133096545968183,24.133096545968183,20.27991306383881,0.0,0.0,0.0,4.2555684465167465,88.83329857271224,113.50195932604602,idle,1.1171014950578755,2026-08-01
2026-08-01 07:45:00,VIC1,98.48,0.09848000000000001,0.0,69.0,0.0,5.75,0.0,6.061032181989394,24.133096545968183,18.07206436397879,15.186608709225874,0.0,0.5662600000000001,0.5662600000000001,4.821828446516746,88.83329857271224,119.25195932604602,discharge,1.1736937656646858,2026-08-01
2026-08-01 07:50:00,VIC1,105.78,0.10578,0.0,69.0,0.0,5.75,0.0,6.061032181989394,18.07206436397879,12.011032181989394,10.093304354612936,0.0,0.608235,0.608235,5.430063446516746,88.83329857271224,125.00195932604602,discharge,1.230286036271496,2026-08-01
2026-08-01 07:55:00,VIC1,89.0,0.089,0.0,0.0,0.0,0.0,0.0,0.0,12.011032181989394,12.011032181989394,10.093304354612936,0.0,0.0,0.0,5.430063446516746,88.83329857271224,125.00195932604602,idle,1.230286036271496,2026-08-01
2026-08-01 08:00:00,VIC1,98.48,0.09848000000000001,0.0,69.0,0.0,5.75,0.0,6.061032181989394,12.011032181989394,5.95,5.0,0.0,0.5662600000000001,0.5662600000000001,5.996323446516746,88.83329857271224,130.751959326046,discharge,1.2868783068783065,2026-08-01
2026-08-01 08:05:00,VIC1,84.91,0.08491,0.0,-0.0,0.0,-0.0,0.0,-0.0,5.95,5.95,5.0,0.0,-0.0,-0.0,5.996323446516746,88.83329857271224,130.751959326046,idle,1.2868783068783065,2026-08-01
2026-08-01 08:10:00,VIC1,84.91,0.08491,0.0,-0.0,0.0,-0.0,0.0,-0.0,5.95,5.95,5.0,0.0,-0.0,-0.0,5.996323446516746,88.83329857271224,130.751959326046,idle,1.2868783068783065,2026-08-01
2026-08-01 08:15:00,VIC1,84.51,0.08451,0.0,-0.0,0.0,-0.0,0.0,-0.0,5.95,5.95,5.0,0.0,-0.0,-0.0,5.996323446516746,88.83329857271224,130.751959326046,idle,1.2868783068783065,2026-08-01
2026-08-01 08:20:00,VIC1,69.48,0.06948,0.0,-0.0,0.0,-0.0,0.0,-0.0,5.95,5.95,5.0,0.0,-0.0,-0.0,5.996323446516746,88.83329857271224,130.751959326046,idle,1.2868783068783065,2026-08-01
2026-08-01 08:25:00,VIC1,69.48,0.06948,0.0,-0.0,0.0,-0.0,0.0,-0.0,5.95,5.95,5.0,0.0,-0.0,-0.0,5.996323446516746,88.83329857271224,130.751959326046,idle,1.2868783068783065,2026-08-01
2026-08-01 08:30:00,VIC1,65.68,0.06568,0.0,0.0,0.0,0.0,0.0,0.0,5.95,5.95,5.0,0.0,0.0,0.0,5.996323446516746,88.83329857271224,130.751959326046,idle,1.2868783068783065,2026-08-01
2026-08-01 08:35:00,VIC1,53.98534,0.05398534,62.705857816032186,0.0,5.225488151336015,0.0,4.957333333333333,0.0,5.95,10.907333333333334,9.165826330532214,0.28209975451584623,0.0,-0.28209975451584623,5.7142236920009,94.05878672404825,130.751959326046,charge,1.2868783068783065,2026-08-01
2026-08-01 08:40:00,VIC1,69.48,0.06948,0.0,56.43527203442897,0.0,4.702939336202414,0.0,4.957333333333334,10.907333333333334,5.95,5.0,0.0,0.3267602250793437,0.3267602250793437,6.0409839170802435,94.05878672404825,135.4548986622484,discharge,1.3331652661064421,2026-08-01
2026-08-01 08:45:00,VIC1,41.13779,0.04113779,0.0,-0.0,0.0,-0.0,0.0,-0.0,5.95,5.95,5.0,0.0,-0.0,-0.0,6.0409839170802435,94.05878672404825,135.4548986622484,idle,1.3331652661064421,2026-08-01
2026-08-01 08:50:00,VIC1,21.12399,0.02112399,0.0,-0.0,0.0,-0.0,0.0,-0.0,5.95,5.95,5.0,0.0,-0.0,-0.0,6.0409839170802435,94.05878672404825,135.4548986622484,idle,1.3331652661064421,2026-08-01
2026-08-01 08:55:00,VIC1,0.00031,3.1e-07,62.705857816032186,0.0,5.225488151336015,0.0,4.957333333333333,0.0,5.95,10.907333333333334,9.165826330532214,1.6199013269141646e-06,0.0,-1.6199013269141646e-06,6.040982297178917,99.28427487538426,135.4548986622484,charge,1.3331652661064421,2026-08-01
2026-08-01 09:00:00,VIC1,8.94,0.00894,62.705857816032186,0.0,5.225488151336015,0.0,4.957333333333333,0.0,10.907333333333334,15.864666666666666,13.331652661064425,0.04671586407294397,0.0,-0.04671586407294397,5.994266433105973,104.50976302672026,135.4548986622484,charge,1.3331652661064421,2026-08-01
2026-08-01 09:05:00,VIC1,8.94,0.00894,62.705857816032186,0.0,5.225488151336015,0.0,4.957333333333333,0.0,15.864666666666666,20.822,17.497478991596637,0.04671586407294397,0.0,-0.04671586407294397,5.947550569033029,109.73525117805627,135.4548986622484,charge,1.3331652661064421,2026-08-01
2026-08-01 09:10:00,VIC1,10.49975,0.01049975,62.705857816032186,0.0,5.225488151336015,0.0,4.957333333333333,0.0,20.822,25.77933333333334,21.66330532212886,0.054866319216990325,0.0,-0.054866319216990325,5.892684249816039,114.96073932939228,135.4548986622484,charge,1.3331652661064421,2026-08-01
2026-08-01 09:15:00,VIC1,8.94,0.00894,62.705857816032186,0.0,5.225488151336015,0.0,4.957333333333333,0.0,25.77933333333334,30.736666666666675,25.82913165266107,0.04671586407294397,0.0,-0.04671586407294397,5.845968385743095,120.18622748072829,135.4548986622484,charge,1.3331652661064421,2026-08-01
2026-08-01 09:20:00,VIC1,10.5,0.0105,-0.0,0.0,-0.0,0.0,-0.0,0.0,30.736666666666675,30.736666666666675,25.82913165266107,-0.0,0.0,0.0,5.845968385743095,120.18622748072829,135.4548986622484,idle,1.3331652661064421,2026-08-01
2026-08-01 09:25:00,VIC1,0.00028,2.7999999999999997e-07,62.705857816032186,0.0,5.225488151336015,0.0,4.957333333333333,0.0,30.736666666666675,35.69400000000001,29.994957983193288,1.4631366823740842e-06,0.0,-1.4631366823740842e-06,5.845966922606413,125.4117156320643,135.4548986622484,charge,1.3331652661064421,2026-08-01
2026-08-01 09:30:00,VIC1,0.01,1e-05,62.705857816032186,0.0,5.225488151336015,0.0,4.957333333333333,0.0,35.69400000000001,40.65133333333334,34.16078431372549,5.2254881513360155e-05,0.0,-5.2254881513360155e-05,5.8459146677249,130.6372037834003,135.4548986622484,charge,1.3331652661064421,2026-08-01
2026-08-01 09:35:00,VIC1,14.51086,0.014510859999999999,0.0,69.0,0.0,5.75,0.0,6.061032181989394,40.65133333333334,34.590301151343944,29.067479959112557,0.0,0.083437445,0.083437445,5.9293521127249,130.6372037834003,141.2048986622484,discharge,1.3897575367132526,2026-08-01
2026-08-01 09:40:00,VIC1,10.5,0.0105,-0.0,0.0,-0.0,0.0,-0.0,0.0,34.590301151343944,34.590301151343944,29.067479959112557,-0.0,0.0,0.0,5.9293521127249,130.6372037834003,141.2048986622484,idle,1.3897575367132526,2026-08-01
2026-08-01 09:45:00,VIC1,10.5,0.0105,21.0589952877747,0.0,1.754916273981225,0.0,1.6648597586030276,0.0,34.590301151343944,36.25516090994697,30.46652177306468,0.018426620876802864,0.0,-0.018426620876802864,5.910925491848097,132.39212005738153,141.2048986622484,charge,1.3897575367132526,2026-08-01
2026-08-01 09:50:00,VIC1,28.73381,0.02873381,0.0,69.0,0.0,5.75,0.0,6.061032181989394,36.25516090994697,30.194128727957576,25.373217418451745,0.0,0.1652194075,0.1652194075,6.0761448993480975,132.39212005738153,146.9548986622484,discharge,1.446349807320063,2026-08-01
2026-08-01 09:55:00,VIC1,62.33545,0.06233545,0.0,69.0,0.0,5.75,0.0,6.061032181989394,30.194128727957576,24.133096545968183,20.27991306383881,0.0,0.3584288375,0.3584288375,6.4345737368480975,132.39212005738153,152.7048986622484,discharge,1.5029420779268734,2026-08-01
2026-08-01 10:00:00,VIC1,60.26745,0.06026745,0.0,69.0,0.0,5.75,0.0,6.061032181989394,24.133096545968183,18.07206436397879,15.186608709225874,0.0,0.3465378375,0.3465378375,6.781111574348097,132.39212005738153,158.4548986622484,discharge,1.5595343485336837,2026-08-01
2026-08-01 10:05:00,VIC1,25.94378,0.02594378,0.0,69.0,0.0,5.75,0.0,6.061032181989394,18.07206436397879,12.011032181989394,10.093304354612936,0.0,0.149176735,0.149176735,6.930288309348097,132.39212005738153,164.2048986622484,discharge,1.616126619140494,2026-08-01
2026-08-01 10:10:00,VIC1,14.88992,0.014889920000000001,0.0,69.0,0.0,5.75,0.0,6.061032181989394,12.011032181989394,5.95,5.0,0.0,0.08561704,0.08561704,7.015905349348097,132.39212005738153,169.9548986622484,discharge,1.6727188897473044,2026-08-01
2026-08-01 10:15:00,VIC1,10.5,0.0105,-0.0,0.0,-0.0,0.0,-0.0,0.0,5.95,5.95,5.0,-0.0,0.0,0.0,7.015905349348097,132.39212005738153,169.9548986622484,idle,1.6727188897473044,2026-08-01
2026-08-01 10:20:00,VIC1,10.5,0.0105,0.0,0.0,0.0,0.0,0.0,0.0,5.95,5.95,5.0,0.0,0.0,0.0,7.015905349348097,132.39212005738153,169.9548986622484,idle,1.6727188897473044,2026-08-01
2026-08-01 10:25:00,VIC1,1.42,0.00142,62.705857816032186,0.0,5.225488151336015,0.0,4.957333333333333,0.0,5.95,10.907333333333334,9.165826330532214,0.007420193174897142,0.0,-0.007420193174897142,7.0084851561732,137.61760820871754,169.9548986622484,charge,1.6727188897473044,2026-08-01
2026-08-01 10:30:00,VIC1,3.57,0.00357,62.705857816032186,0.0,5.225488151336015,0.0,4.957333333333333,0.0,10.907333333333334,15.864666666666665,13.331652661064425,0.018654992700269574,0.0,-0.018654992700269574,6.989830163472931,142.84309636005355,169.9548986622484,charge,1.6727188897473044,2026-08-01
2026-08-01 10:35:00,VIC1,10.5,0.0105,0.0,43.870544068857924,0.0,3.655878672404827,0.0,3.8536344846772725,15.864666666666665,12.011032181989393,10.093304354612934,0.0,0.03838672606025068,0.03838672606025068,7.028216889533182,142.84309636005355,173.61077733465325,discharge,1.7087005375967654,2026-08-01
2026-08-01 10:40:00,VIC1,10.50026,0.01050026,0.0,68.99999999999999,0.0,5.749999999999998,0.0,6.061032181989392,12.011032181989393,5.95,5.0,0.0,0.06037649499999999,0.06037649499999999,7.088593384533182,142.84309636005355,179.36077733465325,discharge,1.765292808203576,2026-08-01
2026-08-01 10:45:00,VIC1,1.42,0.00142,13.9608088506345,0.0,1.163400737552875,0.0,1.1036988486560617,0.0,5.95,7.053698848656062,5.927478024080724,0.0016520290473250826,0.0,-0.0016520290473250826,7.086941355485856,144.00649709760643,179.36077733465325,charge,1.765292808203576,2026-08-01
2026-08-01 10:50:00,VIC1,0.07763,7.763e-05,62.705857816032186,0.0,5.225488151336015,0.0,4.957333333333333,0.0,7.053698848656062,12.011032181989394,10.093304354612936,0.00040565464518821484,0.0,-0.00040565464518821484,7.086535700840668,149.23198524894244,179.36077733465325,charge,1.765292808203576,2026-08-01
2026-08-01 10:55:00,VIC1,8.81,0.00881,0.0,69.0,0.0,5.75,0.0,6.061032181989394,12.011032181989394,5.95,5.0,0.0,0.0506575,0.0506575,7.1371932008406676,149.23198524894244,185.11077733465325,discharge,1.8218850788103862,2026-08-01
2026-08-01 11:00:00,VIC1,-4.39851,-0.0043985100000000004,62.705857816032186,0.0,5.225488151336015,0.0,4.957333333333333,0.0,5.95,10.907333333333334,9.165826330532214,-0.022984361888532978,-0.0,0.022984361888532978,7.1601775627292,154.45747340027845,185.11077733465325,charge,1.8218850788103862,2026-08-01
2026-08-01 11:05:00,VIC1,-1.15793,-0.00115793,62.705857816032186,0.0,5.225488151336015,0.0,4.957333333333333,0.0,10.907333333333334,15.864666666666665,13.331652661064425,-0.006050749495076512,-0.0,0.006050749495076512,7.166228312224277,159.68296155161445,185.11077733465325,charge,1.8218850788103862,2026-08-01
2026-08-01 11:10:00,VIC1,0.00022,2.2e-07,0.0,0.0,0.0,0.0,0.0,0.0,15.864666666666665,15.864666666666665,13.331652661064425,0.0,0.0,0.0,7.166228312224277,159.68296155161445,185.11077733465325,idle,1.8218850788103862,2026-08-01
2026-08-01 11:15:00,VIC1,0.01,1e-05,0.0,69.0,0.0,5.75,0.0,6.061032181989394,15.864666666666665,9.80363448467727,8.238348306451487,0.0,5.75e-05,5.75e-05,7.1662858122242765,159.68296155161445,190.86077733465325,discharge,1.8784773494171967,2026-08-01
2026-08-01 11:20:00,VIC1,-2.99104,-0.00299104,62.705857816032186,0.0,5.225488151336015,0.0,4.957333333333333,0.0,9.80363448467727,14.760967818010602,12.404174636983699,-0.015629644080172075,-0.0,0.015629644080172075,7.1819154563044485,164.90844970295046,190.86077733465325,charge,1.8784773494171967,2026-08-01
2026-08-01 11:25:00,VIC1,-2.99104,-0.00299104,62.705857816032186,0.0,5.225488151336015,0.0,4.957333333333333,0.0,14.760967818010602,19.718301151343937,16.570000967515913,-0.015629644080172075,-0.0,0.015629644080172075,7.1975451003846205,170.13393785428647,190.86077733465325,charge,1.8784773494171967,2026-08-01
2026-08-01 11:30:00,VIC1,-1.0997,-0.0010997,62.705857816032186,0.0,5.225488151336015,0.0,4.957333333333333,0.0,19.718301151343937,24.675634484677268,20.73582729804812,-0.005746469320024215,-0.0,0.005746469320024215,7.2032915697046445,175.35942600562248,190.86077733465325,charge,1.8784773494171967,2026-08-01
2026-08-01 11:35:00,VIC1,0.0,0.0,62.705857816032186,0.0,5.225488151336015,0.0,4.957333333333333,0.0,24.675634484677268,29.6329678180106,24.901653628580338,0.0,0.0,0.0,7.2032915697046445,180.5849141569585,190.86077733465325,charge,1.8784773494171967,2026-08-01
2026-08-01 11:40:00,VIC1,-2.99104,-0.00299104,62.705857816032186,0.0,5.225488151336015,0.0,4.957333333333333,0.0,29.6329678180106,34.59030115134394,29.067479959112553,-0.015629644080172075,-0.0,0.015629644080172075,7.218921213784816,185.8104023082945,190.86077733465325,charge,1.8784773494171967,2026-08-01
2026-08-01 11:45:00,VIC1,-3.5,-0.0035,62.705857816032186,0.0,5.225488151336015,0.0,4.957333333333333,0.0,34.59030115134394,39.54763448467727,33.233306289644766,-0.018289208529676054,-0.0,0.018289208529676054,7.237210422314493,191.0358904596305,190.86077733465325,charge,1.8784773494171967,2026-08-01
2026-08-01 11:50:00,VIC1,-2.99104,-0.00299104,62.705857816032186,0.0,5.225488151336015,0.0,4.957333333333333,0.0,39.54763448467727,44.5049678180106,37.39913262017697,-0.015629644080172075,-0.0,0.015629644080172075,7.252840066394665,196.26137861096652,190.86077733465325,charge,1.8784773494171967,2026-08-01
2026-08-01 11:55:00,VIC1,0.0,0.0,62.705857816032186,0.0,5.225488151336015,0.0,4.957333333333333,0.0,44.5049678180106,49.46230115134393,41.56495895070918,0.0,0.0,0.0,7.252840066394665,201.48686676230253,190.86077733465325,charge,1.8784773494171967,2026-08-01
2026-08-01 12:00:00,VIC1,-1.48276,-0.00148276,62.705857816032186,0.0,5.225488151336015,0.0,4.957333333333333,0.0,49.46230115134393,54.41963448467727,45.7307852812414,-0.00774814481127499,-0.0,0.00774814481127499,7.26058821120594,206.71235491363853,190.86077733465325,charge,1.8784773494171967,2026-08-01
2026-08-01 12:05:00,VIC1,-0.36024,-0.00036024,62.705857816032186,0.0,5.225488151336015,0.0,4.957333333333333,0.0,54.41963448467727,59.3769678180106,49.89661161177361,-0.0018824298516372862,-0.0,0.0018824298516372862,7.262470641057577,211.93784306497454,190.86077733465325,charge,1.8784773494171967,2026-08-01
2026-08-01 12:10:00,VIC1,0.00028,2.7999999999999997e-07,0.0,68.99999999999987,0.0,5.749999999999989,0.0,6.061032181989383,59.3769678180106,53.315935636021216,44.80330725716068,0.0,1.6099999999999969e-06,1.6099999999999969e-06,7.262472251057577,211.93784306497454,196.61077733465325,discharge,1.935069620024007,2026-08-01
2026-08-01 12:15:00,VIC1,0.07657,7.657000000000001e-05,0.0,69.0,0.0,5.75,0.0,6.061032181989394,53.315935636021216,47.25490345403182,39.71000290254775,0.0,0.00044027750000000005,0.00044027750000000005,7.262912528557577,211.93784306497454,202.36077733465325,discharge,1.9916618906308174,2026-08-01
2026-08-01 12:20:00,VIC1,0.03817,3.817e-05,0.0,69.0,0.0,5.75,0.0,6.061032181989394,47.25490345403182,41.19387127204242,34.61669854793481,0.0,0.00021947750000000002,0.00021947750000000002,7.263132006057577,211.93784306497454,208.11077733465325,discharge,2.0482541612376277,2026-08-01
2026-08-01 12:25:00,VIC1,0.07,7.000000000000001e-05,0.0,69.0,0.0,5.75,0.0,6.061032181989394,41.19387127204242,35.132839090053025,29.523394193321874,0.0,0.0004025,0.0004025,7.263534506057577,211.93784306497454,213.86077733465325,discharge,2.104846431844438,2026-08-01
2026-08-01 12:30:00,VIC1,0.07,7.000000000000001e-05,0.0,69.0,0.0,5.75,0.0,6.061032181989394,35.132839090053025,29.071806908063632,24.430089838708934,0.0,0.0004025,0.0004025,7.263937006057577,211.93784306497454,219.61077733465325,discharge,2.1614387024512483,2026-08-01
2026-08-01 12:35:00,VIC1,0.07656,7.656e-05,0.0,69.0,0.0,5.75,0.0,6.061032181989394,29.071806908063632,23.01077472607424,19.336785484096,0.0,0.00044022,0.00044022,7.264377226057577,211.93784306497454,225.36077733465325,discharge,2.2180309730580587,2026-08-01
2026-08-01 12:40:00,VIC1,0.01,1e-05,0.0,69.0,0.0,5.75,0.0,6.061032181989394,23.01077472607424,16.949742544084845,14.243481129483063,0.0,5.75e-05,5.75e-05,7.264434726057576,211.93784306497454,231.11077733465325,discharge,2.2746232436648692,2026-08-01
2026-08-01 12:45:00,VIC1,0.07,7.000000000000001e-05,0.0,69.0,0.0,5.75,0.0,6.061032181989394,16.949742544084845,10.888710362095452,9.150176774870127,0.0,0.0004025,0.0004025,7.264837226057576,211.93784306497454,236.86077733465325,discharge,2.3312155142716797,2026-08-01
2026-08-01 12:50:00,VIC1,0.00023,2.3000000000000002e-07,0.0,56.223264413147525,0.0,4.6852720344289605,0.0,4.938710362095452,10.888710362095452,5.95,5.0,0.0,1.077612567918661e-06,1.077612567918661e-06,7.264838303670144,211.93784306497454,241.5460493690822,discharge,2.3773285895480143,2026-08-01
2026-08-01 12:55:00,VIC1,-1.0997,-0.0010997,27.92161770126898,0.0,2.326801475105748,0.0,2.2073976973121217,0.0,5.95,8.157397697312122,6.854956048161447,-0.002558783582173791,-0.0,0.002558783582173791,7.267397087252318,214.2646445400803,241.5460493690822,charge,2.3773285895480143,2026-08-01
2026-08-01 13:00:00,VIC1,-4.99991,-0.00499991,62.705857816032186,0.0,5.225488151336015,0.0,4.957333333333333,0.0,8.157397697312122,13.114731030645455,11.02078237869366,-0.026126970462746455,-0.0,0.026126970462746455,7.293524057715064,219.4901326914163,241.5460493690822,charge,2.3773285895480143,2026-08-01
2026-08-01 13:05:00,VIC1,0.44865,0.00044865,0.0,69.0,0.0,5.75,0.0,6.061032181989394,13.114731030645455,7.053698848656062,5.927478024080724,0.0,0.0025797375,0.0025797375,7.296103795215064,219.4901326914163,247.2960493690822,discharge,2.433920860154825,2026-08-01
2026-08-01 13:10:00,VIC1,-1.1,-0.0011,62.705857816032186,0.0,5.225488151336015,0.0,4.957333333333333,0.0,7.053698848656062,12.011032181989394,10.093304354612936,-0.005748036966469617,-0.0,0.005748036966469617,7.3018518321815336,224.71562084275232,247.2960493690822,charge,2.433920860154825,2026-08-01
2026-08-01 13:15:00,VIC1,-1.0997,-0.0010997,0.0,69.0,0.0,5.75,0.0,6.061032181989394,12.011032181989394,5.95,5.0,-0.0,-0.006323275,-0.006323275,7.295528557181534,224.71562084275232,253.0460493690822,discharge,2.4905131307616353,2026-08-01
2026-08-01 13:20:00,VIC1,-6.5,-0.006500000000000001,62.70585781603217,0.0,5.225488151336014,0.0,4.957333333333332,0.0,5.95,10.907333333333332,9.165826330532212,-0.033965672983684095,-0.0,0.033965672983684095,7.329494230165218,229.94110899408832,253.0460493690822,charge,2.4905131307616353,2026-08-01
2026-08-01 13:25:00,VIC1,-6.5,-0.006500000000000001,62.705857816032186,0.0,5.225488151336015,0.0,4.957333333333333,0.0,10.907333333333332,15.864666666666665,13.331652661064425,-0.0339656729836841,-0.0,0.0339656729836841,7.363459903148902,235.16659714542433,253.0460493690822,charge,2.4905131307616353,2026-08-01
2026-08-01 13:30:00,VIC1,-6.5,-0.006500000000000001,62.705857816032186,0.0,5.225488151336015,0.0,4.957333333333333,0.0,15.864666666666665,20.822000000000003,17.49747899159664,-0.0339656729836841,-0.0,0.0339656729836841,7.397425576132586,240.39208529676034,253.0460493690822,charge,2.4905131307616353,2026-08-01
2026-08-01 13:35:00,VIC1,-6.5,-0.006500000000000001,62.705857816032186,0.0,5.225488151336015,0.0,4.957333333333333,0.0,20.822000000000003,25.779333333333334,21.66330532212885,-0.0339656729836841,-0.0,0.0339656729836841,7.43139124911627,245.61757344809635,253.0460493690822,charge,2.4905131307616353,2026-08-01
2026-08-01 13:40:00,VIC1,-6.51,-0.00651,62.705857816032186,0.0,5.225488151336015,0.0,4.957333333333333,0.0,25.779333333333334,30.736666666666665,25.829131652661065,-0.03401792786519746,-0.0,0.03401792786519746,7.465409176981468,250.84306159943236,253.0460493690822,charge,2.4905131307616353,2026-08-01
2026-08-01 13:45:00,VIC1,-6.5,-0.006500000000000001,62.705857816032186,0.0,5.225488151336015,0.0,4.957333333333333,0.0,30.736666666666665,35.693999999999996,29.99495798319327,-0.0339656729836841,-0.0,0.0339656729836841,7.499374849965152,256.0685497507684,253.0460493690822,charge,2.4905131307616353,2026-08-01
2026-08-01 13:50:00,VIC1,-7.74,-0.00774,62.705857816032186,0.0,5.225488151336015,0.0,4.957333333333333,0.0,35.693999999999996,40.651333333333326,34.160784313725486,-0.04044527829134076,-0.0,0.04044527829134076,7.539820128256493,261.29403790210444,253.0460493690822,charge,2.4905131307616353,2026-08-01
2026-08-01 13:55:00,VIC1,-7.51,-0.00751,62.705857816032186,0.0,5.225488151336015,0.0,4.957333333333333,0.0,40.651333333333326,45.60866666666666,38.3266106442577,-0.03924341601653347,-0.0,0.03924341601653347,7.579063544273026,266.5195260534405,253.0460493690822,charge,2.4905131307616353,2026-08-01
2026-08-01 14:00:00,VIC1,-6.5,-0.006500000000000001,62.705857816032186,0.0,5.225488151336015,0.0,4.957333333333333,0.0,45.60866666666666,50.56599999999999,42.492436974789904,-0.0339656729836841,-0.0,0.0339656729836841,7.6130292172567104,271.7450142047765,253.0460493690822,charge,2.4905131307616353,2026-08-01
2026-08-01 14:05:00,VIC1,-6.01,-0.00601,62.705857816032186,0.0,5.225488151336015,0.0,4.957333333333333,0.0,50.56599999999999,55.52333333333332,46.658263305322116,-0.03140518378952945,-0.0,0.03140518378952945,7.64443440104624,276.97050235611255,253.0460493690822,charge,2.4905131307616353,2026-08-01
2026-08-01 14:10:00,VIC1,-7.02869,-0.007028690000000001,62.705857816032186,0.0,5.225488151336015,0.0,4.957333333333333,0.0,55.52333333333332,60.48066666666665,50.82408963585433,-0.03672833631441394,-0.0,0.03672833631441394,7.681162737360654,282.1959905074486,253.0460493690822,charge,2.4905131307616353,2026-08-01
2026-08-01 14:15:00,VIC1,-12.75,-0.012750000000000001,62.705857816032186,0.0,5.225488151336015,0.0,4.957333333333333,0.0,60.48066666666665,65.43799999999997,54.98991596638654,-0.0666249739295342,-0.0,0.0666249739295342,7.747787711290188,287.4214786587846,253.0460493690822,charge,2.4905131307616353,2026-08-01
2026-08-01 14:20:00,VIC1,-6.51,-0.00651,62.705857816032186,0.0,5.225488151336015,0.0,4.957333333333333,0.0,65.43799999999997,70.39533333333331,59.155742296918746,-0.03401792786519746,-0.0,0.03401792786519746,7.781805639155386,292.64696681012066,253.0460493690822,charge,2.4905131307616353,2026-08-01
2026-08-01 14:25:00,VIC1,-6.5,-0.006500000000000001,62.705857816032186,0.0,5.225488151336015,0.0,4.957333333333333,0.0,70.39533333333331,75.35266666666665,63.321568627450965,-0.0339656729836841,-0.0,0.0339656729836841,7.81577131213907,297.8724549614567,253.0460493690822,charge,2.4905131307616353,2026-08-01
2026-08-01 14:30:00,VIC1,-3.5,-0.0035,-0.0,69.0,-0.0,5.75,-0.0,6.061032181989394,75.35266666666665,69.29163448467726,58.22826427283804,0.0,-0.020125,-0.020125,7.79564631213907,297.8724549614567,258.7960493690822,discharge,2.5471054013684453,2026-08-01
2026-08-01 14:35:00,VIC1,-6.0,-0.006,62.705857816032186,0.0,5.225488151336015,0.0,4.957333333333333,0.0,69.29163448467726,74.2489678180106,62.39409060337026,-0.031352928908016095,-0.0,0.031352928908016095,7.826999241047086,303.09794311279273,258.7960493690822,charge,2.5471054013684453,2026-08-01
2026-08-01 14:40:00,VIC1,-6.01,-0.00601,62.705857816032186,0.0,5.225488151336015,0.0,4.957333333333333,0.0,74.2489678180106,79.20630115134392,66.55991693390246,-0.03140518378952945,-0.0,0.03140518378952945,7.858404424836616,308.32343126412877,258.7960493690822,charge,2.5471054013684453,2026-08-01
2026-08-01 14:45:00,VIC1,-4.99991,-0.00499991,62.705857816032186,0.0,5.225488151336015,0.0,4.957333333333333,0.0,79.20630115134392,84.16363448467726,70.72574326443467,-0.026126970462746455,-0.0,0.026126970462746455,7.884531395299362,313.5489194154648,258.7960493690822,charge,2.5471054013684453,2026-08-01
2026-08-01 14:50:00,VIC1,-2.99104,-0.00299104,0.0,69.0,0.0,5.75,0.0,6.061032181989394,84.16363448467726,78.10260230268787,65.63243890982174,-0.0,-0.01719848,-0.01719848,7.867332915299362,313.5489194154648,264.5460493690822,discharge,2.603697671975256,2026-08-01
2026-08-01 14:55:00,VIC1,-3.5,-0.0035,31.034113065964267,-0.0,2.5861760888303555,-0.0,2.4534620612909603,-0.0,78.10260230268787,80.55606436397883,67.694171734436,-0.009051616310906245,0.0,0.009051616310906245,7.8763845316102685,316.1350955042952,264.5460493690822,charge,2.603697671975256,2026-08-01
2026-08-01 15:00:00,VIC1,-5.0,-0.005,62.705857816032186,0.0,5.225488151336015,0.0,4.957333333333333,0.0,80.55606436397883,85.51339769731216,71.8599980649682,-0.026127440756680078,-0.0,0.026127440756680078,7.902511972366948,321.3605836556312,264.5460493690822,charge,2.603697671975256,2026-08-01
2026-08-01 15:05:00,VIC1,-6.5,-0.006500000000000001,62.705857816032186,0.0,5.225488151336015,0.0,4.957333333333333,0.0,85.51339769731216,90.4707310306455,76.02582439550042,-0.0339656729836841,-0.0,0.0339656729836841,7.9364776453506325,326.58607180696725,264.5460493690822,charge,2.603697671975256,2026-08-01
2026-08-01 15:10:00,VIC1,-5.0,-0.005,62.705857816032186,0.0,5.225488151336015,0.0,4.957333333333333,0.0,90.4707310306455,95.42806436397882,80.19165072603262,-0.026127440756680078,-0.0,0.026127440756680078,7.962605086107312,331.8115599583033,264.5460493690822,charge,2.603697671975256,2026-08-01
2026-08-01 15:15:00,VIC1,-6.01,-0.00601,62.705857816032186,0.0,5.225488151336015,0.0,4.957333333333333,0.0,95.42806436397882,100.38539769731216,84.35747705656483,-0.03140518378952945,-0.0,0.03140518378952945,7.994010269896842,337.03704810963933,264.5460493690822,charge,2.603697671975256,2026-08-01
2026-08-01 15:20:00,VIC1,-3.5,-0.0035,62.70585781602982,-0.0,5.225488151335818,-0.0,4.957333333333146,-0.0,100.38539769731216,105.3427310306455,88.52330338709706,-0.018289208529675364,0.0,0.018289208529675364,8.012299478426517,342.26253626097514,264.5460493690822,charge,2.603697671975256,2026-08-01
2026-08-01 15:25:00,VIC1,-3.5,-0.0035,-0.0,68.99999999999972,-0.0,5.749999999999976,-0.0,6.061032181989368,105.3427310306455,99.28169884865613,83.42999903248415,0.0,-0.020124999999999917,-0.020124999999999917,7.9921744784265165,342.26253626097514,270.2960493690822,discharge,2.6602899425820663,2026-08-01
2026-08-01 15:30:00,VIC1,-3.5,-0.0035,62.70585781603212,-0.0,5.22548815133601,-0.0,4.957333333333328,-0.0,99.28169884865613,104.23903218198939,87.59582536301629,-0.018289208529676033,0.0,0.018289208529676033,8.010463686956193,347.4880244123112,270.2960493690822,charge,2.6602899425820663,2026-08-01
2026-08-01 15:35:00,VIC1,-1.15,-0.00115,0.0,69.0,0.0,5.75,0.0,6.061032181989394,104.23903218198939,98.178,82.50252100840336,-0.0,-0.0066125,-0.0066125,8.003851186956194,347.4880244123112,276.0460493690822,discharge,2.716882213188877,2026-08-01
2026-08-01 15:40:00,VIC1,-6.25303,-0.00625303,62.705857816032186,0.0,5.225488151336015,0.0,4.957333333333333,0.0,98.178,103.13533333333334,86.66834733893558,-0.03267513417494864,-0.0,0.03267513417494864,8.036526321131142,352.7135125636472,276.0460493690822,charge,2.716882213188877,2026-08-01
2026-08-01 15:45:00,VIC1,-6.5,-0.006500000000000001,62.705857816032186,0.0,5.225488151336015,0.0,4.957333333333333,0.0,103.13533333333334,108.09266666666666,90.83417366946777,-0.0339656729836841,-0.0,0.0339656729836841,8.070491994114825,357.93900071498325,276.0460493690822,charge,2.716882213188877,2026-08-01
2026-08-01 15:50:00,VIC1,-6.5,-0.006500000000000001,62.705857816032186,0.0,5.225488151336015,0.0,4.957333333333333,0.0,108.09266666666666,113.05,95.0,-0.0339656729836841,-0.0,0.0339656729836841,8.104457667098508,363.1644888663193,276.0460493690822,charge,2.716882213188877,2026-08-01
2026-08-01 15:55:00,VIC1,-2.99,-0.0029900000000000005,-0.0,-0.0,-0.0,-0.0,-0.0,-0.0,113.05,113.05,95.0,0.0,0.0,0.0,8.104457667098508,363.1644888663193,276.0460493690822,idle,2.716882213188877,2026-08-01
2026-08-01 16:00:00,VIC1,-1e-05,-1e-08,-0.0,56.43527203442902,-0.0,4.702939336202418,-0.0,4.957333333333338,113.05,108.09266666666666,90.83417366946777,0.0,-4.702939336202418e-08,-4.702939336202418e-08,8.104457620069114,363.1644888663193,280.7489887052846,discharge,2.763169172417012,2026-08-01
2026-08-01 16:05:00,VIC1,-3.5,-0.0035,62.705857816032186,0.0,5.225488151336015,0.0,4.957333333333333,0.0,108.09266666666666,113.05,95.0,-0.018289208529676054,-0.0,0.018289208529676054,8.12274682859879,368.3899770176553,280.7489887052846,charge,2.763169172417012,2026-08-01
2026-08-01 16:10:00,VIC1,69.48,0.06948,0.0,69.0,0.0,5.75,0.0,6.061032181989394,113.05,106.98896781801061,89.90669564538707,0.0,0.39951,0.39951,8.52225682859879,368.3899770176553,286.4989887052846,discharge,2.8197614430238227,2026-08-01
2026-08-01 16:15:00,VIC1,1.57,0.00157,62.705857816032186,0.0,5.225488151336015,0.0,4.957333333333333,0.0,106.98896781801061,111.94630115134395,94.07252197591927,0.008204016397597543,0.0,-0.008204016397597543,8.514052812201193,373.61546516899136,286.4989887052846,charge,2.8197614430238227,2026-08-01
2026-08-01 16:20:00,VIC1,6.27004,0.00627004,13.960808850634375,0.0,1.1634007375528646,0.0,1.1036988486560517,0.0,111.94630115134395,113.05,95.0,0.007294569160485963,0.0,-0.007294569160485963,8.506758243040707,374.77886590654424,286.4989887052846,charge,2.8197614430238227,2026-08-01
2026-08-01 16:25:00,VIC1,8.94,0.00894,-0.0,0.0,-0.0,0.0,-0.0,0.0,113.05,113.05,95.0,-0.0,0.0,0.0,8.506758243040707,374.77886590654424,286.4989887052846,idle,2.8197614430238227,2026-08-01
2026-08-01 16:30:00,VIC1,79.50465,0.07950465,0.0,69.0,0.0,5.75,0.0,6.061032181989394,113.05,106.98896781801061,89.90669564538707,0.0,0.4571517375,0.4571517375,8.963909980540707,374.77886590654424,292.2489887052846,discharge,2.876353713630633,2026-08-01
2026-08-01 16:35:00,VIC1,81.68,0.08168,0.0,69.0,0.0,5.75,0.0,6.061032181989394,106.98896781801061,100.92793563602122,84.81339129077413,0.0,0.46966,0.46966,9.433569980540707,374.77886590654424,297.9989887052846,discharge,2.9329459842374432,2026-08-01
2026-08-01 16:40:00,VIC1,87.09105,0.08709105,0.0,69.0,0.0,5.75,0.0,6.061032181989394,100.92793563602122,94.86690345403183,79.72008693616121,0.0,0.5007735375,0.5007735375,9.934343518040707,374.77886590654424,303.7489887052846,discharge,2.9895382548442537,2026-08-01
2026-08-01 16:45:00,VIC1,83.68255,0.08368255000000001,0.0,69.0,0.0,5.75,0.0,6.061032181989394,94.86690345403183,88.80587127204244,74.62678258154827,0.0,0.48117466250000007,0.48117466250000007,10.415518180540708,374.77886590654424,309.4989887052846,discharge,3.046130525451064,2026-08-01
2026-08-01 16:50:00,VIC1,91.43134,0.09143134000000001,0.0,69.0,0.0,5.75,0.0,6.061032181989394,88.80587127204244,82.74483909005305,69.53347822693533,0.0,0.5257302050000001,0.5257302050000001,10.941248385540709,374.77886590654424,315.2489887052846,discharge,3.1027227960578747,2026-08-01
2026-08-01 16:55:00,VIC1,83.46342,0.08346342,0.0,69.0,0.0,5.75,0.0,6.061032181989394,82.74483909005305,76.68380690806366,64.4401738723224,0.0,0.47991466499999996,0.47991466499999996,11.42116305054071,374.77886590654424,320.9989887052846,discharge,3.1593150666646848,2026-08-01
2026-08-01 17:00:00,VIC1,91.63453,0.09163453,0.0,69.0,0.0,5.75,0.0,6.061032181989394,76.68380690806366,70.62277472607427,59.346869517709465,0.0,0.5268985475,0.5268985475,11.94806159804071,374.77886590654424,326.7489887052846,discharge,3.2159073372714952,2026-08-01
2026-08-01 17:05:00,VIC1,85.22657,0.08522657,0.0,69.0,0.0,5.75,0.0,6.061032181989394,70.62277472607427,64.56174254408488,54.25356516309654,0.0,0.4900527775,0.4900527775,12.43811437554071,374.77886590654424,332.4989887052846,discharge,3.2724996078783057,2026-08-01
2026-08-01 17:10:00,VIC1,75.88,0.07588,0.0,0.0,0.0,0.0,0.0,0.0,64.56174254408488,64.56174254408488,54.25356516309654,0.0,0.0,0.0,12.43811437554071,374.77886590654424,332.4989887052846,idle,3.2724996078783057,2026-08-01
2026-08-01 17:15:00,VIC1,78.64879,0.07864879000000001,0.0,0.0,0.0,0.0,0.0,0.0,64.56174254408488,64.56174254408488,54.25356516309654,0.0,0.0,0.0,12.43811437554071,374.77886590654424,332.4989887052846,idle,3.2724996078783057,2026-08-01
2026-08-01 17:20:00,VIC1,84.57286,0.08457286000000001,0.0,69.0,0.0,5.75,0.0,6.061032181989394,64.56174254408488,58.50071036209548,49.1602608084836,0.0,0.48629394500000006,0.48629394500000006,12.92440832054071,374.77886590654424,338.2489887052846,discharge,3.329091878485116,2026-08-01
2026-08-01 17:25:00,VIC1,83.93318,0.08393318,0.0,69.0,0.0,5.75,0.0,6.061032181989394,58.50071036209548,52.439678180106085,44.06695645387066,0.0,0.48261578499999996,0.48261578499999996,13.40702410554071,374.77886590654424,343.9989887052846,discharge,3.3856841490919263,2026-08-01
2026-08-01 17:30:00,VIC1,77.13912,0.07713912,0.0,0.0,0.0,0.0,0.0,0.0,52.439678180106085,52.439678180106085,44.06695645387066,0.0,0.0,0.0,13.40702410554071,374.77886590654424,343.9989887052846,idle,3.3856841490919263,2026-08-01
2026-08-01 17:35:00,VIC1,75.88,0.07588,0.0,0.0,0.0,0.0,0.0,0.0,52.439678180106085,52.439678180106085,44.06695645387066,0.0,0.0,0.0,13.40702410554071,374.77886590654424,343.9989887052846,idle,3.3856841490919263,2026-08-01
2026-08-01 17:40:00,VIC1,77.77678,0.07777678,0.0,0.0,0.0,0.0,0.0,0.0,52.439678180106085,52.439678180106085,44.06695645387066,0.0,0.0,0.0,13.40702410554071,374.77886590654424,343.9989887052846,idle,3.3856841490919263,2026-08-01
2026-08-01 17:45:00,VIC1,79.01205,0.07901205,0.0,0.0,0.0,0.0,0.0,0.0,52.439678180106085,52.439678180106085,44.06695645387066,0.0,0.0,0.0,13.40702410554071,374.77886590654424,343.9989887052846,idle,3.3856841490919263,2026-08-01
2026-08-01 17:50:00,VIC1,84.57919,0.08457919,0.0,69.0,0.0,5.75,0.0,6.061032181989394,52.439678180106085,46.37864599811669,38.97365209925772,0.0,0.4863303425,0.4863303425,13.89335444804071,374.77886590654424,349.7489887052846,discharge,3.4422764196987368,2026-08-01
2026-08-01 17:55:00,VIC1,86.16568,0.08616568,0.0,69.0,0.0,5.75,0.0,6.061032181989394,46.37864599811669,40.31761381612729,33.88034774464479,0.0,0.49545266,0.49545266,14.38880710804071,374.77886590654424,355.4989887052846,discharge,3.4988686903055473,2026-08-01
2026-08-01 18:00:00,VIC1,82.36907,0.08236906999999999,0.0,69.0,0.0,5.75,0.0,6.061032181989394,40.31761381612729,34.256581634137895,28.787043390031847,0.0,0.47362215249999995,0.47362215249999995,14.862429260540711,374.77886590654424,361.2489887052846,discharge,3.5554609609123573,2026-08-01
2026-08-01 18:05:00,VIC1,82.38882,0.08238882,0.0,69.0,0.0,5.75,0.0,6.061032181989394,34.256581634137895,28.1955494521485,23.693739035418908,0.0,0.473735715,0.473735715,15.336164975540711,374.77886590654424,366.9989887052846,discharge,3.612053231519168,2026-08-01
2026-08-01 18:10:00,VIC1,83.5699,0.0835699,0.0,69.0,0.0,5.75,0.0,6.061032181989394,28.1955494521485,22.134517270159108,18.600434680805975,0.0,0.480526925,0.480526925,15.816691900540711,374.77886590654424,372.7489887052846,discharge,3.6686455021259783,2026-08-01
2026-08-01 18:15:00,VIC1,77.38547,0.07738547,0.0,0.0,0.0,0.0,0.0,0.0,22.134517270159108,22.134517270159108,18.600434680805975,0.0,0.0,0.0,15.816691900540711,374.77886590654424,372.7489887052846,idle,3.6686455021259783,2026-08-01
2026-08-01 18:20:00,VIC1,75.88,0.07588,0.0,0.0,0.0,0.0,0.0,0.0,22.134517270159108,22.134517270159108,18.600434680805975,0.0,0.0,0.0,15.816691900540711,374.77886590654424,372.7489887052846,idle,3.6686455021259783,2026-08-01
2026-08-01 18:25:00,VIC1,77.81447,0.07781447,0.0,0.0,0.0,0.0,0.0,0.0,22.134517270159108,22.134517270159108,18.600434680805975,0.0,0.0,0.0,15.816691900540711,374.77886590654424,372.7489887052846,idle,3.6686455021259783,2026-08-01
2026-08-01 18:30:00,VIC1,84.66078,0.08466078,0.0,69.0,0.0,5.75,0.0,6.061032181989394,22.134517270159108,16.073485088169715,13.507130326193037,0.0,0.48679948500000003,0.48679948500000003,16.30349138554071,374.77886590654424,378.4989887052846,discharge,3.7252377727327883,2026-08-01
2026-08-01 18:35:00,VIC1,79.26962,0.07926962,0.0,46.24777465452049,0.0,3.8539812212100406,0.0,4.0624529061803205,16.073485088169715,12.011032181989394,10.093304354612936,0.0,0.30550362689245586,0.30550362689245586,16.608995012433166,374.77886590654424,382.35296992649467,discharge,3.763169172417012,2026-08-01
2026-08-01 18:40:00,VIC1,79.09343,0.07909343,0.0,0.0,0.0,0.0,0.0,0.0,12.011032181989394,12.011032181989394,10.093304354612936,0.0,0.0,0.0,16.608995012433166,374.77886590654424,382.35296992649467,idle,3.763169172417012,2026-08-01
2026-08-01 18:45:00,VIC1,75.88,0.07588,0.0,0.0,0.0,0.0,0.0,0.0,12.011032181989394,12.011032181989394,10.093304354612936,0.0,0.0,0.0,16.608995012433166,374.77886590654424,382.35296992649467,idle,3.763169172417012,2026-08-01
2026-08-01 18:50:00,VIC1,75.88,0.07588,0.0,0.0,0.0,0.0,0.0,0.0,12.011032181989394,12.011032181989394,10.093304354612936,0.0,0.0,0.0,16.608995012433166,374.77886590654424,382.35296992649467,idle,3.763169172417012,2026-08-01
2026-08-01 18:55:00,VIC1,79.37286,0.07937286,0.0,69.0,0.0,5.75,0.0,6.061032181989394,12.011032181989394,5.95,5.0,0.0,0.456393945,0.456393945,17.065388957433164,374.77886590654424,388.10296992649467,discharge,3.8197614430238223,2026-08-01
2026-08-01 19:00:00,VIC1,75.88,0.07588,0.0,0.0,0.0,0.0,0.0,0.0,5.95,5.95,5.0,0.0,0.0,0.0,17.065388957433164,374.77886590654424,388.10296992649467,idle,3.8197614430238223,2026-08-01
2026-08-01 19:05:00,VIC1,72.31986,0.07231986000000001,0.0,0.0,0.0,0.0,0.0,0.0,5.95,5.95,5.0,0.0,0.0,0.0,17.065388957433164,374.77886590654424,388.10296992649467,idle,3.8197614430238223,2026-08-01
2026-08-01 19:10:00,VIC1,75.88,0.07588,0.0,0.0,0.0,0.0,0.0,0.0,5.95,5.95,5.0,0.0,0.0,0.0,17.065388957433164,374.77886590654424,388.10296992649467,idle,3.8197614430238223,2026-08-01
2026-08-01 19:15:00,VIC1,75.88,0.07588,0.0,0.0,0.0,0.0,0.0,0.0,5.95,5.95,5.0,0.0,0.0,0.0,17.065388957433164,374.77886590654424,388.10296992649467,idle,3.8197614430238223,2026-08-01
2026-08-01 19:20:00,VIC1,75.88,0.07588,0.0,0.0,0.0,0.0,0.0,0.0,5.95,5.95,5.0,0.0,0.0,0.0,17.065388957433164,374.77886590654424,388.10296992649467,idle,3.8197614430238223,2026-08-01
2026-08-01 19:25:00,VIC1,75.88,0.07588,0.0,0.0,0.0,0.0,0.0,0.0,5.95,5.95,5.0,0.0,0.0,0.0,17.065388957433164,374.77886590654424,388.10296992649467,idle,3.8197614430238223,2026-08-01
2026-08-01 19:30:00,VIC1,70.75725,0.07075725,0.0,0.0,0.0,0.0,0.0,0.0,5.95,5.95,5.0,0.0,0.0,0.0,17.065388957433164,374.77886590654424,388.10296992649467,idle,3.8197614430238223,2026-08-01
2026-08-01 19:35:00,VIC1,67.69603,0.06769602999999999,-0.0,0.0,-0.0,0.0,-0.0,0.0,5.95,5.95,5.0,-0.0,0.0,0.0,17.065388957433164,374.77886590654424,388.10296992649467,idle,3.8197614430238223,2026-08-01
2026-08-01 19:40:00,VIC1,70.68916,0.07068916,0.0,-0.0,0.0,-0.0,0.0,-0.0,5.95,5.95,5.0,0.0,-0.0,-0.0,17.065388957433164,374.77886590654424,388.10296992649467,idle,3.8197614430238223,2026-08-01
2026-08-01 19:45:00,VIC1,62.45354,0.062453539999999995,62.705857816032186,0.0,5.225488151336015,0.0,4.957333333333333,0.0,5.95,10.907333333333332,9.165826330532212,0.3263502332789899,0.0,-0.3263502332789899,16.739038724154174,380.0043540578803,388.10296992649467,charge,3.8197614430238223,2026-08-01
2026-08-01 19:50:00,VIC1,60.17405,0.06017405,62.705857816032186,0.0,5.225488151336015,0.0,4.957333333333333,0.0,10.907333333333332,15.864666666666665,13.331652661064425,0.3144387852929009,0.0,-0.3144387852929009,16.424599938861274,385.2298422092163,388.10296992649467,charge,3.8197614430238223,2026-08-01
2026-08-01 19:55:00,VIC1,61.01,0.06101,62.705857816032186,0.0,5.225488151336015,0.0,4.957333333333333,0.0,15.864666666666665,20.821999999999996,17.497478991596633,0.3188070321130103,0.0,-0.3188070321130103,16.105792906748263,390.45533036055235,388.10296992649467,charge,3.8197614430238223,2026-08-01
2026-08-01 20:00:00,VIC1,58.18327,0.05818327,62.705857816032186,0.0,5.225488151336015,0.0,4.957333333333333,0.0,20.821999999999996,25.77933333333333,21.66330532212885,0.30403598799098425,0.0,-0.30403598799098425,15.80175691875728,395.6808185118884,388.10296992649467,charge,3.8197614430238223,2026-08-01
2026-08-01 20:05:00,VIC1,63.14,0.06314,0.0,0.0,0.0,0.0,0.0,0.0,25.77933333333333,25.77933333333333,21.66330532212885,0.0,0.0,0.0,15.80175691875728,395.6808185118884,388.10296992649467,idle,3.8197614430238223,2026-08-01
2026-08-01 20:10:00,VIC1,56.52759,0.056527589999999996,62.705857816032186,0.0,5.225488151336015,0.0,4.957333333333333,0.0,25.77933333333333,30.736666666666665,25.829131652661065,0.2953842517685802,0.0,-0.2953842517685802,15.5063726669887,400.9063066632244,388.10296992649467,charge,3.8197614430238223,2026-08-01
2026-08-01 20:15:00,VIC1,56.48695,0.05648695,62.705857816032186,0.0,5.225488151336015,0.0,4.957333333333333,0.0,30.736666666666665,35.693999999999996,29.99495798319327,0.29517188793010996,0.0,-0.29517188793010996,15.21120077905859,406.13179481456046,388.10296992649467,charge,3.8197614430238223,2026-08-01
2026-08-01 20:20:00,VIC1,66.08184,0.06608184,0.0,0.0,0.0,0.0,0.0,0.0,35.693999999999996,35.693999999999996,29.99495798319327,0.0,0.0,0.0,15.21120077905859,406.13179481456046,388.10296992649467,idle,3.8197614430238223,2026-08-01
2026-08-01 20:25:00,VIC1,65.23272,0.06523272000000001,0.0,0.0,0.0,0.0,0.0,0.0,35.693999999999996,35.693999999999996,29.99495798319327,0.0,0.0,0.0,15.21120077905859,406.13179481456046,388.10296992649467,idle,3.8197614430238223,2026-08-01
2026-08-01 20:30:00,VIC1,65.10676,0.06510676,0.0,0.0,0.0,0.0,0.0,0.0,35.693999999999996,35.693999999999996,29.99495798319327,0.0,0.0,0.0,15.21120077905859,406.13179481456046,388.10296992649467,idle,3.8197614430238223,2026-08-01
2026-08-01 20:35:00,VIC1,71.90343,0.07190343,0.0,69.0,0.0,5.75,0.0,6.061032181989394,35.693999999999996,29.632967818010602,24.901653628580338,0.0,0.41344472250000003,0.41344472250000003,15.62464550155859,406.13179481456046,393.85296992649467,discharge,3.8763537136306327,2026-08-01
2026-08-01 20:40:00,VIC1,75.67832,0.07567832000000001,0.0,69.0,0.0,5.75,0.0,6.061032181989394,29.632967818010602,23.57193563602121,19.8083492739674,0.0,0.43515034,0.43515034,16.05979584155859,406.13179481456046,399.60296992649467,discharge,3.9329459842374432,2026-08-01
2026-08-01 20:45:00,VIC1,75.70459,0.07570459,0.0,69.0,0.0,5.75,0.0,6.061032181989394,23.57193563602121,17.510903454031816,14.715044919354467,0.0,0.4353013925,0.4353013925,16.49509723405859,406.13179481456046,405.35296992649467,discharge,3.9895382548442537,2026-08-01
2026-08-01 20:50:00,VIC1,72.15601,0.07215600999999999,0.0,69.0,0.0,5.75,0.0,6.061032181989394,17.510903454031816,11.449871272042422,9.62174056474153,0.0,0.41489705749999994,0.41489705749999994,16.90999429155859,406.13179481456046,411.10296992649467,discharge,4.046130525451064,2026-08-01
2026-08-01 20:55:00,VIC1,62.10232,0.06210232,62.705857816032186,0.0,5.225488151336015,0.0,4.957333333333333,0.0,11.449871272042422,16.407204605375753,13.787566895273743,0.32451493733047765,0.0,-0.32451493733047765,16.585479354228113,411.3572829658965,411.10296992649467,charge,4.046130525451064,2026-08-01
2026-08-01 21:00:00,VIC1,64.82046,0.06482046,0.0,0.0,0.0,0.0,0.0,0.0,16.407204605375753,16.407204605375753,13.787566895273743,0.0,0.0,0.0,16.585479354228113,411.3572829658965,411.10296992649467,idle,4.046130525451064,2026-08-01
2026-08-01 21:05:00,VIC1,67.17402,0.06717402,0.0,0.0,0.0,0.0,0.0,0.0,16.407204605375753,16.407204605375753,13.787566895273743,0.0,0.0,0.0,16.585479354228113,411.3572829658965,411.10296992649467,idle,4.046130525451064,2026-08-01
2026-08-01 21:10:00,VIC1,69.48,0.06948,0.0,50.046904241002686,0.0,4.17057535341689,0.0,4.396172423386358,16.407204605375753,12.011032181989394,10.093304354612936,0.0,0.2897715755554055,0.2897715755554055,16.87525092978352,411.3572829658965,415.27354527991156,discharge,4.0871778870139615,2026-08-01
2026-08-01 21:15:00,VIC1,71.50845,0.07150845,0.0,69.0,0.0,5.75,0.0,6.061032181989394,12.011032181989394,5.95,5.0,0.0,0.4111735875,0.4111735875,17.286424517283518,411.3572829658965,421.02354527991156,discharge,4.143770157620772,2026-08-01
2026-08-01 21:20:00,VIC1,63.22205,0.06322205,0.0,0.0,0.0,0.0,0.0,0.0,5.95,5.95,5.0,0.0,0.0,0.0,17.286424517283518,411.3572829658965,421.02354527991156,idle,4.143770157620772,2026-08-01
2026-08-01 21:25:00,VIC1,63.03804,0.06303804,0.0,0.0,0.0,0.0,0.0,0.0,5.95,5.95,5.0,0.0,0.0,0.0,17.286424517283518,411.3572829658965,421.02354527991156,idle,4.143770157620772,2026-08-01
2026-08-01 21:30:00,VIC1,69.30259,0.06930259,0.0,0.0,0.0,0.0,0.0,0.0,5.95,5.95,5.0,0.0,0.0,0.0,17.286424517283518,411.3572829658965,421.02354527991156,idle,4.143770157620772,2026-08-01
2026-08-01 21:35:00,VIC1,64.19079,0.06419079000000001,0.0,0.0,0.0,0.0,0.0,0.0,5.95,5.95,5.0,0.0,0.0,0.0,17.286424517283518,411.3572829658965,421.02354527991156,idle,4.143770157620772,2026-08-01
2026-08-01 21:40:00,VIC1,61.03038,0.06103038,0.0,0.0,0.0,0.0,0.0,0.0,5.95,5.95,5.0,0.0,0.0,0.0,17.286424517283518,411.3572829658965,421.02354527991156,idle,4.143770157620772,2026-08-01
2026-08-01 21:45:00,VIC1,61.86904,0.06186904,0.0,0.0,0.0,0.0,0.0,0.0,5.95,5.95,5.0,0.0,0.0,0.0,17.286424517283518,411.3572829658965,421.02354527991156,idle,4.143770157620772,2026-08-01
2026-08-01 21:50:00,VIC1,63.81893,0.06381893000000001,0.0,-0.0,0.0,-0.0,0.0,-0.0,5.95,5.95,5.0,0.0,-0.0,-0.0,17.286424517283518,411.3572829658965,421.02354527991156,idle,4.143770157620772,2026-08-01
2026-08-01 21:55:00,VIC1,62.38342,0.06238342,0.0,0.0,0.0,0.0,0.0,0.0,5.95,5.95,5.0,0.0,0.0,0.0,17.286424517283518,411.3572829658965,421.02354527991156,idle,4.143770157620772,2026-08-01
2026-08-01 22:00:00,VIC1,53.77496,0.053774960000000004,62.705857816032186,0.0,5.225488151336015,0.0,4.957333333333333,0.0,5.95,10.907333333333334,9.165826330532214,0.2810004163185682,0.0,-0.2810004163185682,17.005424100964948,416.58277111723254,421.02354527991156,charge,4.143770157620772,2026-08-01
2026-08-01 22:05:00,VIC1,61.68083,0.06168083,0.0,0.0,0.0,0.0,0.0,0.0,10.907333333333334,10.907333333333334,9.165826330532214,0.0,0.0,0.0,17.005424100964948,416.58277111723254,421.02354527991156,idle,4.143770157620772,2026-08-01
2026-08-01 22:10:00,VIC1,62.16816,0.06216816,0.0,0.0,0.0,0.0,0.0,0.0,10.907333333333334,10.907333333333334,9.165826330532214,0.0,0.0,0.0,17.005424100964948,416.58277111723254,421.02354527991156,idle,4.143770157620772,2026-08-01
2026-08-01 22:15:00,VIC1,57.79239,0.05779239,0.0,0.0,0.0,0.0,0.0,0.0,10.907333333333334,10.907333333333334,9.165826330532214,0.0,0.0,0.0,17.005424100964948,416.58277111723254,421.02354527991156,idle,4.143770157620772,2026-08-01
2026-08-01 22:20:00,VIC1,62.59155,0.06259155,0.0,56.43527203442897,0.0,4.702939336202414,0.0,4.957333333333334,10.907333333333334,5.95,5.0,0.0,0.2943642626088802,0.2943642626088802,17.29978836357383,416.58277111723254,425.72648461611396,discharge,4.190057116848908,2026-08-01
2026-08-01 22:25:00,VIC1,55.69772,0.05569772,13.9608088506345,0.0,1.163400737552875,0.0,1.1036988486560617,0.0,5.95,7.053698848656062,5.927478024080724,0.06479876852801351,0.0,-0.06479876852801351,17.234989595045814,417.7461718547854,425.72648461611396,charge,4.190057116848908,2026-08-01
2026-08-01 22:30:00,VIC1,54.32195,0.05432195,62.705857816032186,0.0,5.225488151336015,0.0,4.957333333333333,0.0,7.053698848656062,12.011032181989394,10.093304354612936,0.28385870608246744,0.0,-0.28385870608246744,16.95113088896335,422.97166000612145,425.72648461611396,charge,4.190057116848908,2026-08-01
2026-08-01 22:35:00,VIC1,62.01647,0.06201647,0.0,69.0,0.0,5.75,0.0,6.061032181989394,12.011032181989394,5.95,5.0,0.0,0.35659470249999997,0.35659470249999997,17.30772559146335,422.97166000612145,431.47648461611396,discharge,4.246649387455718,2026-08-01
2026-08-01 22:40:00,VIC1,56.44111,0.05644111,0.0,0.0,0.0,0.0,0.0,0.0,5.95,5.95,5.0,0.0,0.0,0.0,17.30772559146335,422.97166000612145,431.47648461611396,idle,4.246649387455718,2026-08-01
2026-08-01 22:45:00,VIC1,54.98549,0.05498549,0.0,-0.0,0.0,-0.0,0.0,-0.0,5.95,5.95,5.0,0.0,-0.0,-0.0,17.30772559146335,422.97166000612145,431.47648461611396,idle,4.246649387455718,2026-08-01
2026-08-01 22:50:00,VIC1,50.76696,0.05076696,0.0,-0.0,0.0,-0.0,0.0,-0.0,5.95,5.95,5.0,0.0,-0.0,-0.0,17.30772559146335,422.97166000612145,431.47648461611396,idle,4.246649387455718,2026-08-01
2026-08-01 22:55:00,VIC1,40.50329,0.04050329,62.705857816032186,0.0,5.225488151336015,0.0,4.957333333333333,0.0,5.95,10.907333333333332,9.165826330532212,0.2116494619851265,0.0,-0.2116494619851265,17.096076129478224,428.1971481574575,431.47648461611396,charge,4.246649387455718,2026-08-01
2026-08-01 23:00:00,VIC1,38.0,0.038,62.705857816032186,0.0,5.225488151336015,0.0,4.957333333333333,0.0,10.907333333333332,15.864666666666665,13.331652661064425,0.19856854975076857,0.0,-0.19856854975076857,16.897507579727456,433.4226363087935,431.47648461611396,charge,4.246649387455718,2026-08-01
2026-08-01 23:05:00,VIC1,45.58303,0.045583030000000004,0.0,0.0,0.0,0.0,0.0,0.0,15.864666666666665,15.864666666666665,13.331652661064425,0.0,0.0,0.0,16.897507579727456,433.4226363087935,431.47648461611396,idle,4.246649387455718,2026-08-01
2026-08-01 23:10:00,VIC1,52.72572,0.052725720000000004,0.0,69.0,0.0,5.75,0.0,6.061032181989394,15.864666666666665,9.803634484677271,8.238348306451488,0.0,0.30317289000000003,0.30317289000000003,17.200680469727455,433.4226363087935,437.22648461611396,discharge,4.303241658062529,2026-08-01
2026-08-01 23:15:00,VIC1,50.04515,0.050045150000000004,0.0,43.87054406885791,0.0,3.6558786724048256,0.0,3.853634484677271,9.803634484677271,5.95,5.0,0.0,0.18295899654230036,0.18295899654230036,17.383639466269756,433.4226363087935,440.8823632885188,discharge,4.33922330591199,2026-08-01
2026-08-01 23:20:00,VIC1,10.65006,0.01065006,62.705857816032186,0.0,5.225488151336015,0.0,4.957333333333333,0.0,5.95,10.907333333333334,9.165826330532214,0.05565176234101764,0.0,-0.05565176234101764,17.327987703928738,438.64812446012957,440.8823632885188,charge,4.33922330591199,2026-08-01
2026-08-01 23:25:00,VIC1,10.65,0.01065,62.705857816032186,0.0,5.225488151336015,0.0,4.957333333333333,0.0,10.907333333333334,15.864666666666666,13.331652661064425,0.05565144881172856,0.0,-0.05565144881172856,17.272336255117008,443.8736126114656,440.8823632885188,charge,4.33922330591199,2026-08-01
2026-08-01 23:30:00,VIC1,11.74287,0.01174287,62.705857816032186,0.0,5.225488151336015,0.0,4.957333333333333,0.0,15.864666666666666,20.822,17.497478991596637,0.06136222804767916,0.0,-0.06136222804767916,17.21097402706933,449.09910076280164,440.8823632885188,charge,4.33922330591199,2026-08-01
2026-08-01 23:35:00,VIC1,47.16125,0.04716125,0.0,69.0,0.0,5.75,0.0,6.061032181989394,20.822,14.760967818010606,12.404174636983702,0.0,0.2711771875,0.2711771875,17.48215121456933,449.09910076280164,446.6323632885188,discharge,4.3958155765188005,2026-08-01
2026-08-01 23:40:00,VIC1,20.68,0.02068,0.0,69.0,0.0,5.75,0.0,6.061032181989394,14.760967818010606,8.699935636021213,7.310870282370767,0.0,0.11891,0.11891,17.60106121456933,449.09910076280164,452.3823632885188,discharge,4.4524078471256106,2026-08-01
2026-08-01 23:45:00,VIC1,18.65955,0.01865955,0.0,31.305816103286894,0.0,2.608818008607241,0.0,2.7499356360212124,8.699935636021213,5.95,5.0,0.0,0.04867937007250724,0.04867937007250724,17.649740584641837,449.09910076280164,454.991181297126,discharge,4.478084183596397,2026-08-01
2026-08-01 23:50:00,VIC1,13.80244,0.013802440000000001,0.0,0.0,0.0,0.0,0.0,0.0,5.95,5.95,5.0,0.0,0.0,0.0,17.649740584641837,449.09910076280164,454.991181297126,idle,4.478084183596397,2026-08-01
2026-08-01 23:55:00,VIC1,11.07441,0.01107441,62.705857816032186,0.0,5.225488151336015,0.0,4.957333333333333,0.0,5.95,10.907333333333334,9.165826330532214,0.05786919823803708,0.0,-0.05786919823803708,17.5918713864038,454.3245889141377,454.991181297126,charge,4.478084183596397,2026-08-01
2026-08-02 00:00:00,VIC1,10.65,0.01065,62.705857816032186,0.0,5.225488151336015,0.0,4.957333333333333,0.0,10.907333333333334,15.864666666666666,13.331652661064425,0.05565144881172856,0.0,-0.05565144881172856,17.53621993759207,459.5500770654737,454.991181297126,charge,4.478084183596397,2026-08-01
2026-08-02 00:05:00,VIC1,10.5,0.0105,62.705857816032186,0.0,5.225488151336015,0.0,4.957333333333333,0.0,15.864666666666666,20.822,17.497478991596637,0.05486762558902816,0.0,-0.05486762558902816,17.48135231200304,464.77556521680975,454.991181297126,charge,4.478084183596397,2026-08-02
2026-08-02 00:10:00,VIC1,15.08,0.01508,0.0,69.0,0.0,5.75,0.0,6.061032181989394,20.822,14.760967818010606,12.404174636983702,0.0,0.08671,0.08671,17.56806231200304,464.77556521680975,460.741181297126,discharge,4.534676454203208,2026-08-02
2026-08-02 00:15:00,VIC1,-1.09974,-0.0010997399999999999,62.705857816032186,0.0,5.225488151336015,0.0,4.957333333333333,0.0,14.760967818010606,19.718301151343937,16.570000967515913,-0.005746678339550269,-0.0,0.005746678339550269,17.57380899034259,470.0010533681458,460.741181297126,charge,4.534676454203208,2026-08-02
2026-08-02 00:20:00,VIC1,15.08,0.01508,0.0,69.0,0.0,5.75,0.0,6.061032181989394,19.718301151343937,13.657268969354543,11.476696612902977,0.0,0.08671,0.08671,17.66051899034259,470.0010533681458,466.491181297126,discharge,4.591268724810018,2026-08-02
2026-08-02 00:25:00,VIC1,15.08,0.01508,0.0,69.0,0.0,5.75,0.0,6.061032181989394,13.657268969354543,7.596236787365149,6.383392258290041,0.0,0.08671,0.08671,17.74722899034259,470.0010533681458,472.241181297126,discharge,4.647860995416828,2026-08-02
2026-08-02 00:30:00,VIC1,11.63994,0.01163994,62.705857816032186,0.0,5.225488151336015,0.0,4.957333333333333,0.0,7.596236787365149,12.553570120698481,10.549218588822253,0.060824368552262136,0.0,-0.060824368552262136,17.68640462179033,475.2265415194818,472.241181297126,charge,4.647860995416828,2026-08-02
2026-08-02 00:35:00,VIC1,-1.1,-0.0011,62.705857816032186,0.0,5.225488151336015,0.0,4.957333333333333,0.0,12.553570120698481,17.510903454031816,14.715044919354467,-0.005748036966469617,-0.0,0.005748036966469617,17.6921526587568,480.45202967081786,472.241181297126,charge,4.647860995416828,2026-08-02
2026-08-02 00:40:00,VIC1,15.08,0.01508,0.0,69.0,0.0,5.75,0.0,6.061032181989394,17.510903454031816,11.449871272042422,9.62174056474153,0.0,0.08671,0.08671,17.7788626587568,480.45202967081786,477.991181297126,discharge,4.704453266023639,2026-08-02
2026-08-02 00:45:00,VIC1,8.94,0.00894,62.705857816032186,0.0,5.225488151336015,0.0,4.957333333333333,0.0,11.449871272042422,16.407204605375753,13.787566895273743,0.04671586407294397,0.0,-0.04671586407294397,17.732146794683857,485.6775178221539,477.991181297126,charge,4.704453266023639,2026-08-02
2026-08-02 00:50:00,VIC1,8.94,0.00894,62.705857816032186,0.0,5.225488151336015,0.0,4.957333333333333,0.0,16.407204605375753,21.364537938709088,17.953393225805954,0.04671586407294397,0.0,-0.04671586407294397,17.685430930610913,490.90300597348994,477.991181297126,charge,4.704453266023639,2026-08-02
2026-08-02 00:55:00,VIC1,15.08,0.01508,0.0,69.0,0.0,5.75,0.0,6.061032181989394,21.364537938709088,15.303505756719694,12.860088871193021,0.0,0.08671,0.08671,17.772140930610913,490.90300597348994,483.741181297126,discharge,4.761045536630449,2026-08-02
2026-08-02 01:00:00,VIC1,10.65,0.01065,62.705857816032186,0.0,5.225488151336015,0.0,4.957333333333333,0.0,15.303505756719694,20.260839090053025,17.02591520172523,0.05565144881172856,0.0,-0.05565144881172856,17.716489481799183,496.128494124826,483.741181297126,charge,4.761045536630449,2026-08-02
2026-08-02 01:05:00,VIC1,15.08,0.01508,0.0,69.0,0.0,5.75,0.0,6.061032181989394,20.260839090053025,14.199806908063632,11.932610847112295,0.0,0.08671,0.08671,17.803199481799183,496.128494124826,489.491181297126,discharge,4.81763780723726,2026-08-02
2026-08-02 01:10:00,VIC1,15.08,0.01508,0.0,69.0,0.0,5.75,0.0,6.061032181989394,14.199806908063632,8.138774726074239,6.83930649249936,0.0,0.08671,0.08671,17.889909481799183,496.128494124826,495.241181297126,discharge,4.87423007784407,2026-08-02
2026-08-02 01:15:00,VIC1,12.56994,0.012569940000000002,48.98061298904376,0.0,4.08171774908698,0.0,3.8722574559151557,0.0,8.138774726074239,12.011032181989394,10.093304354612936,0.051306947202958406,0.0,-0.051306947202958406,17.838602534596223,500.21021187391295,495.241181297126,charge,4.87423007784407,2026-08-02
2026-08-02 01:20:00,VIC1,15.08,0.01508,0.0,69.0,0.0,5.75,0.0,6.061032181989394,12.011032181989394,5.95,5.0,0.0,0.08671,0.08671,17.925312534596223,500.21021187391295,500.991181297126,discharge,4.930822348450881,2026-08-02
2026-08-02 01:25:00,VIC1,8.94,0.00894,62.705857816032186,0.0,5.225488151336015,0.0,4.957333333333333,0.0,5.95,10.907333333333334,9.165826330532214,0.04671586407294397,0.0,-0.04671586407294397,17.87859667052328,505.435700025249,500.991181297126,charge,4.930822348450881,2026-08-02
2026-08-02 01:30:00,VIC1,8.94,0.00894,62.705857816032186,0.0,5.225488151336015,0.0,4.957333333333333,0.0,10.907333333333334,15.864666666666665,13.331652661064425,0.04671586407294397,0.0,-0.04671586407294397,17.831880806450336,510.66118817658503,500.991181297126,charge,4.930822348450881,2026-08-02
2026-08-02 01:35:00,VIC1,10.5,0.0105,0.0,68.99999999999997,0.0,5.749999999999997,0.0,6.0610321819893915,15.864666666666665,9.803634484677273,8.23834830645149,0.0,0.06037499999999998,0.06037499999999998,17.892255806450336,510.66118817658503,506.741181297126,discharge,4.987414619057691,2026-08-02
2026-08-02 01:40:00,VIC1,10.49986,0.01049986,0.0,43.870544068857924,0.0,3.655878672404827,0.0,3.8536344846772725,9.803634484677273,5.95,5.0,0.0,0.038386214237236545,0.038386214237236545,17.93064202068757,510.66118817658503,510.3970599695308,discharge,5.0233962669071515,2026-08-02
2026-08-02 01:45:00,VIC1,0.19433,0.00019433000000000002,62.705857816032186,0.0,5.225488151336015,0.0,4.957333333333333,0.0,5.95,10.907333333333334,9.165826330532214,0.0010154691124491279,0.0,-0.0010154691124491279,17.929626551575122,515.886676327921,510.3970599695308,charge,5.0233962669071515,2026-08-02
2026-08-02 01:50:00,VIC1,8.94,0.00894,0.0,56.43527203442897,0.0,4.702939336202414,0.0,4.957333333333334,10.907333333333334,5.95,5.0,0.0,0.04204427766564958,0.04204427766564958,17.97167082924077,515.886676327921,515.0999993057333,discharge,5.069683226135287,2026-08-02
2026-08-02 01:55:00,VIC1,0.36195,0.00036195,62.705857816032186,0.0,5.225488151336015,0.0,4.957333333333333,0.0,5.95,10.907333333333332,9.165826330532212,0.0018913654363760706,0.0,-0.0018913654363760706,17.969779463804397,521.112164479257,515.0999993057333,charge,5.069683226135287,2026-08-02
2026-08-02 02:00:00,VIC1,6.62,0.00662,62.705857816032186,0.0,5.225488151336015,0.0,4.957333333333333,0.0,10.907333333333332,15.864666666666665,13.331652661064425,0.03459273156184442,0.0,-0.03459273156184442,17.935186732242553,526.337652630593,515.0999993057333,charge,5.069683226135287,2026-08-02
2026-08-02 02:05:00,VIC1,0.19368,0.00019368,62.705857816032186,0.0,5.225488151336015,0.0,4.957333333333333,0.0,15.864666666666665,20.821999999999996,17.497478991596633,0.0010120725451507595,0.0,-0.0010120725451507595,17.9341746596974,531.563140781929,515.0999993057333,charge,5.069683226135287,2026-08-02
2026-08-02 02:10:00,VIC1,0.19608,0.00019608,62.705857816032186,0.0,5.225488151336015,0.0,4.957333333333333,0.0,20.821999999999996,25.779333333333327,21.663305322128846,0.001024613716713966,0.0,-0.001024613716713966,17.93315004598069,536.7886289332649,515.0999993057333,charge,5.069683226135287,2026-08-02
2026-08-02 02:15:00,VIC1,5.08,0.00508,62.705857816032186,0.0,5.225488151336015,0.0,4.957333333333333,0.0,25.779333333333327,30.73666666666666,25.829131652661058,0.026545479808786958,0.0,-0.026545479808786958,17.906604566171904,542.0141170846009,515.0999993057333,charge,5.069683226135287,2026-08-02
2026-08-02 02:20:00,VIC1,10.4998,0.0104998,0.0,69.0,0.0,5.75,0.0,6.061032181989394,30.73666666666666,24.675634484677268,20.73582729804812,0.0,0.06037385,0.06037385,17.966978416171905,542.0141170846009,520.8499993057333,discharge,5.126275496742098,2026-08-02
2026-08-02 02:25:00,VIC1,4.36,0.00436,62.705857816032186,0.0,5.225488151336015,0.0,4.957333333333333,0.0,24.675634484677268,29.6329678180106,24.901653628580338,0.022783128339825025,0.0,-0.022783128339825025,17.94419528783208,547.2396052359369,520.8499993057333,charge,5.126275496742098,2026-08-02
2026-08-02 02:30:00,VIC1,15.08,0.01508,0.0,69.0,0.0,5.75,0.0,6.061032181989394,29.6329678180106,23.571935636021205,19.808349273967398,0.0,0.08671,0.08671,18.03090528783208,547.2396052359369,526.5999993057333,discharge,5.182867767348908,2026-08-02
2026-08-02 02:35:00,VIC1,0.37548,0.00037548,62.705857816032186,0.0,5.225488151336015,0.0,4.957333333333333,0.0,23.571935636021205,28.52926896935454,23.974175604499614,0.001962066291063647,0.0,-0.001962066291063647,18.028943221541017,552.4650933872729,526.5999993057333,charge,5.182867767348908,2026-08-02
2026-08-02 02:40:00,VIC1,10.50019,0.01050019,0.0,69.0,0.0,5.75,0.0,6.061032181989394,28.52926896935454,22.468236787365147,18.880871249886678,0.0,0.0603760925,0.0603760925,18.089319314041017,552.4650933872729,532.3499993057333,discharge,5.239460037955718,2026-08-02
2026-08-02 02:45:00,VIC1,8.94,0.00894,0.0,37.48217627543165,0.0,3.123514689619304,0.0,3.2924735747302982,22.468236787365147,19.17576321263485,16.114086733306596,0.0,0.027924221325196577,0.027924221325196577,18.117243535366214,552.4650933872729,535.4735139953526,discharge,5.270202088139941,2026-08-02
2026-08-02 02:50:00,VIC1,5.08,0.00508,62.705857816032186,0.0,5.225488151336015,0.0,4.957333333333333,0.0,19.17576321263485,24.133096545968183,20.27991306383881,0.026545479808786958,0.0,-0.026545479808786958,18.09069805555743,557.6905815386089,535.4735139953526,charge,5.270202088139941,2026-08-02
2026-08-02 02:55:00,VIC1,8.94,0.00894,0.0,69.0,0.0,5.75,0.0,6.061032181989394,24.133096545968183,18.07206436397879,15.186608709225874,0.0,0.051405,0.051405,18.142103055557428,557.6905815386089,541.2235139953526,discharge,5.326794358746751,2026-08-02
2026-08-02 03:00:00,VIC1,8.95,0.00895,0.0,69.0,0.0,5.75,0.0,6.061032181989394,18.07206436397879,12.011032181989394,10.093304354612936,0.0,0.051462499999999994,0.051462499999999994,18.193565555557427,557.6905815386089,546.9735139953526,discharge,5.383386629353562,2026-08-02
2026-08-02 03:05:00,VIC1,10.45,0.01045,0.0,69.0,0.0,5.75,0.0,6.061032181989394,12.011032181989394,5.95,5.0,0.0,0.060087499999999995,0.060087499999999995,18.25365305555743,557.6905815386089,552.7235139953526,discharge,5.439978899960372,2026-08-02
2026-08-02 03:10:00,VIC1,1e-05,1e-08,62.705857816032186,0.0,5.225488151336015,0.0,4.957333333333333,0.0,5.95,10.907333333333332,9.165826330532212,5.225488151336015e-08,0.0,-5.225488151336015e-08,18.253653003302546,562.9160696899448,552.7235139953526,charge,5.439978899960372,2026-08-02
2026-08-02 03:15:00,VIC1,0.00022,2.2e-07,62.705857816032186,0.0,5.225488151336015,0.0,4.957333333333333,0.0,10.907333333333332,15.864666666666665,13.331652661064425,1.1496073932939234e-06,0.0,-1.1496073932939234e-06,18.253651853695153,568.1415578412808,552.7235139953526,charge,5.439978899960372,2026-08-02
2026-08-02 03:20:00,VIC1,10.5,0.0105,0.0,69.0,0.0,5.75,0.0,6.061032181989394,15.864666666666665,9.803634484677271,8.238348306451488,0.0,0.060375000000000005,0.060375000000000005,18.314026853695154,568.1415578412808,558.4735139953526,discharge,5.496571170567182,2026-08-02
2026-08-02 03:25:00,VIC1,0.0,0.0,62.705857816032186,0.0,5.225488151336015,0.0,4.957333333333333,0.0,9.803634484677271,14.760967818010604,12.4041746369837,0.0,0.0,0.0,18.314026853695154,573.3670459926168,558.4735139953526,charge,5.496571170567182,2026-08-02
2026-08-02 03:30:00,VIC1,0.00022,2.2e-07,62.705857816032186,0.0,5.225488151336015,0.0,4.957333333333333,0.0,14.760967818010604,19.718301151343937,16.570000967515913,1.1496073932939234e-06,0.0,-1.1496073932939234e-06,18.31402570408776,578.5925341439528,558.4735139953526,charge,5.496571170567182,2026-08-02
2026-08-02 03:35:00,VIC1,10.5,0.0105,0.0,69.0,0.0,5.75,0.0,6.061032181989394,19.718301151343937,13.657268969354543,11.476696612902977,0.0,0.060375000000000005,0.060375000000000005,18.374400704087762,578.5925341439528,564.2235139953526,discharge,5.553163441173993,2026-08-02
2026-08-02 03:40:00,VIC1,5.47547,0.00547547,0.0,18.741088137715824,0.0,1.561757344809652,0.0,1.6462367873651491,13.657268969354543,12.011032181989394,10.093304354612936,0.0,0.008551355488784905,0.008551355488784905,18.382952059576546,578.5925341439528,565.7852713401622,discharge,5.5685344662661045,2026-08-02
2026-08-02 03:45:00,VIC1,8.94,0.00894,0.0,69.0,0.0,5.75,0.0,6.061032181989394,12.011032181989394,5.95,5.0,0.0,0.051405,0.051405,18.434357059576545,578.5925341439528,571.5352713401622,discharge,5.625126736872915,2026-08-02
2026-08-02 03:50:00,VIC1,-1e-05,-1e-08,62.705857816032186,0.0,5.225488151336015,0.0,4.957333333333333,0.0,5.95,10.907333333333334,9.165826330532214,-5.225488151336015e-08,-0.0,5.225488151336015e-08,18.434357111831428,583.8180222952888,571.5352713401622,charge,5.625126736872915,2026-08-02
2026-08-02 03:55:00,VIC1,0.67,0.00067,27.92161770126899,0.0,2.326801475105749,0.0,2.2073976973121225,0.0,10.907333333333334,13.114731030645455,11.02078237869366,0.001558956988320852,0.0,-0.001558956988320852,18.432798154843105,586.1448237703945,571.5352713401622,charge,5.625126736872915,2026-08-02
2026-08-02 04:00:00,VIC1,5.08,0.00508,0.0,69.0,0.0,5.75,0.0,6.061032181989394,13.114731030645455,7.053698848656061,5.927478024080724,0.0,0.029210000000000003,0.029210000000000003,18.462008154843105,586.1448237703945,577.2852713401622,discharge,5.6817190074797255,2026-08-02
2026-08-02 04:05:00,VIC1,0.67,0.00067,62.705857816032186,0.0,5.225488151336015,0.0,4.957333333333333,0.0,7.053698848656061,12.011032181989394,10.093304354612936,0.0035010770613951303,0.0,-0.0035010770613951303,18.45850707778171,591.3703119217305,577.2852713401622,charge,5.6817190074797255,2026-08-02
2026-08-02 04:10:00,VIC1,5.08,0.00508,0.0,69.0,0.0,5.75,0.0,6.061032181989394,12.011032181989394,5.95,5.0,0.0,0.029210000000000003,0.029210000000000003,18.48771707778171,591.3703119217305,583.0352713401622,discharge,5.7383112780865355,2026-08-02
2026-08-02 04:15:00,VIC1,0.62,0.00062,0.0,0.0,0.0,0.0,0.0,0.0,5.95,5.95,5.0,0.0,0.0,0.0,18.48771707778171,591.3703119217305,583.0352713401622,idle,5.7383112780865355,2026-08-02
2026-08-02 04:20:00,VIC1,0.62,0.00062,-0.0,0.0,-0.0,0.0,-0.0,0.0,5.95,5.95,5.0,-0.0,0.0,0.0,18.48771707778171,591.3703119217305,583.0352713401622,idle,5.7383112780865355,2026-08-02
2026-08-02 04:25:00,VIC1,0.01,1e-05,-0.0,0.0,-0.0,0.0,-0.0,0.0,5.95,5.95,5.0,-0.0,0.0,0.0,18.48771707778171,591.3703119217305,583.0352713401622,idle,5.7383112780865355,2026-08-02
2026-08-02 04:30:00,VIC1,0.00026,2.6e-07,0.0,-0.0,0.0,-0.0,0.0,-0.0,5.95,5.95,5.0,0.0,-0.0,-0.0,18.48771707778171,591.3703119217305,583.0352713401622,idle,5.7383112780865355,2026-08-02
2026-08-02 04:35:00,VIC1,1e-05,1e-08,0.0,-0.0,0.0,-0.0,0.0,-0.0,5.95,5.95,5.0,0.0,-0.0,-0.0,18.48771707778171,591.3703119217305,583.0352713401622,idle,5.7383112780865355,2026-08-02
2026-08-02 04:40:00,VIC1,-1e-05,-1e-08,-0.0,-0.0,-0.0,-0.0,-0.0,-0.0,5.95,5.95,5.0,0.0,0.0,0.0,18.48771707778171,591.3703119217305,583.0352713401622,idle,5.7383112780865355,2026-08-02
2026-08-02 04:45:00,VIC1,-1.1,-0.0011,62.705857816032186,0.0,5.225488151336015,0.0,4.957333333333333,0.0,5.95,10.907333333333332,9.165826330532212,-0.005748036966469617,-0.0,0.005748036966469617,18.49346511474818,596.5958000730665,583.0352713401622,charge,5.7383112780865355,2026-08-02
2026-08-02 04:50:00,VIC1,-1.1,-0.0011,62.705857816032186,0.0,5.225488151336015,0.0,4.957333333333333,0.0,10.907333333333332,15.864666666666665,13.331652661064425,-0.005748036966469617,-0.0,0.005748036966469617,18.49921315171465,601.8212882244025,583.0352713401622,charge,5.7383112780865355,2026-08-02
2026-08-02 04:55:00,VIC1,-1.15,-0.00115,62.705857816032186,0.0,5.225488151336015,0.0,4.957333333333333,0.0,15.864666666666665,20.821999999999996,17.497478991596633,-0.006009311374036417,-0.0,0.006009311374036417,18.505222463088685,607.0467763757384,583.0352713401622,charge,5.7383112780865355,2026-08-02
2026-08-02 05:00:00,VIC1,-1.14976,-0.0011497599999999999,62.705857816032186,0.0,5.225488151336015,0.0,4.957333333333333,0.0,20.821999999999996,25.77933333333333,21.66330532212885,-0.006008057256880096,-0.0,0.006008057256880096,18.511230520345567,612.2722645270744,583.0352713401622,charge,5.7383112780865355,2026-08-02
2026-08-02 05:05:00,VIC1,-1.1,-0.0011,-0.0,69.0,-0.0,5.75,-0.0,6.061032181989394,25.77933333333333,19.718301151343937,16.570000967515913,0.0,-0.006325000000000001,-0.006325000000000001,18.504905520345567,612.2722645270744,588.7852713401622,discharge,5.7949035486933465,2026-08-02
2026-08-02 05:10:00,VIC1,-1.1,-0.0011,-0.0,69.0,-0.0,5.75,-0.0,6.061032181989394,19.718301151343937,13.657268969354543,11.476696612902977,0.0,-0.006325000000000001,-0.006325000000000001,18.498580520345566,612.2722645270744,594.5352713401622,discharge,5.8514958193001565,2026-08-02
2026-08-02 05:15:00,VIC1,-1.1,-0.0011,-0.0,69.0,-0.0,5.75,-0.0,6.061032181989394,13.657268969354543,7.596236787365115,6.383392258290012,0.0,-0.006325000000000001,-0.006325000000000001,18.492255520345566,612.2722645270744,600.2852713401622,discharge,5.9080880899069665,2026-08-02
2026-08-02 05:20:00,VIC1,-1.14976,-0.0011497599999999999,62.705857816032186,0.0,5.225488151336015,0.0,4.957333333333333,0.0,7.596236787365115,12.553570120698451,10.549218588822228,-0.006008057256880096,-0.0,0.006008057256880096,18.498263577602447,617.4977526784104,600.2852713401622,charge,5.9080880899069665,2026-08-02
2026-08-02 05:25:00,VIC1,-1.15,-0.00115,62.705857816032186,0.0,5.225488151336015,0.0,4.957333333333333,0.0,12.553570120698451,17.510903454031784,14.715044919354439,-0.006009311374036417,-0.0,0.006009311374036417,18.504272888976484,622.7232408297464,600.2852713401622,charge,5.9080880899069665,2026-08-02
2026-08-02 05:30:00,VIC1,-1.15,-0.00115,62.705857816032186,0.0,5.225488151336015,0.0,4.957333333333333,0.0,17.510903454031784,22.468236787365118,18.880871249886656,-0.006009311374036417,-0.0,0.006009311374036417,18.51028220035052,627.9487289810824,600.2852713401622,charge,5.9080880899069665,2026-08-02
2026-08-02 05:35:00,VIC1,-2.99,-0.0029900000000000005,62.70585781603217,0.0,5.225488151336014,0.0,4.957333333333332,0.0,22.468236787365118,27.42557012069845,23.046697580418865,-0.015624209572494685,-0.0,0.015624209572494685,18.525906409923014,633.1742171324183,600.2852713401622,charge,5.9080880899069665,2026-08-02
2026-08-02 05:40:00,VIC1,-2.99,-0.0029900000000000005,62.705857816032186,0.0,5.225488151336015,0.0,4.957333333333333,0.0,27.42557012069845,32.38290345403178,27.21252391095108,-0.015624209572494687,-0.0,0.015624209572494687,18.541530619495507,638.3997052837543,600.2852713401622,charge,5.9080880899069665,2026-08-02
2026-08-02 05:45:00,VIC1,-2.99,-0.0029900000000000005,62.705857816032186,0.0,5.225488151336015,0.0,4.957333333333333,0.0,32.38290345403178,37.340236787365114,31.37835024148329,-0.015624209572494687,-0.0,0.015624209572494687,18.557154829068,643.6251934350903,600.2852713401622,charge,5.9080880899069665,2026-08-02
2026-08-02 05:50:00,VIC1,-2.99,-0.0029900000000000005,62.705857816032186,0.0,5.225488151336015,0.0,4.957333333333333,0.0,37.340236787365114,42.297570120698474,35.54417657201552,-0.015624209572494687,-0.0,0.015624209572494687,18.572779038640494,648.8506815864263,600.2852713401622,charge,5.9080880899069665,2026-08-02
2026-08-02 05:55:00,VIC1,-2.99,-0.0029900000000000005,62.705857816032186,0.0,5.225488151336015,0.0,4.957333333333333,0.0,42.297570120698474,47.254903454031805,39.710002902547735,-0.015624209572494687,-0.0,0.015624209572494687,18.588403248212988,654.0761697377623,600.2852713401622,charge,5.9080880899069665,2026-08-02
2026-08-02 06:00:00,VIC1,-2.25075,-0.00225075,62.705857816032186,0.0,5.225488151336015,0.0,4.957333333333333,0.0,47.254903454031805,52.21223678736514,43.87582923307995,-0.011761267456619536,-0.0,0.011761267456619536,18.600164515669608,659.3016578890982,600.2852713401622,charge,5.9080880899069665,2026-08-02
2026-08-02 06:05:00,VIC1,-1.41051,-0.00141051,62.705857816032186,0.0,5.225488151336015,0.0,4.957333333333333,0.0,52.21223678736514,57.169570120698474,48.04165556361216,-0.007370603292340963,-0.0,0.007370603292340963,18.60753511896195,664.5271460404342,600.2852713401622,charge,5.9080880899069665,2026-08-02
2026-08-02 06:10:00,VIC1,-1.14976,-0.0011497599999999999,62.705857816032186,0.0,5.225488151336015,0.0,4.957333333333333,0.0,57.169570120698474,62.126903454031805,52.20748189414437,-0.006008057256880096,-0.0,0.006008057256880096,18.61354317621883,669.7526341917702,600.2852713401622,charge,5.9080880899069665,2026-08-02
2026-08-02 06:15:00,VIC1,-1.15,-0.00115,62.705857816032186,0.0,5.225488151336015,0.0,4.957333333333333,0.0,62.126903454031805,67.08423678736513,56.37330822467658,-0.006009311374036417,-0.0,0.006009311374036417,18.619552487592866,674.9781223431062,600.2852713401622,charge,5.9080880899069665,2026-08-02
2026-08-02 06:20:00,VIC1,-1.14976,-0.0011497599999999999,62.705857816032186,0.0,5.225488151336015,0.0,4.957333333333333,0.0,67.08423678736513,72.04157012069847,60.5391345552088,-0.006008057256880096,-0.0,0.006008057256880096,18.625560544849748,680.2036104944422,600.2852713401622,charge,5.9080880899069665,2026-08-02
2026-08-02 06:25:00,VIC1,-1.15,-0.00115,62.705857816032186,0.0,5.225488151336015,0.0,4.957333333333333,0.0,72.04157012069847,76.99890345403179,64.704960885741,-0.006009311374036417,-0.0,0.006009311374036417,18.631569856223784,685.4290986457781,600.2852713401622,charge,5.9080880899069665,2026-08-02
2026-08-02 06:30:00,VIC1,-1.15,-0.00115,62.705857816032186,0.0,5.225488151336015,0.0,4.957333333333333,0.0,76.99890345403179,81.95623678736513,68.87078721627321,-0.006009311374036417,-0.0,0.006009311374036417,18.63757916759782,690.6545867971141,600.2852713401622,charge,5.9080880899069665,2026-08-02
2026-08-02 06:35:00,VIC1,-1.15,-0.00115,62.705857816032186,0.0,5.225488151336015,0.0,4.957333333333333,0.0,81.95623678736513,86.91357012069845,73.03661354680541,-0.006009311374036417,-0.0,0.006009311374036417,18.643588478971857,695.8800749484501,600.2852713401622,charge,5.9080880899069665,2026-08-02
2026-08-02 06:40:00,VIC1,-1.15,-0.00115,62.705857816032186,0.0,5.225488151336015,0.0,4.957333333333333,0.0,86.91357012069845,91.87090345403179,77.20243987733764,-0.006009311374036417,-0.0,0.006009311374036417,18.649597790345894,701.1055630997861,600.2852713401622,charge,5.9080880899069665,2026-08-02
2026-08-02 06:45:00,VIC1,-1.15,-0.00115,62.705857816032186,0.0,5.225488151336015,0.0,4.957333333333333,0.0,91.87090345403179,96.82823678736513,81.36826620786985,-0.006009311374036417,-0.0,0.006009311374036417,18.65560710171993,706.3310512511221,600.2852713401622,charge,5.9080880899069665,2026-08-02
2026-08-02 06:50:00,VIC1,-1.15,-0.00115,62.705857816032186,0.0,5.225488151336015,0.0,4.957333333333333,0.0,96.82823678736513,101.78557012069847,85.53409253840208,-0.006009311374036417,-0.0,0.006009311374036417,18.661616413093967,711.556539402458,600.2852713401622,charge,5.9080880899069665,2026-08-02
2026-08-02 06:55:00,VIC1,-1.13403,-0.00113403,62.705857816032186,0.0,5.225488151336015,0.0,4.957333333333333,0.0,101.78557012069847,106.74290345403179,89.69991886893428,-0.005925860328259582,-0.0,0.005925860328259582,18.667542273422224,716.782027553794,600.2852713401622,charge,5.9080880899069665,2026-08-02
2026-08-02 07:00:00,VIC1,-1.14331,-0.00114331,62.705857816032186,0.0,5.225488151336015,0.0,4.957333333333333,0.0,106.74290345403179,111.70023678736513,93.8657451994665,-0.00597435285830398,-0.0,0.00597435285830398,18.673516626280527,722.00751570513,600.2852713401622,charge,5.9080880899069665,2026-08-02
2026-08-02 07:05:00,VIC1,-1.1,-0.0011,0.0,69.0,0.0,5.75,0.0,6.061032181989394,111.70023678736513,105.63920460537574,88.77244084485356,-0.0,-0.006325000000000001,-0.006325000000000001,18.667191626280527,722.00751570513,606.0352713401622,discharge,5.9646803605137775,2026-08-02
2026-08-02 07:10:00,VIC1,-1.1,-0.0011,0.0,69.0,0.0,5.75,0.0,6.061032181989394,105.63920460537574,99.57817242338635,83.67913649024062,-0.0,-0.006325000000000001,-0.006325000000000001,18.660866626280527,722.00751570513,611.7852713401622,discharge,6.0212726311205875,2026-08-02
2026-08-02 07:15:00,VIC1,-1.1,-0.0011,0.0,69.0,0.0,5.75,0.0,6.061032181989394,99.57817242338635,93.51714024139696,78.5858321356277,-0.0,-0.006325000000000001,-0.006325000000000001,18.654541626280526,722.00751570513,617.5352713401622,discharge,6.077864901727398,2026-08-02
2026-08-02 07:20:00,VIC1,-1.0997,-0.0010997,0.0,69.0,0.0,5.75,0.0,6.061032181989394,93.51714024139696,87.45610805940755,73.49252778101474,-0.0,-0.006323275,-0.006323275,18.648218351280526,722.00751570513,623.2852713401622,discharge,6.1344571723342085,2026-08-02
2026-08-02 07:25:00,VIC1,-0.96544,-0.00096544,0.0,69.0,0.0,5.75,0.0,6.061032181989394,87.45610805940755,81.39507587741817,68.39922342640182,-0.0,-0.0055512800000000005,-0.0055512800000000005,18.642667071280528,722.00751570513,629.0352713401622,discharge,6.1910494429410186,2026-08-02
2026-08-02 07:30:00,VIC1,0.01,1e-05,0.0,69.0,0.0,5.75,0.0,6.061032181989394,81.39507587741817,75.33404369542878,63.305919071788885,0.0,5.75e-05,5.75e-05,18.642724571280528,722.00751570513,634.7852713401622,discharge,6.247641713547829,2026-08-02
2026-08-02 07:35:00,VIC1,0.02,2e-05,0.0,69.0,0.0,5.75,0.0,6.061032181989394,75.33404369542878,69.27301151343939,58.21261471717596,0.0,0.000115,0.000115,18.64283957128053,722.00751570513,640.5352713401622,discharge,6.3042339841546395,2026-08-02
2026-08-02 07:40:00,VIC1,9.36267,0.00936267,0.0,69.0,0.0,5.75,0.0,6.061032181989394,69.27301151343939,63.211979331449974,53.119310362563,0.0,0.0538353525,0.0538353525,18.696674923780527,722.00751570513,646.2852713401622,discharge,6.36082625476145,2026-08-02
2026-08-02 07:45:00,VIC1,9.25437,0.00925437,0.0,69.0,0.0,5.75,0.0,6.061032181989394,63.211979331449974,57.150947149460585,48.02600600795007,0.0,0.0532126275,0.0532126275,18.749887551280526,722.00751570513,652.0352713401622,discharge,6.4174185253682605,2026-08-02
2026-08-02 07:50:00,VIC1,5.08,0.00508,0.0,69.0,0.0,5.75,0.0,6.061032181989394,57.150947149460585,51.08991496747119,42.93270165333713,0.0,0.029210000000000003,0.029210000000000003,18.779097551280525,722.00751570513,657.7852713401622,discharge,6.474010795975071,2026-08-02
2026-08-02 07:55:00,VIC1,0.85952,0.00085952,0.0,69.0,0.0,5.75,0.0,6.061032181989394,51.08991496747119,45.0288827854818,37.8393972987242,0.0,0.00494224,0.00494224,18.784039791280524,722.00751570513,663.5352713401622,discharge,6.530603066581881,2026-08-02
2026-08-02 08:00:00,VIC1,0.86196,0.0008619599999999999,0.0,69.0,0.0,5.75,0.0,6.061032181989394,45.0288827854818,38.9678506034924,32.74609294411126,0.0,0.00495627,0.00495627,18.788996061280525,722.00751570513,669.2852713401622,discharge,6.5871953371886915,2026-08-02
2026-08-02 08:05:00,VIC1,0.09907,9.907000000000001e-05,0.0,69.0,0.0,5.75,0.0,6.061032181989394,38.9678506034924,32.90681842150301,27.65278858949833,0.0,0.0005696525000000001,0.0005696525000000001,18.789565713780526,722.00751570513,675.0352713401622,discharge,6.643787607795502,2026-08-02
2026-08-02 08:10:00,VIC1,0.00026,2.6e-07,0.0,69.0,0.0,5.75,0.0,6.061032181989394,32.90681842150301,26.845786239513615,22.559484234885392,0.0,1.495e-06,1.495e-06,18.789567208780525,722.00751570513,680.7852713401622,discharge,6.700379878402312,2026-08-02
2026-08-02 08:15:00,VIC1,0.01,1e-05,0.0,69.0,0.0,5.75,0.0,6.061032181989394,26.845786239513615,20.784754057524218,17.466179880272453,0.0,5.75e-05,5.75e-05,18.789624708780526,722.00751570513,686.5352713401622,discharge,6.756972149009123,2026-08-02
2026-08-02 08:20:00,VIC1,0.00026,2.6e-07,0.0,69.0,0.0,5.75,0.0,6.061032181989394,20.784754057524218,14.723721875534824,12.372875525659516,0.0,1.495e-06,1.495e-06,18.789626203780525,722.00751570513,692.2852713401622,discharge,6.813564419615933,2026-08-02
2026-08-02 08:25:00,VIC1,-1.1,-0.0011,0.0,69.0,0.0,5.75,0.0,6.061032181989394,14.723721875534824,8.662689693545431,7.279571171046581,-0.0,-0.006325000000000001,-0.006325000000000001,18.783301203780525,722.00751570513,698.0352713401622,discharge,6.870156690222743,2026-08-02
2026-08-02 08:30:00,VIC1,-1.15,-0.00115,-0.0,30.881800860723803,-0.0,2.573483405060317,-0.0,2.712689693545431,8.662689693545431,5.95,5.0,0.0,-0.002959505915819364,-0.002959505915819364,18.780341697864706,722.00751570513,700.6087547452225,discharge,6.895485258789928,2026-08-02
2026-08-02 08:35:00,VIC1,-2.99004,-0.0029900400000000002,-0.0,-0.0,-0.0,-0.0,-0.0,-0.0,5.95,5.95,5.0,0.0,0.0,0.0,18.780341697864706,722.00751570513,700.6087547452225,idle,6.895485258789928,2026-08-02
2026-08-02 08:40:00,VIC1,-6.50987,-0.00650987,28.157181724915116,0.0,2.3464318104095927,0.0,2.22602066855001,0.0,5.95,8.176020668550011,6.870605603823539,-0.015274966049631095,-0.0,0.015274966049631095,18.795616663914338,724.3539475155396,700.6087547452225,charge,6.895485258789928,2026-08-02
2026-08-02 08:45:00,VIC1,-7.17012,-0.00717012,62.705857816032186,0.0,5.225488151336015,0.0,4.957333333333333,0.0,8.176020668550011,13.133354001883344,11.036431934355752,-0.03746737710365739,-0.0,0.03746737710365739,18.833084041017994,729.5794356668756,700.6087547452225,charge,6.895485258789928,2026-08-02
2026-08-02 08:50:00,VIC1,-6.90306,-0.00690306,0.0,69.0,0.0,5.75,0.0,6.061032181989394,13.133354001883344,7.072321819893951,5.943127579742816,-0.0,-0.039692595,-0.039692595,18.793391446017992,729.5794356668756,706.3587547452225,discharge,6.952077529396738,2026-08-02
2026-08-02 08:55:00,VIC1,-7.34344,-0.0073434400000000006,62.705857816032186,0.0,5.225488151336015,0.0,4.957333333333333,0.0,7.072321819893951,12.029655153227283,10.108953910275028,-0.03837305871004695,-0.0,0.03837305871004695,18.83176450472804,734.8049238182116,706.3587547452225,charge,6.952077529396738,2026-08-02
2026-08-02 09:00:00,VIC1,-9.44452,-0.009444520000000001,62.705857816032186,0.0,5.225488151336015,0.0,4.957333333333333,0.0,12.029655153227283,16.986988486560616,14.274780240807242,-0.04935222735505603,-0.0,0.04935222735505603,18.881116732083093,740.0304119695476,706.3587547452225,charge,6.952077529396738,2026-08-02
2026-08-02 09:05:00,VIC1,-10.04655,-0.01004655,62.705857816032186,0.0,5.225488151336015,0.0,4.957333333333333,0.0,16.986988486560616,21.94432181989395,18.440606571339455,-0.05249812798680484,-0.0,0.05249812798680484,18.9336148600699,745.2559001208836,706.3587547452225,charge,6.952077529396738,2026-08-02
2026-08-02 09:10:00,VIC1,-7.51,-0.00751,62.705857816032186,0.0,5.225488151336015,0.0,4.957333333333333,0.0,21.94432181989395,26.901655153227278,22.606432901871663,-0.03924341601653347,-0.0,0.03924341601653347,18.97285827608643,750.4813882722195,706.3587547452225,charge,6.952077529396738,2026-08-02
2026-08-02 09:15:00,VIC1,-11.95,-0.011949999999999999,62.705857816032186,0.0,5.225488151336015,0.0,4.957333333333333,0.0,26.901655153227278,31.858988486560612,26.77225923240388,-0.06244458340846538,-0.0,0.06244458340846538,19.035302859494895,755.7068764235555,706.3587547452225,charge,6.952077529396738,2026-08-02
2026-08-02 09:20:00,VIC1,-10.07357,-0.01007357,62.705857816032186,0.0,5.225488151336015,0.0,4.957333333333333,0.0,31.858988486560612,36.81632181989394,30.938085562936084,-0.052639320676653945,-0.0,0.052639320676653945,19.08794218017155,760.9323645748915,706.3587547452225,charge,6.952077529396738,2026-08-02
2026-08-02 09:25:00,VIC1,-6.6,-0.0066,0.0,69.0,0.0,5.75,0.0,6.061032181989394,36.81632181989394,30.755289637904546,25.84478120832315,-0.0,-0.03795,-0.03795,19.04999218017155,760.9323645748915,712.1087547452225,discharge,7.008669800003548,2026-08-02
2026-08-02 09:30:00,VIC1,-11.95,-0.011949999999999999,62.705857816032186,0.0,5.225488151336015,0.0,4.957333333333333,0.0,30.755289637904546,35.71262297123788,30.01060753885536,-0.06244458340846538,-0.0,0.06244458340846538,19.112436763580014,766.1578527262275,712.1087547452225,charge,7.008669800003548,2026-08-02
2026-08-02 09:35:00,VIC1,-7.51,-0.00751,62.705857816032186,0.0,5.225488151336015,0.0,4.957333333333333,0.0,35.71262297123788,40.669956304571215,34.17643386938757,-0.03924341601653347,-0.0,0.03924341601653347,19.151680179596546,771.3833408775635,712.1087547452225,charge,7.008669800003548,2026-08-02
2026-08-02 09:40:00,VIC1,-7.51,-0.00751,62.705857816032186,0.0,5.225488151336015,0.0,4.957333333333333,0.0,40.669956304571215,45.627289637904546,38.342260199919785,-0.03924341601653347,-0.0,0.03924341601653347,19.19092359561308,776.6088290288994,712.1087547452225,charge,7.008669800003548,2026-08-02
2026-08-02 09:45:00,VIC1,-7.84355,-0.00784355,62.705857816032186,0.0,5.225488151336015,0.0,4.957333333333333,0.0,45.627289637904546,50.58462297123788,42.508086530452,-0.0409863775894116,-0.0,0.0409863775894116,19.23190997320249,781.8343171802354,712.1087547452225,charge,7.008669800003548,2026-08-02
2026-08-02 09:50:00,VIC1,-6.51,-0.00651,0.0,69.0,0.0,5.75,0.0,6.061032181989394,50.58462297123788,44.52359078924848,37.41478217583906,-0.0,-0.0374325,-0.0374325,19.19447747320249,781.8343171802354,717.8587547452225,discharge,7.065262070610359,2026-08-02
2026-08-02 09:55:00,VIC1,-6.5,-0.006500000000000001,0.0,69.0,0.0,5.75,0.0,6.061032181989394,44.52359078924848,38.4625586072591,32.32147782122613,-0.0,-0.037375000000000005,-0.037375000000000005,19.15710247320249,781.8343171802354,723.6087547452225,discharge,7.121854341217169,2026-08-02
2026-08-02 10:00:00,VIC1,-6.6,-0.0066,0.0,69.0,0.0,5.75,0.0,6.061032181989394,38.4625586072591,32.4015264252697,27.228173466613192,-0.0,-0.03795,-0.03795,19.11915247320249,781.8343171802354,729.3587547452225,discharge,7.178446611823979,2026-08-02
2026-08-02 10:05:00,VIC1,-6.51,-0.00651,0.0,69.0,0.0,5.75,0.0,6.061032181989394,32.4015264252697,26.340494243280308,22.134869112000256,-0.0,-0.0374325,-0.0374325,19.08171997320249,781.8343171802354,735.1087547452225,discharge,7.23503888243079,2026-08-02
2026-08-02 10:10:00,VIC1,-6.6,-0.0066,0.0,69.0,0.0,5.75,0.0,6.061032181989394,26.340494243280308,20.279462061290914,17.041564757387324,-0.0,-0.03795,-0.03795,19.04376997320249,781.8343171802354,740.8587547452225,discharge,7.2916311530376,2026-08-02
2026-08-02 10:15:00,VIC1,-6.51,-0.00651,0.0,69.0,0.0,5.75,0.0,6.061032181989394,20.279462061290914,14.21842987930152,11.948260402774386,-0.0,-0.0374325,-0.0374325,19.00633747320249,781.8343171802354,746.6087547452225,discharge,7.348223423644411,2026-08-02
2026-08-02 10:20:00,VIC1,-7.99118,-0.00799118,62.705857816032186,0.0,5.225488151336015,0.0,4.957333333333333,0.0,14.21842987930152,19.175763212634852,16.1140867333066,-0.04175781640519334,-0.0,0.04175781640519334,19.048095289607684,787.0598053315714,746.6087547452225,charge,7.348223423644411,2026-08-02
2026-08-02 10:25:00,VIC1,-6.6,-0.0066,0.0,69.0,0.0,5.75,0.0,6.061032181989394,19.175763212634852,13.114731030645457,11.02078237869366,-0.0,-0.03795,-0.03795,19.010145289607685,787.0598053315714,752.3587547452225,discharge,7.404815694251221,2026-08-02
2026-08-02 10:30:00,VIC1,-9.5196,-0.009519600000000001,62.705857816032186,0.0,5.225488151336015,0.0,4.957333333333333,0.0,13.114731030645457,18.07206436397879,15.186608709225874,-0.04974455700545834,-0.0,0.04974455700545834,19.059889846613142,792.2852934829074,752.3587547452225,charge,7.404815694251221,2026-08-02
2026-08-02 10:35:00,VIC1,-7.23095,-0.00723095,0.0,69.0,0.0,5.75,0.0,6.061032181989394,18.07206436397879,12.011032181989396,10.093304354612938,-0.0,-0.041577962499999996,-0.041577962499999996,19.018311884113142,792.2852934829074,758.1087547452225,discharge,7.461407964858031,2026-08-02
2026-08-02 10:40:00,VIC1,-7.19101,-0.00719101,0.0,69.0,0.0,5.75,0.0,6.061032181989394,12.011032181989396,5.95,5.0,-0.0,-0.0413483075,-0.0413483075,18.97696357661314,792.2852934829074,763.8587547452225,discharge,7.518000235464842,2026-08-02
2026-08-02 10:45:00,VIC1,-7.51,-0.00751,13.960808850634487,0.0,1.1634007375528739,0.0,1.1036988486560606,0.0,5.95,7.053698848656061,5.927478024080724,-0.008737139539022084,-0.0,0.008737139539022084,18.985700716152163,793.4486942204602,763.8587547452225,charge,7.518000235464842,2026-08-02
2026-08-02 10:50:00,VIC1,-7.51,-0.00751,62.705857816032186,-0.0,5.225488151336015,-0.0,4.957333333333333,-0.0,7.053698848656061,12.011032181989394,10.093304354612936,-0.03924341601653347,0.0,0.03924341601653347,19.024944132168695,798.6741823717962,763.8587547452225,charge,7.518000235464842,2026-08-02
2026-08-02 10:55:00,VIC1,-7.51,-0.00751,0.0,69.0,0.0,5.75,0.0,6.061032181989394,12.011032181989394,5.95,5.0,-0.0,-0.0431825,-0.0431825,18.981761632168695,798.6741823717962,769.6087547452225,discharge,7.574592506071652,2026-08-02
2026-08-02 11:00:00,VIC1,-12.75,-0.012750000000000001,27.92161770126898,0.0,2.326801475105748,0.0,2.2073976973121217,0.0,5.95,8.15739769731212,6.854956048161445,-0.029666718807598292,-0.0,0.029666718807598292,19.011428350976292,801.0009838469019,769.6087547452225,charge,7.574592506071652,2026-08-02
2026-08-02 11:05:00,VIC1,-15.42,-0.01542,62.705857816032186,0.0,5.225488151336015,0.0,4.957333333333333,0.0,8.15739769731212,13.114731030645455,11.02078237869366,-0.08057702729360135,-0.0,0.08057702729360135,19.092005378269892,806.2264719982379,769.6087547452225,charge,7.574592506071652,2026-08-02
2026-08-02 11:10:00,VIC1,-11.95,-0.011949999999999999,0.0,69.0,0.0,5.75,0.0,6.061032181989394,13.114731030645455,7.053698848656062,5.927478024080724,-0.0,-0.0687125,-0.0687125,19.023292878269892,806.2264719982379,775.3587547452225,discharge,7.631184776678462,2026-08-02
2026-08-02 11:15:00,VIC1,-12.75,-0.012750000000000001,62.705857816032186,0.0,5.225488151336015,0.0,4.957333333333333,0.0,7.053698848656062,12.011032181989394,10.093304354612936,-0.0666249739295342,-0.0,0.0666249739295342,19.089917852199427,811.4519601495739,775.3587547452225,charge,7.631184776678462,2026-08-02
2026-08-02 11:20:00,VIC1,-12.75,-0.012750000000000001,0.0,69.0,0.0,5.75,0.0,6.061032181989394,12.011032181989394,5.95,5.0,-0.0,-0.0733125,-0.0733125,19.016605352199427,811.4519601495739,781.1087547452225,discharge,7.687777047285273,2026-08-02
2026-08-02 11:25:00,VIC1,-16.66837,-0.01666837,62.705857816032186,0.0,5.225488151336015,0.0,4.957333333333333,0.0,5.95,10.907333333333334,9.165826330532214,-0.08710036993708468,-0.0,0.08710036993708468,19.10370572213651,816.6774483009099,781.1087547452225,charge,7.687777047285273,2026-08-02
2026-08-02 11:30:00,VIC1,-15.42,-0.01542,0.0,56.43527203442897,0.0,4.702939336202414,0.0,4.957333333333334,10.907333333333334,5.95,5.0,-0.0,-0.07251932456424122,-0.07251932456424122,19.03118639757227,816.6774483009099,785.811694081425,discharge,7.734064006513408,2026-08-02
2026-08-02 11:35:00,VIC1,-16.28203,-0.01628203,-0.0,-0.0,-0.0,-0.0,-0.0,-0.0,5.95,5.95,5.0,0.0,0.0,0.0,19.03118639757227,816.6774483009099,785.811694081425,idle,7.734064006513408,2026-08-02
2026-08-02 11:40:00,VIC1,-20.59011,-0.02059011,62.705857816032186,0.0,5.225488151336015,0.0,4.957333333333333,0.0,5.95,10.907333333333332,9.165826330532212,-0.10759337583970519,-0.0,0.10759337583970519,19.138779773411976,821.9029364522459,785.811694081425,charge,7.734064006513408,2026-08-02
2026-08-02 11:45:00,VIC1,-34.42,-0.03442,62.705857816032186,0.0,5.225488151336015,0.0,4.957333333333333,0.0,10.907333333333332,15.864666666666665,13.331652661064425,-0.17986130216898563,-0.0,0.17986130216898563,19.31864107558096,827.1284246035818,785.811694081425,charge,7.734064006513408,2026-08-02
2026-08-02 11:50:00,VIC1,-50.01,-0.05001,62.705857816032186,0.0,5.225488151336015,0.0,4.957333333333333,0.0,15.864666666666665,20.821999999999996,17.497478991596633,-0.2613266624483141,-0.0,0.2613266624483141,19.579967738029275,832.3539127549178,785.811694081425,charge,7.734064006513408,2026-08-02
2026-08-02 11:55:00,VIC1,-20.85964,-0.02085964,62.705857816032186,0.0,5.225488151336015,0.0,4.957333333333333,0.0,20.821999999999996,25.77933333333333,21.66330532212885,-0.1090018016611348,-0.0,0.1090018016611348,19.688969539690408,837.5794009062538,785.811694081425,charge,7.734064006513408,2026-08-02
2026-08-02 12:00:00,VIC1,-15.42,-0.01542,0.0,69.0,0.0,5.75,0.0,6.061032181989394,25.77933333333333,19.718301151343937,16.570000967515913,-0.0,-0.088665,-0.088665,19.60030453969041,837.5794009062538,791.561694081425,discharge,7.790656277120219,2026-08-02
2026-08-02 12:05:00,VIC1,-15.42,-0.01542,0.0,69.0,0.0,5.75,0.0,6.061032181989394,19.718301151343937,13.657268969354543,11.476696612902977,-0.0,-0.088665,-0.088665,19.51163953969041,837.5794009062538,797.311694081425,discharge,7.847248547727029,2026-08-02
2026-08-02 12:10:00,VIC1,-15.42,-0.01542,0.0,69.0,0.0,5.75,0.0,6.061032181989394,13.657268969354543,7.596236787365149,6.383392258290041,-0.0,-0.088665,-0.088665,19.42297453969041,837.5794009062538,803.061694081425,discharge,7.90384081833384,2026-08-02
2026-08-02 12:15:00,VIC1,-21.52969,-0.02152969,62.705857816032186,0.0,5.225488151336015,0.0,4.957333333333333,0.0,7.596236787365149,12.553570120698483,10.549218588822255,-0.11250313999693749,-0.0,0.11250313999693749,19.53547767968735,842.8048890575898,803.061694081425,charge,7.90384081833384,2026-08-02
2026-08-02 12:20:00,VIC1,-20.99875,-0.02099875,62.705857816032186,0.0,5.225488151336015,0.0,4.957333333333333,0.0,12.553570120698483,17.510903454031816,14.715044919354467,-0.10972871931786715,-0.0,0.10972871931786715,19.645206399005218,848.0303772089258,803.061694081425,charge,7.90384081833384,2026-08-02
2026-08-02 12:25:00,VIC1,-12.75,-0.012750000000000001,0.0,69.0,0.0,5.75,0.0,6.061032181989394,17.510903454031816,11.449871272042422,9.62174056474153,-0.0,-0.0733125,-0.0733125,19.571893899005218,848.0303772089258,808.811694081425,discharge,7.96043308894065,2026-08-02
2026-08-02 12:30:00,VIC1,-19.99,-0.019989999999999997,0.0,62.611632206573745,0.0,5.2176360172144784,0.0,5.499871272042421,11.449871272042422,5.95,5.0,-0.0,-0.10430054398411741,-0.10430054398411741,19.4675933550211,848.0303772089258,814.0293300986394,discharge,8.011785761882223,2026-08-02
2026-08-02 12:35:00,VIC1,-21.32569,-0.02132569,62.705857816032186,0.0,5.225488151336015,0.0,4.957333333333333,0.0,5.95,10.907333333333332,9.165826330532212,-0.11143714041406495,-0.0,0.11143714041406495,19.579030495435166,853.2558653602617,814.0293300986394,charge,8.011785761882223,2026-08-02
2026-08-02 12:40:00,VIC1,-24.88,-0.02488,62.705857816032186,0.0,5.225488151336015,0.0,4.957333333333333,0.0,10.907333333333332,15.864666666666665,13.331652661064425,-0.13001014520524004,-0.0,0.13001014520524004,19.709040640640406,858.4813535115977,814.0293300986394,charge,8.011785761882223,2026-08-02
2026-08-02 12:45:00,VIC1,-25.03,-0.02503,62.705857816032186,0.0,5.225488151336015,0.0,4.957333333333333,0.0,15.864666666666665,20.821999999999996,17.497478991596633,-0.13079396842794047,-0.0,0.13079396842794047,19.839834609068348,863.7068416629337,814.0293300986394,charge,8.011785761882223,2026-08-02
2026-08-02 12:50:00,VIC1,-22.01971,-0.02201971,62.705857816032186,0.0,5.225488151336015,0.0,4.957333333333333,0.0,20.821999999999996,25.77933333333333,21.66330532212885,-0.11506373370085518,-0.0,0.11506373370085518,19.9548983427692,868.9323298142697,814.0293300986394,charge,8.011785761882223,2026-08-02
2026-08-02 12:55:00,VIC1,-21.08103,-0.021081029999999997,0.0,69.0,0.0,5.75,0.0,6.061032181989394,25.77933333333333,19.718301151343937,16.570000967515913,-0.0,-0.12121592249999999,-0.12121592249999999,19.833682420269202,868.9323298142697,819.7793300986394,discharge,8.068378032489033,2026-08-02
2026-08-02 13:00:00,VIC1,-34.42,-0.03442,62.705857816032186,0.0,5.225488151336015,0.0,4.957333333333333,0.0,19.718301151343937,24.675634484677268,20.73582729804812,-0.17986130216898563,-0.0,0.17986130216898563,20.013543722438186,874.1578179656057,819.7793300986394,charge,8.068378032489033,2026-08-02
2026-08-02 13:05:00,VIC1,-20.37538,-0.020375380000000002,0.0,69.0,0.0,5.75,0.0,6.061032181989394,24.675634484677268,18.614602302687874,15.64252294343519,-0.0,-0.117158435,-0.117158435,19.896385287438186,874.1578179656057,825.5293300986394,discharge,8.124970303095843,2026-08-02
2026-08-02 13:10:00,VIC1,-24.88,-0.02488,62.705857816032186,0.0,5.225488151336015,0.0,4.957333333333333,0.0,18.614602302687874,23.57193563602121,19.8083492739674,-0.13001014520524004,-0.0,0.13001014520524004,20.026395432643426,879.3833061169416,825.5293300986394,charge,8.124970303095843,2026-08-02
2026-08-02 13:15:00,VIC1,-34.42,-0.03442,62.705857816032186,0.0,5.225488151336015,0.0,4.957333333333333,0.0,23.57193563602121,28.52926896935454,23.974175604499614,-0.17986130216898563,-0.0,0.17986130216898563,20.20625673481241,884.6087942682776,825.5293300986394,charge,8.124970303095843,2026-08-02
2026-08-02 13:20:00,VIC1,-35.84039,-0.03584039,62.705857816032186,0.0,5.225488151336015,0.0,4.957333333333333,0.0,28.52926896935454,33.48660230268788,28.140001935031826,-0.1872835332842618,-0.0,0.1872835332842618,20.39354026809667,889.8342824196136,825.5293300986394,charge,8.124970303095843,2026-08-02
2026-08-02 13:25:00,VIC1,-58.57221,-0.05857221,62.705857816032186,0.0,5.225488151336015,0.0,4.957333333333333,0.0,33.48660230268788,38.44393563602121,32.30582826556404,-0.30606838935256486,-0.0,0.30606838935256486,20.699608657449236,895.0597705709496,825.5293300986394,charge,8.124970303095843,2026-08-02
2026-08-02 13:30:00,VIC1,-34.63,-0.03463,62.705857816032186,0.0,5.225488151336015,0.0,4.957333333333333,0.0,38.44393563602121,43.40126896935456,36.47165459609627,-0.18095865468076622,-0.0,0.18095865468076622,20.88056731213,900.2852587222856,825.5293300986394,charge,8.124970303095843,2026-08-02
2026-08-02 13:35:00,VIC1,-60.0,-0.06,62.70585781603217,0.0,5.225488151336014,0.0,4.957333333333332,0.0,43.40126896935456,48.35860230268789,40.637480926628484,-0.31352928908016087,-0.0,0.31352928908016087,21.194096601210163,905.5107468736215,825.5293300986394,charge,8.124970303095843,2026-08-02
2026-08-02 13:40:00,VIC1,-34.42,-0.03442,62.705857816032186,0.0,5.225488151336015,0.0,4.957333333333333,0.0,48.35860230268789,53.31593563602122,44.80330725716069,-0.17986130216898563,-0.0,0.17986130216898563,21.373957903379146,910.7362350249575,825.5293300986394,charge,8.124970303095843,2026-08-02
2026-08-02 13:45:00,VIC1,-59.47,-0.05947,62.70585781603217,0.0,5.225488151336014,0.0,4.957333333333332,0.0,53.31593563602122,58.273268969354554,48.9691335876929,-0.3107597803599528,-0.0,0.3107597803599528,21.6847176837391,915.9617231762935,825.5293300986394,charge,8.124970303095843,2026-08-02
2026-08-02 13:50:00,VIC1,-60.0,-0.06,62.705857816032186,0.0,5.225488151336015,0.0,4.957333333333333,0.0,58.273268969354554,63.230602302687885,53.134959918225114,-0.3135292890801609,-0.0,0.3135292890801609,21.99824697281926,921.1872113276295,825.5293300986394,charge,8.124970303095843,2026-08-02
2026-08-02 13:55:00,VIC1,-59.47,-0.05947,62.705857816032186,0.0,5.225488151336015,0.0,4.957333333333333,0.0,63.230602302687885,68.18793563602122,57.300786248757326,-0.31075978035995283,-0.0,0.31075978035995283,22.30900675317921,926.4126994789655,825.5293300986394,charge,8.124970303095843,2026-08-02
2026-08-02 14:00:00,VIC1,-44.23,-0.04423,62.705857816032186,0.0,5.225488151336015,0.0,4.957333333333333,0.0,68.18793563602122,73.14526896935456,61.466612579289546,-0.23112334093359194,-0.0,0.23112334093359194,22.540130094112804,931.6381876303014,825.5293300986394,charge,8.124970303095843,2026-08-02
2026-08-02 14:05:00,VIC1,-60.0,-0.06,62.705857816032186,0.0,5.225488151336015,0.0,4.957333333333333,0.0,73.14526896935456,78.10260230268788,65.63243890982176,-0.3135292890801609,-0.0,0.3135292890801609,22.853659383192966,936.8636757816374,825.5293300986394,charge,8.124970303095843,2026-08-02
2026-08-02 14:10:00,VIC1,-49.36,-0.04936,62.705857816032186,0.0,5.225488151336015,0.0,4.957333333333333,0.0,78.10260230268788,83.05993563602122,69.79826524035397,-0.2579300951499457,-0.0,0.2579300951499457,23.11158947834291,942.0891639329734,825.5293300986394,charge,8.124970303095843,2026-08-02
2026-08-02 14:15:00,VIC1,-59.47,-0.05947,62.705857816032186,0.0,5.225488151336015,0.0,4.957333333333333,0.0,83.05993563602122,88.01726896935455,73.96409157088617,-0.31075978035995283,-0.0,0.31075978035995283,23.422349258702862,947.3146520843094,825.5293300986394,charge,8.124970303095843,2026-08-02
2026-08-02 14:20:00,VIC1,-34.89,-0.034890000000000004,62.705857816032186,0.0,5.225488151336015,0.0,4.957333333333333,0.0,88.01726896935455,92.97460230268788,78.1299179014184,-0.1823172816001136,-0.0,0.1823172816001136,23.604666540302976,952.5401402356454,825.5293300986394,charge,8.124970303095843,2026-08-02
2026-08-02 14:25:00,VIC1,-50.01,-0.05001,62.705857816032186,0.0,5.225488151336015,0.0,4.957333333333333,0.0,92.97460230268788,97.93193563602122,82.29574423195061,-0.2613266624483141,-0.0,0.2613266624483141,23.86599320275129,957.7656283869813,825.5293300986394,charge,8.124970303095843,2026-08-02
2026-08-02 14:30:00,VIC1,-34.68,-0.03468,62.705857816032186,0.0,5.225488151336015,0.0,4.957333333333333,0.0,97.93193563602122,102.88926896935455,86.46157056248282,-0.181219929088333,-0.0,0.181219929088333,24.047213131839623,962.9911165383173,825.5293300986394,charge,8.124970303095843,2026-08-02
2026-08-02 14:35:00,VIC1,-33.92,-0.033920000000000006,62.705857816032186,0.0,5.225488151336015,0.0,4.957333333333333,0.0,102.88926896935455,107.84660230268788,90.62739689301503,-0.17724855809331766,-0.0,0.17724855809331766,24.22446168993294,968.2166046896533,825.5293300986394,charge,8.124970303095843,2026-08-02
2026-08-02 14:40:00,VIC1,-21.09,-0.02109,-0.0,53.63402620620382,-0.0,4.469502183850318,-0.0,4.711268969354549,107.84660230268788,103.13533333333334,86.66834733893558,0.0,-0.09426180105740321,-0.09426180105740321,24.130199888875538,968.2166046896533,829.9988322824897,discharge,8.168959742585615,2026-08-02
2026-08-02 14:45:00,VIC1,-21.09,-0.02109,62.705857816032186,0.0,5.225488151336015,0.0,4.957333333333333,0.0,103.13533333333334,108.09266666666667,90.83417366946779,-0.11020554511167657,-0.0,0.11020554511167657,24.240405433987213,973.4420928409893,829.9988322824897,charge,8.168959742585615,2026-08-02
2026-08-02 14:50:00,VIC1,-21.09,-0.02109,62.705857816032186,0.0,5.225488151336015,0.0,4.957333333333333,0.0,108.09266666666667,113.05,95.0,-0.11020554511167657,-0.0,0.11020554511167657,24.35061097909889,978.6675809923253,829.9988322824897,charge,8.168959742585615,2026-08-02
2026-08-02 14:55:00,VIC1,-19.77666,-0.01977666,0.0,56.43527203442902,0.0,4.702939336202418,0.0,4.957333333333338,113.05,108.09266666666666,90.83417366946777,-0.0,-0.09300843225270092,-0.09300843225270092,24.257602546846186,978.6675809923253,834.7017716186922,discharge,8.21524670181375,2026-08-02
2026-08-02 15:00:00,VIC1,-19.39781,-0.01939781,62.705857816032186,0.0,5.225488151336015,0.0,4.957333333333333,0.0,108.09266666666666,113.05,95.0,-0.10136302631686728,-0.0,0.10136302631686728,24.358965573163054,983.8930691436613,834.7017716186922,charge,8.21524670181375,2026-08-02
2026-08-02 15:05:00,VIC1,-15.42,-0.01542,0.0,69.0,0.0,5.75,0.0,6.061032181989394,113.05,106.98896781801061,89.90669564538707,-0.0,-0.088665,-0.088665,24.270300573163055,983.8930691436613,840.4517716186922,discharge,8.27183897242056,2026-08-02
2026-08-02 15:10:00,VIC1,-15.42,-0.01542,0.0,69.0,0.0,5.75,0.0,6.061032181989394,106.98896781801061,100.9279356360212,84.81339129077412,-0.0,-0.088665,-0.088665,24.181635573163057,983.8930691436613,846.2017716186922,discharge,8.32843124302737,2026-08-02
2026-08-02 15:15:00,VIC1,-34.42,-0.03442,62.705857816032186,0.0,5.225488151336015,0.0,4.957333333333333,0.0,100.9279356360212,105.88526896935454,88.97921762130633,-0.17986130216898563,-0.0,0.17986130216898563,24.36149687533204,989.1185572949972,846.2017716186922,charge,8.32843124302737,2026-08-02
2026-08-02 15:20:00,VIC1,-15.42,-0.01542,-0.0,62.611632206573844,-0.0,5.217636017214486,-0.0,5.499871272042429,105.88526896935454,100.38539769731211,84.3574770565648,0.0,-0.08045594738544738,-0.08045594738544738,24.28104092794659,989.1185572949972,851.4194076359066,discharge,8.379783915968945,2026-08-02
2026-08-02 15:25:00,VIC1,-12.75,-0.012750000000000001,0.0,69.0,0.0,5.75,0.0,6.061032181989394,100.38539769731211,94.32436551532273,79.26417270195188,-0.0,-0.0733125,-0.0733125,24.20772842794659,989.1185572949972,857.1694076359066,discharge,8.436376186575755,2026-08-02
2026-08-02 15:30:00,VIC1,-15.42,-0.01542,62.70585781603217,0.0,5.225488151336014,0.0,4.957333333333332,0.0,94.32436551532273,99.28169884865605,83.42999903248408,-0.08057702729360133,-0.0,0.08057702729360133,24.28830545524019,994.3440454463332,857.1694076359066,charge,8.436376186575755,2026-08-02
2026-08-02 15:35:00,VIC1,-12.75,-0.012750000000000001,0.0,69.0,0.0,5.75,0.0,6.061032181989394,99.28169884865605,93.22066666666666,78.33669467787115,-0.0,-0.0733125,-0.0733125,24.21499295524019,994.3440454463332,862.9194076359066,discharge,8.492968457182565,2026-08-02
2026-08-02 15:40:00,VIC1,-15.42,-0.01542,62.705857816032186,0.0,5.225488151336015,0.0,4.957333333333333,0.0,93.22066666666666,98.178,82.50252100840336,-0.08057702729360135,-0.0,0.08057702729360135,24.29556998253379,999.5695335976692,862.9194076359066,charge,8.492968457182565,2026-08-02
2026-08-02 15:45:00,VIC1,-19.99,-0.019989999999999997,62.705857816032186,0.0,5.225488151336015,0.0,4.957333333333333,0.0,98.178,103.13533333333332,86.66834733893556,-0.10445750814520693,-0.0,0.10445750814520693,24.400027490678998,1004.7950217490052,862.9194076359066,charge,8.492968457182565,2026-08-02
2026-08-02 15:50:00,VIC1,-15.42,-0.01542,62.705857816032186,0.0,5.225488151336015,0.0,4.957333333333333,0.0,103.13533333333332,108.09266666666666,90.83417366946777,-0.08057702729360135,-0.0,0.08057702729360135,24.480604517972598,1010.0205099003412,862.9194076359066,charge,8.492968457182565,2026-08-02
2026-08-02 15:55:00,VIC1,-15.42,-0.01542,62.705857816032186,0.0,5.225488151336015,0.0,4.957333333333333,0.0,108.09266666666666,113.05,95.0,-0.08057702729360135,-0.0,0.08057702729360135,24.561181545266198,1015.2459980516771,862.9194076359066,charge,8.492968457182565,2026-08-02
2026-08-02 16:00:00,VIC1,-12.75,-0.012750000000000001,0.0,69.0,0.0,5.75,0.0,6.061032181989394,113.05,106.98896781801061,89.90669564538707,-0.0,-0.0733125,-0.0733125,24.487869045266198,1015.2459980516771,868.6694076359066,discharge,8.549560727789375,2026-08-02
2026-08-02 16:05:00,VIC1,-15.42,-0.01542,62.705857816032186,0.0,5.225488151336015,0.0,4.957333333333333,0.0,106.98896781801061,111.94630115134395,94.07252197591927,-0.08057702729360135,-0.0,0.08057702729360135,24.568446072559798,1020.4714862030131,868.6694076359066,charge,8.549560727789375,2026-08-02
2026-08-02 16:10:00,VIC1,-12.75,-0.012750000000000001,0.0,43.87054406885808,0.0,3.6558786724048398,0.0,3.853634484677286,111.94630115134395,108.09266666666666,90.83417366946777,-0.0,-0.04661245307316171,-0.04661245307316171,24.521833619486635,1020.4714862030131,872.3252863083114,discharge,8.585542375638836,2026-08-02
2026-08-02 16:15:00,VIC1,-12.75,-0.012750000000000001,62.705857816032186,0.0,5.225488151336015,0.0,4.957333333333333,0.0,108.09266666666666,113.05,95.0,-0.0666249739295342,-0.0,0.0666249739295342,24.58845859341617,1025.696974354349,872.3252863083114,charge,8.585542375638836,2026-08-02
2026-08-02 16:20:00,VIC1,-6.6,-0.0066,-0.0,56.43527203442902,-0.0,4.702939336202418,-0.0,4.957333333333338,113.05,108.09266666666666,90.83417366946777,0.0,-0.031039399618935957,-0.031039399618935957,24.557419193797234,1025.696974354349,877.0282256445139,discharge,8.631829334866971,2026-08-02
2026-08-02 16:25:00,VIC1,-6.32397,-0.00632397,62.705857816032186,0.0,5.225488151336015,0.0,4.957333333333333,0.0,108.09266666666666,113.05,95.0,-0.03304583030440442,-0.0,0.03304583030440442,24.59046502410164,1030.9224625056852,877.0282256445139,charge,8.631829334866971,2026-08-02
2026-08-02 16:30:00,VIC1,-4.9999,-0.004999900000000001,0.0,69.0,0.0,5.75,0.0,6.061032181989394,113.05,106.98896781801061,89.90669564538707,-0.0,-0.028749425000000006,-0.028749425000000006,24.56171559910164,1030.9224625056852,882.7782256445139,discharge,8.688421605473781,2026-08-02
2026-08-02 16:35:00,VIC1,-5.62379,-0.00562379,62.705857816032186,0.0,5.225488151336015,0.0,4.957333333333333,0.0,106.98896781801061,111.94630115134395,94.07252197591927,-0.02938704801060197,-0.0,0.02938704801060197,24.59110264711224,1036.1479506570213,882.7782256445139,charge,8.688421605473781,2026-08-02
2026-08-02 16:40:00,VIC1,-4.9999,-0.004999900000000001,13.960808850634375,0.0,1.1634007375528646,0.0,1.1036988486560517,0.0,111.94630115134395,113.05,95.0,-0.005816887347690568,-0.0,0.005816887347690568,24.596919534459932,1037.311351394574,882.7782256445139,charge,8.688421605473781,2026-08-02
2026-08-02 16:45:00,VIC1,-1.15,-0.00115,-0.0,56.43527203442902,-0.0,4.702939336202418,-0.0,4.957333333333338,113.05,108.09266666666666,90.83417366946777,0.0,-0.00540838023663278,-0.00540838023663278,24.591511154223298,1037.311351394574,887.4811649807164,discharge,8.734708564701918,2026-08-02
2026-08-02 16:50:00,VIC1,-1.04752,-0.0010475200000000001,62.705857816032186,0.0,5.225488151336015,0.0,4.957333333333333,0.0,108.09266666666666,113.05,95.0,-0.005473803348287503,-0.0,0.005473803348287503,24.596984957571586,1042.5368395459102,887.4811649807164,charge,8.734708564701918,2026-08-02
2026-08-02 16:55:00,VIC1,0.01,1e-05,0.0,-0.0,0.0,-0.0,0.0,-0.0,113.05,113.05,95.0,0.0,-0.0,-0.0,24.596984957571586,1042.5368395459102,887.4811649807164,idle,8.734708564701918,2026-08-02
2026-08-02 17:00:00,VIC1,54.48,0.05448,0.0,69.0,0.0,5.75,0.0,6.061032181989394,113.05,106.98896781801061,89.90669564538707,0.0,0.31326,0.31326,24.910244957571585,1042.5368395459102,893.2311649807164,discharge,8.791300835308729,2026-08-02
2026-08-02 17:05:00,VIC1,10.12,0.010119999999999999,0.0,0.0,0.0,0.0,0.0,0.0,106.98896781801061,106.98896781801061,89.90669564538707,0.0,0.0,0.0,24.910244957571585,1042.5368395459102,893.2311649807164,idle,8.791300835308729,2026-08-02
2026-08-02 17:10:00,VIC1,17.01006,0.01701006,0.0,69.0,0.0,5.75,0.0,6.061032181989394,106.98896781801061,100.92793563602122,84.81339129077413,0.0,0.097807845,0.097807845,25.008052802571584,1042.5368395459102,898.9811649807164,discharge,8.847893105915539,2026-08-02
2026-08-02 17:15:00,VIC1,44.0,0.044,0.0,69.0,0.0,5.75,0.0,6.061032181989394,100.92793563602122,94.86690345403183,79.72008693616121,0.0,0.253,0.253,25.261052802571584,1042.5368395459102,904.7311649807164,discharge,8.904485376522349,2026-08-02
2026-08-02 17:20:00,VIC1,22.67,0.022670000000000003,0.0,69.0,0.0,5.75,0.0,6.061032181989394,94.86690345403183,88.80587127204244,74.62678258154827,0.0,0.1303525,0.1303525,25.391405302571584,1042.5368395459102,910.4811649807164,discharge,8.96107764712916,2026-08-02
2026-08-02 17:25:00,VIC1,10.12,0.010119999999999999,0.0,0.0,0.0,0.0,0.0,0.0,88.80587127204244,88.80587127204244,74.62678258154827,0.0,0.0,0.0,25.391405302571584,1042.5368395459102,910.4811649807164,idle,8.96107764712916,2026-08-02
2026-08-02 17:30:00,VIC1,22.67,0.022670000000000003,0.0,69.0,0.0,5.75,0.0,6.061032181989394,88.80587127204244,82.74483909005305,69.53347822693533,0.0,0.1303525,0.1303525,25.521757802571585,1042.5368395459102,916.2311649807164,discharge,9.01766991773597,2026-08-02
2026-08-02 17:35:00,VIC1,10.65,0.01065,0.0,69.0,0.0,5.75,0.0,6.061032181989394,82.74483909005305,76.68380690806366,64.4401738723224,0.0,0.0612375,0.0612375,25.582995302571586,1042.5368395459102,921.9811649807164,discharge,9.07426218834278,2026-08-02
2026-08-02 17:40:00,VIC1,10.65,0.01065,0.0,69.0,0.0,5.75,0.0,6.061032181989394,76.68380690806366,70.62277472607427,59.346869517709465,0.0,0.0612375,0.0612375,25.644232802571587,1042.5368395459102,927.7311649807164,discharge,9.13085445894959,2026-08-02
2026-08-02 17:45:00,VIC1,31.48,0.03148,0.0,69.0,0.0,5.75,0.0,6.061032181989394,70.62277472607427,64.56174254408488,54.25356516309654,0.0,0.18101,0.18101,25.825242802571587,1042.5368395459102,933.4811649807164,discharge,9.1874467295564,2026-08-02
2026-08-02 17:50:00,VIC1,31.48,0.03148,0.0,69.0,0.0,5.75,0.0,6.061032181989394,64.56174254408488,58.50071036209548,49.1602608084836,0.0,0.18101,0.18101,26.006252802571588,1042.5368395459102,939.2311649807164,discharge,9.244039000163212,2026-08-02
2026-08-02 17:55:00,VIC1,31.48,0.03148,0.0,69.0,0.0,5.75,0.0,6.061032181989394,58.50071036209548,52.439678180106085,44.06695645387066,0.0,0.18101,0.18101,26.18726280257159,1042.5368395459102,944.9811649807164,discharge,9.300631270770022,2026-08-02
2026-08-02 18:00:00,VIC1,26.80051,0.02680051,0.0,69.0,0.0,5.75,0.0,6.061032181989394,52.439678180106085,46.37864599811669,38.97365209925772,0.0,0.1541029325,0.1541029325,26.341365735071587,1042.5368395459102,950.7311649807164,discharge,9.357223541376833,2026-08-02
2026-08-02 18:05:00,VIC1,22.67,0.022670000000000003,0.0,69.0,0.0,5.75,0.0,6.061032181989394,46.37864599811669,40.31761381612729,33.88034774464479,0.0,0.1303525,0.1303525,26.471718235071588,1042.5368395459102,956.4811649807164,discharge,9.413815811983643,2026-08-02
2026-08-02 18:10:00,VIC1,22.67,0.022670000000000003,0.0,69.0,0.0,5.75,0.0,6.061032181989394,40.31761381612729,34.256581634137895,28.787043390031847,0.0,0.1303525,0.1303525,26.60207073507159,1042.5368395459102,962.2311649807164,discharge,9.470408082590453,2026-08-02
2026-08-02 18:15:00,VIC1,10.65,0.01065,0.0,69.0,0.0,5.75,0.0,6.061032181989394,34.256581634137895,28.1955494521485,23.693739035418908,0.0,0.0612375,0.0612375,26.66330823507159,1042.5368395459102,967.9811649807164,discharge,9.527000353197263,2026-08-02
2026-08-02 18:20:00,VIC1,10.50026,0.01050026,0.0,69.0,0.0,5.75,0.0,6.061032181989394,28.1955494521485,22.134517270159108,18.600434680805975,0.0,0.060376495,0.060376495,26.72368473007159,1042.5368395459102,973.7311649807164,discharge,9.583592623804075,2026-08-02
2026-08-02 18:25:00,VIC1,10.50026,0.01050026,0.0,69.0,0.0,5.75,0.0,6.061032181989394,22.134517270159108,16.073485088169715,13.507130326193037,0.0,0.060376495,0.060376495,26.78406122507159,1042.5368395459102,979.4811649807164,discharge,9.640184894410886,2026-08-02
2026-08-02 18:30:00,VIC1,10.50026,0.01050026,0.0,69.0,0.0,5.75,0.0,6.061032181989394,16.073485088169715,10.012452906180322,8.413825971580103,0.0,0.060376495,0.060376495,26.84443772007159,1042.5368395459102,985.2311649807164,discharge,9.696777165017698,2026-08-02
2026-08-02 18:35:00,VIC1,8.94,0.00894,62.705857816032186,0.0,5.225488151336015,0.0,4.957333333333333,0.0,10.012452906180322,14.969786239513654,12.579652302112315,0.04671586407294397,0.0,-0.04671586407294397,26.797721855998645,1047.7623276972463,985.2311649807164,charge,9.696777165017698,2026-08-02
2026-08-02 18:40:00,VIC1,10.50026,0.01050026,0.0,69.0,0.0,5.75,0.0,6.061032181989394,14.969786239513654,8.90875405752426,7.486347947499378,0.0,0.060376495,0.060376495,26.858098350998645,1047.7623276972463,990.9811649807164,discharge,9.75336943562451,2026-08-02
2026-08-02 18:45:00,VIC1,10.49948,0.01049948,0.0,0.0,0.0,0.0,0.0,0.0,8.90875405752426,8.90875405752426,7.486347947499378,0.0,0.0,0.0,26.858098350998645,1047.7623276972463,990.9811649807164,idle,9.75336943562451,2026-08-02
2026-08-02 18:50:00,VIC1,10.5,0.0105,0.0,21.118318723378422,0.0,1.7598598936148684,0.0,1.8550552088681997,8.90875405752426,7.053698848656061,5.927478024080724,0.0,0.01847852888295612,0.01847852888295612,26.8765768798816,1047.7623276972463,992.7410248743312,discharge,9.770690212551383,2026-08-02
2026-08-02 18:55:00,VIC1,10.5,0.0105,0.0,0.0,0.0,0.0,0.0,0.0,7.053698848656061,7.053698848656062,5.927478024080724,0.0,0.0,0.0,26.8765768798816,1047.7623276972463,992.7410248743312,idle,9.770690212551383,2026-08-02
2026-08-02 19:00:00,VIC1,8.94,0.00894,62.705857816032186,0.0,5.225488151336015,0.0,4.957333333333333,0.0,7.053698848656062,12.011032181989394,10.093304354612936,0.04671586407294397,0.0,-0.04671586407294397,26.829861015808657,1052.9878158485824,992.7410248743312,charge,9.770690212551383,2026-08-02
2026-08-02 19:05:00,VIC1,10.49974,0.010499739999999999,0.0,0.0,0.0,0.0,0.0,0.0,12.011032181989394,12.011032181989394,10.093304354612936,0.0,0.0,0.0,26.829861015808657,1052.9878158485824,992.7410248743312,idle,9.770690212551383,2026-08-02
2026-08-02 19:10:00,VIC1,10.49974,0.010499739999999999,0.0,0.0,0.0,0.0,0.0,0.0,12.011032181989394,12.011032181989394,10.093304354612936,0.0,0.0,0.0,26.829861015808657,1052.9878158485824,992.7410248743312,idle,9.770690212551383,2026-08-02
2026-08-02 19:15:00,VIC1,10.49974,0.010499739999999999,0.0,0.0,0.0,0.0,0.0,0.0,12.011032181989394,12.011032181989394,10.093304354612936,0.0,0.0,0.0,26.829861015808657,1052.9878158485824,992.7410248743312,idle,9.770690212551383,2026-08-02
2026-08-02 19:20:00,VIC1,10.68,0.01068,0.0,69.0,0.0,5.75,0.0,6.061032181989394,12.011032181989394,5.95,5.0,0.0,0.06141,0.06141,26.891271015808655,1052.9878158485824,998.4910248743312,discharge,9.827282483158195,2026-08-02
2026-08-02 19:25:00,VIC1,10.49974,0.010499739999999999,0.0,0.0,0.0,0.0,0.0,0.0,5.95,5.95,5.0,0.0,0.0,0.0,26.891271015808655,1052.9878158485824,998.4910248743312,idle,9.827282483158195,2026-08-02
2026-08-02 19:30:00,VIC1,10.49974,0.010499739999999999,0.0,0.0,0.0,0.0,0.0,0.0,5.95,5.95,5.0,0.0,0.0,0.0,26.891271015808655,1052.9878158485824,998.4910248743312,idle,9.827282483158195,2026-08-02
2026-08-02 19:35:00,VIC1,10.5,0.0105,0.0,0.0,0.0,0.0,0.0,0.0,5.95,5.95,5.0,0.0,0.0,0.0,26.891271015808655,1052.9878158485824,998.4910248743312,idle,9.827282483158195,2026-08-02
2026-08-02 19:40:00,VIC1,10.5,0.0105,0.0,0.0,0.0,0.0,0.0,0.0,5.95,5.95,5.0,0.0,0.0,0.0,26.891271015808655,1052.9878158485824,998.4910248743312,idle,9.827282483158195,2026-08-02
2026-08-02 19:45:00,VIC1,10.5,0.0105,0.0,0.0,0.0,0.0,0.0,0.0,5.95,5.95,5.0,0.0,0.0,0.0,26.891271015808655,1052.9878158485824,998.4910248743312,idle,9.827282483158195,2026-08-02
2026-08-02 19:50:00,VIC1,10.49974,0.010499739999999999,0.0,0.0,0.0,0.0,0.0,0.0,5.95,5.95,5.0,0.0,0.0,0.0,26.891271015808655,1052.9878158485824,998.4910248743312,idle,9.827282483158195,2026-08-02
2026-08-02 19:55:00,VIC1,10.49974,0.010499739999999999,0.0,0.0,0.0,0.0,0.0,0.0,5.95,5.95,5.0,0.0,0.0,0.0,26.891271015808655,1052.9878158485824,998.4910248743312,idle,9.827282483158195,2026-08-02
2026-08-02 20:00:00,VIC1,10.49974,0.010499739999999999,0.0,0.0,0.0,0.0,0.0,0.0,5.95,5.95,5.0,0.0,0.0,0.0,26.891271015808655,1052.9878158485824,998.4910248743312,idle,9.827282483158195,2026-08-02
2026-08-02 20:05:00,VIC1,8.94,0.00894,62.705857816032186,0.0,5.225488151336015,0.0,4.957333333333333,0.0,5.95,10.907333333333334,9.165826330532214,0.04671586407294397,0.0,-0.04671586407294397,26.84455515173571,1058.2133039999185,998.4910248743312,charge,9.827282483158195,2026-08-02
2026-08-02 20:10:00,VIC1,10.49975,0.01049975,0.0,43.87054406885792,0.0,3.6558786724048264,0.0,3.853634484677272,10.907333333333334,7.053698848656062,5.927478024080724,0.0,0.038385812090582574,0.038385812090582574,26.882940963826293,1058.2133039999185,1002.146903546736,discharge,9.863264131007655,2026-08-02
2026-08-02 20:15:00,VIC1,10.46975,0.01046975,0.0,0.0,0.0,0.0,0.0,0.0,7.053698848656062,7.053698848656062,5.927478024080724,0.0,0.0,0.0,26.882940963826293,1058.2133039999185,1002.146903546736,idle,9.863264131007655,2026-08-02
2026-08-02 20:20:00,VIC1,8.94,0.00894,62.705857816032186,0.0,5.225488151336015,0.0,4.957333333333333,0.0,7.053698848656062,12.011032181989394,10.093304354612936,0.04671586407294397,0.0,-0.04671586407294397,26.83622509975335,1063.4387921512546,1002.146903546736,charge,9.863264131007655,2026-08-02
2026-08-02 20:25:00,VIC1,10.5,0.0105,0.0,69.0,0.0,5.75,0.0,6.061032181989394,12.011032181989394,5.95,5.0,0.0,0.060375000000000005,0.060375000000000005,26.89660009975335,1063.4387921512546,1007.896903546736,discharge,9.919856401614467,2026-08-02
2026-08-02 20:30:00,VIC1,-32.86442,-0.032864420000000005,62.705857816032186,0.0,5.225488151336015,0.0,4.957333333333333,0.0,5.95,10.907333333333334,9.165826330532214,-0.1717326373105304,-0.0,0.1717326373105304,27.06833273706388,1068.6642803025907,1007.896903546736,charge,9.919856401614467,2026-08-02
2026-08-02 20:35:00,VIC1,8.94,0.00894,0.0,0.0,0.0,0.0,0.0,0.0,10.907333333333334,10.907333333333334,9.165826330532214,0.0,0.0,0.0,27.06833273706388,1068.6642803025907,1007.896903546736,idle,9.919856401614467,2026-08-02
2026-08-02 20:40:00,VIC1,8.94,0.00894,0.0,56.43527203442897,0.0,4.702939336202414,0.0,4.957333333333334,10.907333333333334,5.95,5.0,0.0,0.04204427766564958,0.04204427766564958,27.11037701472953,1068.6642803025907,1012.5998428829384,discharge,9.966143360842603,2026-08-02
2026-08-02 20:45:00,VIC1,5.08,0.00508,62.705857816032186,0.0,5.225488151336015,0.0,4.957333333333333,0.0,5.95,10.907333333333334,9.165826330532214,0.026545479808786958,0.0,-0.026545479808786958,27.083831534920744,1073.8897684539268,1012.5998428829384,charge,9.966143360842603,2026-08-02
2026-08-02 20:50:00,VIC1,8.94,0.00894,0.0,6.176360172144767,0.0,0.5146966810120639,0.0,0.5425379387090867,10.907333333333334,10.364795394624247,8.709912096322897,0.0,0.004601388328247851,0.004601388328247851,27.08843292324899,1073.8897684539268,1013.1145395639505,discharge,9.97120907455604,2026-08-02
2026-08-02 20:55:00,VIC1,5.08,0.00508,62.705857816032186,0.0,5.225488151336015,0.0,4.957333333333333,0.0,10.364795394624247,15.32212872795758,12.87573842685511,0.026545479808786958,0.0,-0.026545479808786958,27.061887443440206,1079.1152566052629,1013.1145395639505,charge,9.97120907455604,2026-08-02
2026-08-02 21:00:00,VIC1,8.94,0.00894,0.0,0.0,0.0,0.0,0.0,0.0,15.32212872795758,15.32212872795758,12.87573842685511,0.0,0.0,0.0,27.061887443440206,1079.1152566052629,1013.1145395639505,idle,9.97120907455604,2026-08-02
2026-08-02 21:05:00,VIC1,8.94,0.00894,0.0,0.0,0.0,0.0,0.0,0.0,15.32212872795758,15.32212872795758,12.87573842685511,0.0,0.0,0.0,27.061887443440206,1079.1152566052629,1013.1145395639505,idle,9.97120907455604,2026-08-02
2026-08-02 21:10:00,VIC1,10.49974,0.010499739999999999,0.0,69.0,0.0,5.75,0.0,6.061032181989394,15.32212872795758,9.261096545968186,7.782434072242174,0.0,0.060373504999999994,0.060373504999999994,27.122260948440207,1079.1152566052629,1018.8645395639505,discharge,10.02780134516285,2026-08-02
2026-08-02 21:15:00,VIC1,-3.55589,-0.0035558900000000004,62.705857816032186,0.0,5.225488151336015,0.0,4.957333333333333,0.0,9.261096545968186,14.21842987930152,11.948260402774386,-0.018581261062454224,-0.0,0.018581261062454224,27.14084220950266,1084.340744756599,1018.8645395639505,charge,10.02780134516285,2026-08-02
2026-08-02 21:20:00,VIC1,5.08,0.00508,62.705857816032186,0.0,5.225488151336015,0.0,4.957333333333333,0.0,14.21842987930152,19.175763212634852,16.1140867333066,0.026545479808786958,0.0,-0.026545479808786958,27.114296729693876,1089.566232907935,1018.8645395639505,charge,10.02780134516285,2026-08-02
2026-08-02 21:25:00,VIC1,8.94,0.00894,0.0,0.0,0.0,0.0,0.0,0.0,19.175763212634852,19.175763212634852,16.1140867333066,0.0,0.0,0.0,27.114296729693876,1089.566232907935,1018.8645395639505,idle,10.02780134516285,2026-08-02
2026-08-02 21:30:00,VIC1,10.49948,0.01049948,0.0,69.0,0.0,5.75,0.0,6.061032181989394,19.175763212634852,13.114731030645457,11.02078237869366,0.0,0.060372010000000004,0.060372010000000004,27.174668739693875,1089.566232907935,1024.6145395639505,discharge,10.084393615769661,2026-08-02
2026-08-02 21:35:00,VIC1,8.94,0.00894,0.0,0.0,0.0,0.0,0.0,0.0,13.114731030645457,13.114731030645457,11.02078237869366,0.0,0.0,0.0,27.174668739693875,1089.566232907935,1024.6145395639505,idle,10.084393615769661,2026-08-02
2026-08-02 21:40:00,VIC1,8.94,0.00894,0.0,0.0,0.0,0.0,0.0,0.0,13.114731030645457,13.114731030645457,11.02078237869366,0.0,0.0,0.0,27.174668739693875,1089.566232907935,1024.6145395639505,idle,10.084393615769661,2026-08-02
2026-08-02 21:45:00,VIC1,8.94,0.00894,0.0,0.0,0.0,0.0,0.0,0.0,13.114731030645457,13.114731030645457,11.02078237869366,0.0,0.0,0.0,27.174668739693875,1089.566232907935,1024.6145395639505,idle,10.084393615769661,2026-08-02
2026-08-02 21:50:00,VIC1,8.94,0.00894,0.0,0.0,0.0,0.0,0.0,0.0,13.114731030645457,13.114731030645457,11.02078237869366,0.0,0.0,0.0,27.174668739693875,1089.566232907935,1024.6145395639505,idle,10.084393615769661,2026-08-02
2026-08-02 21:55:00,VIC1,8.94,0.00894,0.0,0.0,0.0,0.0,0.0,0.0,13.114731030645457,13.114731030645457,11.02078237869366,0.0,0.0,0.0,27.174668739693875,1089.566232907935,1024.6145395639505,idle,10.084393615769661,2026-08-02
2026-08-02 22:00:00,VIC1,5.08,0.00508,62.705857816032186,0.0,5.225488151336015,0.0,4.957333333333333,0.0,13.114731030645457,18.07206436397879,15.186608709225874,0.026545479808786958,0.0,-0.026545479808786958,27.14812325988509,1094.7917210592711,1024.6145395639505,charge,10.084393615769661,2026-08-02
2026-08-02 22:05:00,VIC1,22.77,0.02277,0.0,69.0,0.0,5.75,0.0,6.061032181989394,18.07206436397879,12.011032181989394,10.093304354612936,0.0,0.1309275,0.1309275,27.279050759885088,1094.7917210592711,1030.3645395639505,discharge,10.140985886376473,2026-08-02
2026-08-02 22:10:00,VIC1,10.5,0.0105,0.0,69.0,0.0,5.75,0.0,6.061032181989394,12.011032181989394,5.95,5.0,0.0,0.060375000000000005,0.060375000000000005,27.33942575988509,1094.7917210592711,1036.1145395639505,discharge,10.197578156983285,2026-08-02
2026-08-02 22:15:00,VIC1,-1.0997,-0.0010997,62.705857816032186,0.0,5.225488151336015,0.0,4.957333333333333,0.0,5.95,10.907333333333334,9.165826330532214,-0.005746469320024215,-0.0,0.005746469320024215,27.34517222920511,1100.0172092106072,1036.1145395639505,charge,10.197578156983285,2026-08-02
2026-08-02 22:20:00,VIC1,-1.0997,-0.0010997,62.705857816032186,0.0,5.225488151336015,0.0,4.957333333333333,0.0,10.907333333333334,15.864666666666665,13.331652661064425,-0.005746469320024215,-0.0,0.005746469320024215,27.350918698525135,1105.2426973619433,1036.1145395639505,charge,10.197578156983285,2026-08-02
2026-08-02 22:25:00,VIC1,8.93989,0.00893989,0.0,0.0,0.0,0.0,0.0,0.0,15.864666666666665,15.864666666666665,13.331652661064425,0.0,0.0,0.0,27.350918698525135,1105.2426973619433,1036.1145395639505,idle,10.197578156983285,2026-08-02
2026-08-02 22:30:00,VIC1,5.08,0.00508,62.705857816032186,0.0,5.225488151336015,0.0,4.957333333333333,0.0,15.864666666666665,20.821999999999996,17.497478991596633,0.026545479808786958,0.0,-0.026545479808786958,27.32437321871635,1110.4681855132794,1036.1145395639505,charge,10.197578156983285,2026-08-02
2026-08-02 22:35:00,VIC1,8.94,0.00894,0.0,69.0,0.0,5.75,0.0,6.061032181989394,20.821999999999996,14.760967818010602,12.404174636983699,0.0,0.051405,0.051405,27.37577821871635,1110.4681855132794,1041.8645395639505,discharge,10.254170427590097,2026-08-02
2026-08-02 22:40:00,VIC1,5.08,0.00508,62.705857816032186,0.0,5.225488151336015,0.0,4.957333333333333,0.0,14.760967818010602,19.718301151343937,16.570000967515913,0.026545479808786958,0.0,-0.026545479808786958,27.349232738907563,1115.6936736646155,1041.8645395639505,charge,10.254170427590097,2026-08-02
2026-08-02 22:45:00,VIC1,-1.0997,-0.0010997,62.70585781603217,0.0,5.225488151336014,0.0,4.957333333333332,0.0,19.718301151343937,24.675634484677268,20.73582729804812,-0.005746469320024214,-0.0,0.005746469320024214,27.354979208227586,1120.9191618159516,1041.8645395639505,charge,10.254170427590097,2026-08-02
2026-08-02 22:50:00,VIC1,-1.0997,-0.0010997,62.705857816032186,0.0,5.225488151336015,0.0,4.957333333333333,0.0,24.675634484677268,29.6329678180106,24.901653628580338,-0.005746469320024215,-0.0,0.005746469320024215,27.36072567754761,1126.1446499672877,1041.8645395639505,charge,10.254170427590097,2026-08-02
2026-08-02 22:55:00,VIC1,-1.1,-0.0011,62.705857816032186,0.0,5.225488151336015,0.0,4.957333333333333,0.0,29.6329678180106,34.59030115134393,29.067479959112546,-0.005748036966469617,-0.0,0.005748036966469617,27.36647371451408,1131.3701381186238,1041.8645395639505,charge,10.254170427590097,2026-08-02
2026-08-02 23:00:00,VIC1,-1.0997,-0.0010997,62.705857816032186,0.0,5.225488151336015,0.0,4.957333333333333,0.0,34.59030115134393,39.54763448467726,33.23330628964475,-0.005746469320024215,-0.0,0.005746469320024215,27.372220183834102,1136.59562626996,1041.8645395639505,charge,10.254170427590097,2026-08-02
2026-08-02 23:05:00,VIC1,8.94005,0.00894005,0.0,69.0,0.0,5.75,0.0,6.061032181989394,39.54763448467726,33.486602302687864,28.140001935031815,0.0,0.0514052875,0.0514052875,27.423625471334102,1136.59562626996,1047.6145395639505,discharge,10.310762698196907,2026-08-02
2026-08-02 23:10:00,VIC1,22.67,0.022670000000000003,0.0,69.0,0.0,5.75,0.0,6.061032181989394,33.486602302687864,27.42557012069847,23.046697580418883,0.0,0.1303525,0.1303525,27.553977971334103,1136.59562626996,1053.3645395639505,discharge,10.367354968803719,2026-08-02
2026-08-02 23:15:00,VIC1,8.94,0.00894,0.0,69.0,0.0,5.75,0.0,6.061032181989394,27.42557012069847,21.364537938709077,17.953393225805947,0.0,0.051405,0.051405,27.6053829713341,1136.59562626996,1059.1145395639505,discharge,10.42394723941053,2026-08-02
2026-08-02 23:20:00,VIC1,3.4,0.0034,62.705857816032186,0.0,5.225488151336015,0.0,4.957333333333333,0.0,21.364537938709077,26.32187127204241,22.11921955633816,0.01776665971454245,0.0,-0.01776665971454245,27.58761631161956,1141.821114421296,1059.1145395639505,charge,10.42394723941053,2026-08-02
2026-08-02 23:25:00,VIC1,5.08,0.00508,62.70585781603217,0.0,5.225488151336014,0.0,4.957333333333332,0.0,26.32187127204241,31.279204605375742,26.28504588687037,0.026545479808786954,0.0,-0.026545479808786954,27.561070831810774,1147.046602572632,1059.1145395639505,charge,10.42394723941053,2026-08-02
2026-08-02 23:30:00,VIC1,5.08,0.00508,62.705857816032186,0.0,5.225488151336015,0.0,4.957333333333333,0.0,31.279204605375742,36.23653793870908,30.450872217402587,0.026545479808786958,0.0,-0.026545479808786958,27.53452535200199,1152.2720907239682,1059.1145395639505,charge,10.42394723941053,2026-08-02
2026-08-02 23:35:00,VIC1,5.08,0.00508,62.705857816032186,0.0,5.225488151336015,0.0,4.957333333333333,0.0,36.23653793870908,41.19387127204241,34.616698547934796,0.026545479808786958,0.0,-0.026545479808786958,27.507979872193204,1157.4975788753043,1059.1145395639505,charge,10.42394723941053,2026-08-02
2026-08-02 23:40:00,VIC1,5.08,0.00508,62.705857816032186,0.0,5.225488151336015,0.0,4.957333333333333,0.0,41.19387127204241,46.15120460537574,38.78252487846701,0.026545479808786958,0.0,-0.026545479808786958,27.48143439238442,1162.7230670266404,1059.1145395639505,charge,10.42394723941053,2026-08-02
2026-08-02 23:45:00,VIC1,9.93005,0.00993005,0.0,69.0,0.0,5.75,0.0,6.061032181989394,46.15120460537574,40.09017242338634,33.68922052385407,0.0,0.0570977875,0.0570977875,27.538532179884417,1162.7230670266404,1064.8645395639505,discharge,10.480539510017342,2026-08-02
2026-08-02 23:50:00,VIC1,8.94995,0.00894995,0.0,69.0,0.0,5.75,0.0,6.061032181989394,40.09017242338634,34.029140241396945,28.595916169241132,0.0,0.0514622125,0.0514622125,27.589994392384416,1162.7230670266404,1070.6145395639505,discharge,10.537131780624152,2026-08-02
2026-08-02 23:55:00,VIC1,8.94,0.00894,0.0,69.0,0.0,5.75,0.0,6.061032181989394,34.029140241396945,27.96810805940755,23.502611814628192,0.0,0.051405,0.051405,27.641399392384415,1162.7230670266404,1076.3645395639505,discharge,10.593724051230964,2026-08-02
2026-08-03 00:00:00,VIC1,8.94,0.00894,0.0,69.0,0.0,5.75,0.0,6.061032181989394,27.96810805940755,21.90707587741816,18.40930746001526,0.0,0.051405,0.051405,27.692804392384414,1162.7230670266404,1082.1145395639505,discharge,10.650316321837776,2026-08-02
2026-08-03 00:05:00,VIC1,8.94,0.00894,0.0,69.0,0.0,5.75,0.0,6.061032181989394,21.90707587741816,15.846043695428765,13.316003105402324,0.0,0.051405,0.051405,27.744209392384413,1162.7230670266404,1087.8645395639505,discharge,10.706908592444588,2026-08-03
2026-08-03 00:10:00,VIC1,4.98,0.004980000000000001,62.705857816032186,0.0,5.225488151336015,0.0,4.957333333333333,0.0,15.846043695428765,20.8033770287621,17.481829435934536,0.02602293099365336,0.0,-0.02602293099365336,27.718186461390758,1167.9485551779765,1087.8645395639505,charge,10.706908592444588,2026-08-03
2026-08-03 00:15:00,VIC1,8.78682,0.00878682,0.0,0.0,0.0,0.0,0.0,0.0,20.8033770287621,20.8033770287621,17.481829435934536,0.0,0.0,0.0,27.718186461390758,1167.9485551779765,1087.8645395639505,idle,10.706908592444588,2026-08-03
2026-08-03 00:20:00,VIC1,3.4,0.0034,62.705857816032186,0.0,5.225488151336015,0.0,4.957333333333333,0.0,20.8033770287621,25.76071036209543,21.647655766466748,0.01776665971454245,0.0,-0.01776665971454245,27.700419801676215,1173.1740433293126,1087.8645395639505,charge,10.706908592444588,2026-08-03
2026-08-03 00:25:00,VIC1,-1.0997,-0.0010997,62.705857816032186,0.0,5.225488151336015,0.0,4.957333333333333,0.0,25.76071036209543,30.71804369542877,25.813482096998964,-0.005746469320024215,-0.0,0.005746469320024215,27.70616627099624,1178.3995314806486,1087.8645395639505,charge,10.706908592444588,2026-08-03
2026-08-03 00:30:00,VIC1,0.01,1e-05,62.705857816032186,0.0,5.225488151336015,0.0,4.957333333333333,0.0,30.71804369542877,35.6753770287621,29.979308427531176,5.2254881513360155e-05,0.0,-5.2254881513360155e-05,27.706114016114725,1183.6250196319847,1087.8645395639505,charge,10.706908592444588,2026-08-03
2026-08-03 00:35:00,VIC1,8.94005,0.00894005,0.0,69.0,0.0,5.75,0.0,6.061032181989394,35.6753770287621,29.614344846772706,24.88600407291824,0.0,0.0514052875,0.0514052875,27.757519303614725,1183.6250196319847,1093.6145395639505,discharge,10.7635008630514,2026-08-03
2026-08-03 00:40:00,VIC1,8.94,0.00894,0.0,69.0,0.0,5.75,0.0,6.061032181989394,29.614344846772706,23.553312664783313,19.792699718305304,0.0,0.051405,0.051405,27.808924303614724,1183.6250196319847,1099.3645395639505,discharge,10.82009313365821,2026-08-03
2026-08-03 00:45:00,VIC1,10.03158,0.01003158,0.0,69.0,0.0,5.75,0.0,6.061032181989394,23.553312664783313,17.49228048279392,14.69939536369237,0.0,0.057681585,0.057681585,27.866605888614725,1183.6250196319847,1105.1145395639505,discharge,10.876685404265022,2026-08-03
2026-08-03 00:50:00,VIC1,8.94,0.00894,0.0,62.39962458529214,0.0,5.1999687154410115,0.0,5.481248300804525,17.49228048279392,12.011032181989394,10.093304354612936,0.0,0.04648772031604264,0.04648772031604264,27.91309360893077,1183.6250196319847,1110.3145082793915,discharge,10.927864193254793,2026-08-03
2026-08-03 00:55:00,VIC1,8.94,0.00894,0.0,69.0,0.0,5.75,0.0,6.061032181989394,12.011032181989394,5.95,5.0,0.0,0.051405,0.051405,27.964498608930768,1183.6250196319847,1116.0645082793915,discharge,10.984456463861605,2026-08-03
2026-08-03 01:00:00,VIC1,5.08,0.00508,62.705857816032186,0.0,5.225488151336015,0.0,4.957333333333333,0.0,5.95,10.907333333333334,9.165826330532214,0.026545479808786958,0.0,-0.026545479808786958,27.937953129121983,1188.8505077833208,1116.0645082793915,charge,10.984456463861605,2026-08-03
2026-08-03 01:05:00,VIC1,5.08,0.00508,13.96080885063449,0.0,1.163400737552874,0.0,1.1036988486560608,0.0,10.907333333333334,12.011032181989394,10.093304354612936,0.005910075746768601,0.0,-0.005910075746768601,27.932043053375214,1190.0139085208737,1116.0645082793915,charge,10.984456463861605,2026-08-03
2026-08-03 01:10:00,VIC1,8.94,0.00894,0.0,69.0,0.0,5.75,0.0,6.061032181989394,12.011032181989394,5.95,5.0,0.0,0.051405,0.051405,27.983448053375213,1190.0139085208737,1121.8145082793915,discharge,11.041048734468417,2026-08-03
2026-08-03 01:15:00,VIC1,-1.0997,-0.0010997,62.705857816032186,0.0,5.225488151336015,0.0,4.957333333333333,0.0,5.95,10.907333333333334,9.165826330532214,-0.005746469320024215,-0.0,0.005746469320024215,27.989194522695236,1195.2393966722098,1121.8145082793915,charge,11.041048734468417,2026-08-03
2026-08-03 01:20:00,VIC1,-1.0997,-0.0010997,62.705857816032186,0.0,5.225488151336015,0.0,4.957333333333333,0.0,10.907333333333334,15.864666666666665,13.331652661064425,-0.005746469320024215,-0.0,0.005746469320024215,27.99494099201526,1200.4648848235458,1121.8145082793915,charge,11.041048734468417,2026-08-03
2026-08-03 01:25:00,VIC1,8.94005,0.00894005,0.0,69.0,0.0,5.75,0.0,6.061032181989394,15.864666666666665,9.803634484677271,8.238348306451488,0.0,0.0514052875,0.0514052875,28.04634627951526,1200.4648848235458,1127.5645082793915,discharge,11.097641005075227,2026-08-03
2026-08-03 01:30:00,VIC1,0.67,0.00067,62.705857816032186,0.0,5.225488151336015,0.0,4.957333333333333,0.0,9.803634484677271,14.760967818010604,12.4041746369837,0.0035010770613951303,0.0,-0.0035010770613951303,28.042845202453865,1205.690372974882,1127.5645082793915,charge,11.097641005075227,2026-08-03
2026-08-03 01:35:00,VIC1,0.01,1e-05,62.705857816032186,0.0,5.225488151336015,0.0,4.957333333333333,0.0,14.760967818010604,19.718301151343937,16.570000967515913,5.2254881513360155e-05,0.0,-5.2254881513360155e-05,28.04279294757235,1210.915861126218,1127.5645082793915,charge,11.097641005075227,2026-08-03
2026-08-03 01:40:00,VIC1,0.67,0.00067,-0.0,0.0,-0.0,0.0,-0.0,0.0,19.718301151343937,19.71830115134398,16.57000096751595,-0.0,0.0,0.0,28.04279294757235,1210.915861126218,1127.5645082793915,idle,11.097641005075227,2026-08-03
2026-08-03 01:45:00,VIC1,0.62,0.00062,62.705857816032186,0.0,5.225488151336015,0.0,4.957333333333333,0.0,19.71830115134398,24.67563448467731,20.73582729804816,0.0032398026538283295,0.0,-0.0032398026538283295,28.039553144918525,1216.1413492775541,1127.5645082793915,charge,11.097641005075227,2026-08-03
2026-08-03 01:50:00,VIC1,5.08,0.00508,0.0,69.0,0.0,5.75,0.0,6.061032181989394,24.67563448467731,18.614602302687917,15.642522943435225,0.0,0.029210000000000003,0.029210000000000003,28.068763144918524,1216.1413492775541,1133.3145082793915,discharge,11.154233275682039,2026-08-03
2026-08-03 01:55:00,VIC1,5.08,0.00508,0.0,69.0,0.0,5.75,0.0,6.061032181989394,18.614602302687917,12.553570120698522,10.549218588822287,0.0,0.029210000000000003,0.029210000000000003,28.097973144918523,1216.1413492775541,1139.0645082793915,discharge,11.21082554628885,2026-08-03
2026-08-03 02:00:00,VIC1,0.64,0.00064,62.705857816032186,0.0,5.225488151336015,0.0,4.957333333333333,0.0,12.553570120698522,17.510903454031855,14.7150449193545,0.00334431241685505,0.0,-0.00334431241685505,28.09462883250167,1221.3668374288902,1139.0645082793915,charge,11.21082554628885,2026-08-03
2026-08-03 02:05:00,VIC1,0.64,0.00064,62.705857816032186,0.0,5.225488151336015,0.0,4.957333333333333,0.0,17.510903454031855,22.468236787365186,18.88087124988671,0.00334431241685505,0.0,-0.00334431241685505,28.091284520084816,1226.5923255802263,1139.0645082793915,charge,11.21082554628885,2026-08-03
2026-08-03 02:10:00,VIC1,0.07,7.000000000000001e-05,62.705857816032186,0.0,5.225488151336015,0.0,4.957333333333333,0.0,22.468236787365186,27.42557012069852,23.046697580418922,0.0003657841705935211,0.0,-0.0003657841705935211,28.090918735914222,1231.8178137315624,1139.0645082793915,charge,11.21082554628885,2026-08-03
2026-08-03 02:15:00,VIC1,0.80895,0.00080895,0.0,59.59837875706704,0.0,4.966531563088919,0.0,5.235183936825744,27.42557012069852,22.190386183872775,18.64738334779225,0.0,0.004017675707960781,0.004017675707960781,28.094936411622182,1231.8178137315624,1144.0310398424804,discharge,11.259706815540257,2026-08-03
2026-08-03 02:20:00,VIC1,0.08125,8.125000000000001e-05,62.705857816032186,0.0,5.225488151336015,0.0,4.957333333333333,0.0,22.190386183872775,27.147719517206106,22.81320967832446,0.0004245709122960513,0.0,-0.0004245709122960513,28.094511840709885,1237.0433018828985,1144.0310398424804,charge,11.259706815540257,2026-08-03
2026-08-03 02:25:00,VIC1,0.62,0.00062,62.705857816032186,0.0,5.225488151336015,0.0,4.957333333333333,0.0,27.147719517206106,32.10505285053944,26.97903600885667,0.0032398026538283295,0.0,-0.0032398026538283295,28.091272038056058,1242.2687900342346,1144.0310398424804,charge,11.259706815540257,2026-08-03
2026-08-03 02:30:00,VIC1,0.07,7.000000000000001e-05,62.705857816032186,0.0,5.225488151336015,0.0,4.957333333333333,0.0,32.10505285053944,37.06238618387277,31.14486233938888,0.0003657841705935211,0.0,-0.0003657841705935211,28.090906253885464,1247.4942781855707,1144.0310398424804,charge,11.259706815540257,2026-08-03
2026-08-03 02:35:00,VIC1,0.67,0.00067,62.705857816032186,0.0,5.225488151336015,0.0,4.957333333333333,0.0,37.06238618387277,42.0197195172061,35.31068866992109,0.0035010770613951303,0.0,-0.0035010770613951303,28.08740517682407,1252.7197663369068,1144.0310398424804,charge,11.259706815540257,2026-08-03
2026-08-03 02:40:00,VIC1,0.07,7.000000000000001e-05,62.70585781603217,0.0,5.225488151336014,0.0,4.957333333333332,0.0,42.0197195172061,46.97705285053943,39.4765150004533,0.00036578417059352105,0.0,-0.00036578417059352105,28.087039392653477,1257.9452544882429,1144.0310398424804,charge,11.259706815540257,2026-08-03
2026-08-03 02:45:00,VIC1,0.07,7.000000000000001e-05,62.705857816032186,0.0,5.225488151336015,0.0,4.957333333333333,0.0,46.97705285053943,51.93438618387276,43.64234133098551,0.0003657841705935211,0.0,-0.0003657841705935211,28.086673608482883,1263.170742639579,1144.0310398424804,charge,11.259706815540257,2026-08-03
2026-08-03 02:50:00,VIC1,0.01,1e-05,62.705857816032186,0.0,5.225488151336015,0.0,4.957333333333333,0.0,51.93438618387276,56.8917195172061,47.80816766151773,5.2254881513360155e-05,0.0,-5.2254881513360155e-05,28.08662135360137,1268.396230790915,1144.0310398424804,charge,11.259706815540257,2026-08-03
2026-08-03 02:55:00,VIC1,0.07,7.000000000000001e-05,62.705857816032186,0.0,5.225488151336015,0.0,4.957333333333333,0.0,56.8917195172061,61.84905285053943,51.97399399204994,0.0003657841705935211,0.0,-0.0003657841705935211,28.086255569430776,1273.6217189422512,1144.0310398424804,charge,11.259706815540257,2026-08-03
2026-08-03 03:00:00,VIC1,-0.09,-8.999999999999999e-05,62.705857816032186,0.0,5.225488151336015,0.0,4.957333333333333,0.0,61.84905285053943,66.80638618387276,56.13982032258215,-0.00047029393362024133,-0.0,0.00047029393362024133,28.086725863364396,1278.8472070935873,1144.0310398424804,charge,11.259706815540257,2026-08-03
2026-08-03 03:05:00,VIC1,-1.1,-0.0011,62.70585781603217,0.0,5.225488151336014,0.0,4.957333333333332,0.0,66.80638618387276,71.76371951720608,60.30564665311435,-0.005748036966469616,-0.0,0.005748036966469616,28.092473900330866,1284.0726952449234,1144.0310398424804,charge,11.259706815540257,2026-08-03
2026-08-03 03:10:00,VIC1,-1.0997,-0.0010997,62.705857816032186,0.0,5.225488151336015,0.0,4.957333333333333,0.0,71.76371951720608,76.72105285053942,64.47147298364658,-0.005746469320024215,-0.0,0.005746469320024215,28.09822036965089,1289.2981833962594,1144.0310398424804,charge,11.259706815540257,2026-08-03
2026-08-03 03:15:00,VIC1,-1.0997,-0.0010997,62.705857816032186,0.0,5.225488151336015,0.0,4.957333333333333,0.0,76.72105285053942,81.67838618387275,68.63729931417878,-0.005746469320024215,-0.0,0.005746469320024215,28.103966838970912,1294.5236715475955,1144.0310398424804,charge,11.259706815540257,2026-08-03
2026-08-03 03:20:00,VIC1,-1.0997,-0.0010997,62.705857816032186,0.0,5.225488151336015,0.0,4.957333333333333,0.0,81.67838618387275,86.63571951720608,72.803125644711,-0.005746469320024215,-0.0,0.005746469320024215,28.109713308290935,1299.7491596989316,1144.0310398424804,charge,11.259706815540257,2026-08-03
2026-08-03 03:25:00,VIC1,0.01,1e-05,62.705857816032186,0.0,5.225488151336015,0.0,4.957333333333333,0.0,86.63571951720608,91.59305285053942,76.96895197524321,5.2254881513360155e-05,0.0,-5.2254881513360155e-05,28.109661053409422,1304.9746478502677,1144.0310398424804,charge,11.259706815540257,2026-08-03
2026-08-03 03:30:00,VIC1,2.59,0.00259,0.0,69.0,0.0,5.75,0.0,6.061032181989394,91.59305285053942,85.53202066855003,71.87564762063028,0.0,0.0148925,0.0148925,28.12455355340942,1304.9746478502677,1149.7810398424804,discharge,11.316299086147069,2026-08-03
2026-08-03 03:35:00,VIC1,4.93,0.0049299999999999995,0.0,69.0,0.0,5.75,0.0,6.061032181989394,85.53202066855003,79.47098848656064,66.78234326601735,0.0,0.028347499999999998,0.028347499999999998,28.15290105340942,1304.9746478502677,1155.5310398424804,discharge,11.37289135675388,2026-08-03
2026-08-03 03:40:00,VIC1,3.39,0.0033900000000000002,0.0,69.0,0.0,5.75,0.0,6.061032181989394,79.47098848656064,73.40995630457125,61.68903891140442,0.0,0.019492500000000003,0.019492500000000003,28.172393553409417,1304.9746478502677,1161.2810398424804,discharge,11.42948362736069,2026-08-03
2026-08-03 03:45:00,VIC1,1.42,0.00142,0.0,69.0,0.0,5.75,0.0,6.061032181989394,73.40995630457125,67.34892412258186,56.59573455679148,0.0,0.008165,0.008165,28.18055855340942,1304.9746478502677,1167.0310398424804,discharge,11.486075897967503,2026-08-03
2026-08-03 03:50:00,VIC1,8.94005,0.00894005,0.0,69.0,0.0,5.75,0.0,6.061032181989394,67.34892412258186,61.287891940592466,51.50243020217854,0.0,0.0514052875,0.0514052875,28.23196384090942,1304.9746478502677,1172.7810398424804,discharge,11.542668168574314,2026-08-03
2026-08-03 03:55:00,VIC1,9.46577,0.00946577,0.0,69.0,0.0,5.75,0.0,6.061032181989394,61.287891940592466,55.22685975860307,46.409125847565605,0.0,0.0544281775,0.0544281775,28.28639201840942,1304.9746478502677,1178.5310398424804,discharge,11.599260439181126,2026-08-03
2026-08-03 04:00:00,VIC1,5.08,0.00508,0.0,69.0,0.0,5.75,0.0,6.061032181989394,55.22685975860307,49.16582757661367,41.315821492952665,0.0,0.029210000000000003,0.029210000000000003,28.315602018409418,1304.9746478502677,1184.2810398424804,discharge,11.655852709787938,2026-08-03
2026-08-03 04:05:00,VIC1,4.27363,0.00427363,0.0,69.0,0.0,5.75,0.0,6.061032181989394,49.16582757661367,43.104795394624276,36.222517138339725,0.0,0.0245733725,0.0245733725,28.34017539090942,1304.9746478502677,1190.0310398424804,discharge,11.712444980394748,2026-08-03
2026-08-03 04:10:00,VIC1,1.22014,0.00122014,0.0,69.0,0.0,5.75,0.0,6.061032181989394,43.104795394624276,37.04376321263488,31.12921278372679,0.0,0.007015805,0.007015805,28.34719119590942,1304.9746478502677,1195.7810398424804,discharge,11.76903725100156,2026-08-03
2026-08-03 04:15:00,VIC1,0.14423,0.00014423,62.705857816032186,0.0,5.225488151336015,0.0,4.957333333333333,0.0,37.04376321263488,42.00109654596821,35.295039114259005,0.0007536721560671934,0.0,-0.0007536721560671934,28.346437523753355,1310.2001360016038,1195.7810398424804,charge,11.76903725100156,2026-08-03
2026-08-03 04:20:00,VIC1,3.63,0.00363,0.0,69.0,0.0,5.75,0.0,6.061032181989394,42.00109654596821,35.94006436397881,30.201734759646058,0.0,0.0208725,0.0208725,28.367310023753355,1310.2001360016038,1201.5310398424804,discharge,11.825629521608372,2026-08-03
2026-08-03 04:25:00,VIC1,0.1649,0.0001649,62.705857816032186,0.0,5.225488151336015,0.0,4.957333333333333,0.0,35.94006436397881,40.897397697312144,34.36756109017827,0.0008616829961553089,0.0,-0.0008616829961553089,28.3664483407572,1315.42562415294,1201.5310398424804,charge,11.825629521608372,2026-08-03
2026-08-03 04:30:00,VIC1,-1.0997,-0.0010997,62.705857816032186,0.0,5.225488151336015,0.0,4.957333333333333,0.0,40.897397697312144,45.85473103064548,38.53338742071049,-0.005746469320024215,-0.0,0.005746469320024215,28.37219481007722,1320.651112304276,1201.5310398424804,charge,11.825629521608372,2026-08-03
2026-08-03 04:35:00,VIC1,-0.62771,-0.00062771,62.705857816032186,0.0,5.225488151336015,0.0,4.957333333333333,0.0,45.85473103064548,50.81206436397881,42.699213751242695,-0.00328009116747513,-0.0,0.00328009116747513,28.375474901244697,1325.876600455612,1201.5310398424804,charge,11.825629521608372,2026-08-03
2026-08-03 04:40:00,VIC1,-0.62394,-0.00062394,62.705857816032186,0.0,5.225488151336015,0.0,4.957333333333333,0.0,50.81206436397881,55.769397697312144,46.865040081774914,-0.0032603910771445933,-0.0,0.0032603910771445933,28.378735292321842,1331.1020886069482,1201.5310398424804,charge,11.825629521608372,2026-08-03
2026-08-03 04:45:00,VIC1,0.01,1e-05,62.705857816032186,0.0,5.225488151336015,0.0,4.957333333333333,0.0,55.769397697312144,60.726731030645475,51.03086641230712,5.2254881513360155e-05,0.0,-5.2254881513360155e-05,28.37868303744033,1336.3275767582843,1201.5310398424804,charge,11.825629521608372,2026-08-03
2026-08-03 04:50:00,VIC1,0.00026,2.6e-07,62.705857816032186,0.0,5.225488151336015,0.0,4.957333333333333,0.0,60.726731030645475,65.6840643639788,55.19669274283934,1.358626919347364e-06,0.0,-1.358626919347364e-06,28.37868167881341,1341.5530649096204,1201.5310398424804,charge,11.825629521608372,2026-08-03
2026-08-03 04:55:00,VIC1,1.44595,0.00144595,0.0,69.0,0.0,5.75,0.0,6.061032181989394,65.6840643639788,59.62303218198941,50.10338838822639,0.0,0.008314212500000001,0.008314212500000001,28.38699589131341,1341.5530649096204,1207.2810398424804,discharge,11.882221792215184,2026-08-03
2026-08-03 05:00:00,VIC1,3.33,0.00333,0.0,69.0,0.0,5.75,0.0,6.061032181989394,59.62303218198941,53.56200000000001,45.01008403361346,0.0,0.0191475,0.0191475,28.40614339131341,1341.5530649096204,1213.0310398424804,discharge,11.938814062821994,2026-08-03
2026-08-03 05:05:00,VIC1,-2e-05,-2e-08,62.705857816032186,0.0,5.225488151336015,0.0,4.957333333333333,0.0,53.56200000000001,58.51933333333335,49.17591036414567,-1.045097630267203e-07,-0.0,1.045097630267203e-07,28.406143495823173,1346.7785530609565,1213.0310398424804,charge,11.938814062821994,2026-08-03
2026-08-03 05:10:00,VIC1,0.01,1e-05,62.70585781603217,0.0,5.225488151336014,0.0,4.957333333333332,0.0,58.51933333333335,63.47666666666668,53.34173669467789,5.225488151336015e-05,0.0,-5.225488151336015e-05,28.40609124094166,1352.0040412122926,1213.0310398424804,charge,11.938814062821994,2026-08-03
2026-08-03 05:15:00,VIC1,0.16348,0.00016348,62.705857816032186,0.0,5.225488151336015,0.0,4.957333333333333,0.0,63.47666666666668,68.43400000000001,57.507563025210096,0.0008542628029804117,0.0,-0.0008542628029804117,28.405236978138678,1357.2295293636287,1213.0310398424804,charge,11.938814062821994,2026-08-03
2026-08-03 05:20:00,VIC1,0.01,1e-05,62.705857816032186,0.0,5.225488151336015,0.0,4.957333333333333,0.0,68.43400000000001,73.39133333333334,61.6733893557423,5.2254881513360155e-05,0.0,-5.2254881513360155e-05,28.405184723257165,1362.4550175149648,1213.0310398424804,charge,11.938814062821994,2026-08-03
2026-08-03 05:25:00,VIC1,-1.0997,-0.0010997,62.70585781603217,0.0,5.225488151336014,0.0,4.957333333333332,0.0,73.39133333333334,78.34866666666667,65.83921568627451,-0.005746469320024214,-0.0,0.005746469320024214,28.410931192577188,1367.6805056663009,1213.0310398424804,charge,11.938814062821994,2026-08-03
2026-08-03 05:30:00,VIC1,0.01,1e-05,62.705857816032186,0.0,5.225488151336015,0.0,4.957333333333333,0.0,78.34866666666667,83.306,70.00504201680671,5.2254881513360155e-05,0.0,-5.2254881513360155e-05,28.410878937695674,1372.905993817637,1213.0310398424804,charge,11.938814062821994,2026-08-03
2026-08-03 05:35:00,VIC1,-1.0997,-0.0010997,62.705857816032186,0.0,5.225488151336015,0.0,4.957333333333333,0.0,83.306,88.26333333333334,74.17086834733894,-0.005746469320024215,-0.0,0.005746469320024215,28.416625407015697,1378.131481968973,1213.0310398424804,charge,11.938814062821994,2026-08-03
2026-08-03 05:40:00,VIC1,0.01,1e-05,62.705857816032186,0.0,5.225488151336015,0.0,4.957333333333333,0.0,88.26333333333334,93.22066666666666,78.33669467787115,5.2254881513360155e-05,0.0,-5.2254881513360155e-05,28.416573152134184,1383.3569701203091,1213.0310398424804,charge,11.938814062821994,2026-08-03
2026-08-03 05:45:00,VIC1,-1.0997,-0.0010997,62.705857816032186,0.0,5.225488151336015,0.0,4.957333333333333,0.0,93.22066666666666,98.178,82.50252100840336,-0.005746469320024215,-0.0,0.005746469320024215,28.422319621454207,1388.5824582716452,1213.0310398424804,charge,11.938814062821994,2026-08-03
2026-08-03 05:50:00,VIC1,0.01,1e-05,62.705857816032186,0.0,5.225488151336015,0.0,4.957333333333333,0.0,98.178,103.13533333333332,86.66834733893556,5.2254881513360155e-05,0.0,-5.2254881513360155e-05,28.422267366572694,1393.8079464229813,1213.0310398424804,charge,11.938814062821994,2026-08-03
2026-08-03 05:55:00,VIC1,0.01,1e-05,62.705857816032186,0.0,5.225488151336015,0.0,4.957333333333333,0.0,103.13533333333332,108.09266666666666,90.83417366946777,5.2254881513360155e-05,0.0,-5.2254881513360155e-05,28.42221511169118,1399.0334345743174,1213.0310398424804,charge,11.938814062821994,2026-08-03
2026-08-03 06:00:00,VIC1,0.01,1e-05,62.705857816032186,0.0,5.225488151336015,0.0,4.957333333333333,0.0,108.09266666666666,113.05,95.0,5.2254881513360155e-05,0.0,-5.2254881513360155e-05,28.422162856809667,1404.2589227256535,1213.0310398424804,charge,11.938814062821994,2026-08-03
2026-08-03 06:05:00,VIC1,5.08,0.00508,0.0,-0.0,0.0,-0.0,0.0,-0.0,113.05,113.05,95.0,0.0,-0.0,-0.0,28.422162856809667,1404.2589227256535,1213.0310398424804,idle,11.938814062821994,2026-08-03
2026-08-03 06:10:00,VIC1,9.7,0.0097,0.0,0.0,0.0,0.0,0.0,0.0,113.05,113.05,95.0,0.0,0.0,0.0,28.422162856809667,1404.2589227256535,1213.0310398424804,idle,11.938814062821994,2026-08-03
2026-08-03 06:15:00,VIC1,22.67,0.022670000000000003,0.0,69.0,0.0,5.75,0.0,6.061032181989394,113.05,106.98896781801061,89.90669564538707,0.0,0.1303525,0.1303525,28.552515356809668,1404.2589227256535,1218.7810398424804,discharge,11.995406333428805,2026-08-03
2026-08-03 06:20:00,VIC1,22.67,0.022670000000000003,0.0,69.0,0.0,5.75,0.0,6.061032181989394,106.98896781801061,100.92793563602122,84.81339129077413,0.0,0.1303525,0.1303525,28.68286785680967,1404.2589227256535,1224.5310398424804,discharge,12.051998604035617,2026-08-03
2026-08-03 06:25:00,VIC1,10.5,0.0105,0.0,0.0,0.0,0.0,0.0,0.0,100.92793563602122,100.92793563602122,84.81339129077413,0.0,0.0,0.0,28.68286785680967,1404.2589227256535,1224.5310398424804,idle,12.051998604035617,2026-08-03
2026-08-03 06:30:00,VIC1,10.50021,0.01050021,0.0,0.0,0.0,0.0,0.0,0.0,100.92793563602122,100.92793563602122,84.81339129077413,0.0,0.0,0.0,28.68286785680967,1404.2589227256535,1224.5310398424804,idle,12.051998604035617,2026-08-03
2026-08-03 06:35:00,VIC1,22.67,0.022670000000000003,0.0,69.0,0.0,5.75,0.0,6.061032181989394,100.92793563602122,94.86690345403183,79.72008693616121,0.0,0.1303525,0.1303525,28.81322035680967,1404.2589227256535,1230.2810398424804,discharge,12.10859087464243,2026-08-03
2026-08-03 06:40:00,VIC1,22.67,0.022670000000000003,0.0,69.0,0.0,5.75,0.0,6.061032181989394,94.86690345403183,88.80587127204244,74.62678258154827,0.0,0.1303525,0.1303525,28.94357285680967,1404.2589227256535,1236.0310398424804,discharge,12.165183145249241,2026-08-03
2026-08-03 06:45:00,VIC1,22.67,0.022670000000000003,0.0,69.0,0.0,5.75,0.0,6.061032181989394,88.80587127204244,82.74483909005305,69.53347822693533,0.0,0.1303525,0.1303525,29.07392535680967,1404.2589227256535,1241.7810398424804,discharge,12.221775415856051,2026-08-03
2026-08-03 06:50:00,VIC1,54.48,0.05448,0.0,69.0,0.0,5.75,0.0,6.061032181989394,82.74483909005305,76.68380690806366,64.4401738723224,0.0,0.31326,0.31326,29.38718535680967,1404.2589227256535,1247.5310398424804,discharge,12.278367686462863,2026-08-03
2026-08-03 06:55:00,VIC1,22.67,0.022670000000000003,0.0,69.0,0.0,5.75,0.0,6.061032181989394,76.68380690806366,70.62277472607427,59.346869517709465,0.0,0.1303525,0.1303525,29.51753785680967,1404.2589227256535,1253.2810398424804,discharge,12.334959957069675,2026-08-03
2026-08-03 07:00:00,VIC1,10.50026,0.01050026,0.0,0.0,0.0,0.0,0.0,0.0,70.62277472607427,70.62277472607427,59.346869517709465,0.0,0.0,0.0,29.51753785680967,1404.2589227256535,1253.2810398424804,idle,12.334959957069675,2026-08-03
2026-08-03 07:05:00,VIC1,10.49948,0.01049948,0.0,0.0,0.0,0.0,0.0,0.0,70.62277472607427,70.62277472607427,59.346869517709465,0.0,0.0,0.0,29.51753785680967,1404.2589227256535,1253.2810398424804,idle,12.334959957069675,2026-08-03
2026-08-03 07:10:00,VIC1,10.50026,0.01050026,0.0,0.0,0.0,0.0,0.0,0.0,70.62277472607427,70.62277472607427,59.346869517709465,0.0,0.0,0.0,29.51753785680967,1404.2589227256535,1253.2810398424804,idle,12.334959957069675,2026-08-03
2026-08-03 07:15:00,VIC1,29.33439,0.02933439,0.0,69.0,0.0,5.75,0.0,6.061032181989394,70.62277472607427,64.56174254408488,54.25356516309654,0.0,0.1686727425,0.1686727425,29.68621059930967,1404.2589227256535,1259.0310398424804,discharge,12.391552227676486,2026-08-03
2026-08-03 07:20:00,VIC1,29.97815,0.02997815,0.0,69.0,0.0,5.75,0.0,6.061032181989394,64.56174254408488,58.50071036209548,49.1602608084836,0.0,0.1723743625,0.1723743625,29.858584961809672,1404.2589227256535,1264.7810398424804,discharge,12.448144498283296,2026-08-03
2026-08-03 07:25:00,VIC1,33.39165,0.03339165,0.0,69.0,0.0,5.75,0.0,6.061032181989394,58.50071036209548,52.439678180106085,44.06695645387066,0.0,0.1920019875,0.1920019875,30.050586949309672,1404.2589227256535,1270.5310398424804,discharge,12.504736768890108,2026-08-03
2026-08-03 07:30:00,VIC1,35.02662,0.03502662,0.0,69.0,0.0,5.75,0.0,6.061032181989394,52.439678180106085,46.37864599811669,38.97365209925772,0.0,0.20140306500000002,0.20140306500000002,30.251990014309673,1404.2589227256535,1276.2810398424804,discharge,12.56132903949692,2026-08-03
2026-08-03 07:35:00,VIC1,29.77438,0.029774380000000003,0.0,69.0,0.0,5.75,0.0,6.061032181989394,46.37864599811669,40.31761381612729,33.88034774464479,0.0,0.17120268500000002,0.17120268500000002,30.423192699309674,1404.2589227256535,1282.0310398424804,discharge,12.617921310103732,2026-08-03
2026-08-03 07:40:00,VIC1,31.67617,0.03167617,0.0,69.0,0.0,5.75,0.0,6.061032181989394,40.31761381612729,34.256581634137895,28.787043390031847,0.0,0.1821379775,0.1821379775,30.605330676809672,1404.2589227256535,1287.7810398424804,discharge,12.674513580710544,2026-08-03
2026-08-03 07:45:00,VIC1,31.61179,0.03161179,0.0,69.0,0.0,5.75,0.0,6.061032181989394,34.256581634137895,28.1955494521485,23.693739035418908,0.0,0.1817677925,0.1817677925,30.787098469309672,1404.2589227256535,1293.5310398424804,discharge,12.731105851317354,2026-08-03
2026-08-03 07:50:00,VIC1,35.50835,0.03550835,0.0,69.0,0.0,5.75,0.0,6.061032181989394,28.1955494521485,22.134517270159108,18.600434680805975,0.0,0.2041730125,0.2041730125,30.991271481809672,1404.2589227256535,1299.2810398424804,discharge,12.787698121924166,2026-08-03
2026-08-03 07:55:00,VIC1,28.30102,0.028301020000000003,0.0,69.0,0.0,5.75,0.0,6.061032181989394,22.134517270159108,16.073485088169715,13.507130326193037,0.0,0.16273086500000003,0.16273086500000003,31.154002346809673,1404.2589227256535,1305.0310398424804,discharge,12.844290392530977,2026-08-03
2026-08-03 08:00:00,VIC1,10.65002,0.01065002,0.0,46.24777465452049,0.0,3.8539812212100406,0.0,4.0624529061803205,16.073485088169715,12.011032181989394,10.093304354612936,0.0,0.04104497708551136,0.04104497708551136,31.195047323895185,1404.2589227256535,1308.8850210636904,discharge,12.882221792215201,2026-08-03
2026-08-03 08:05:00,VIC1,10.5,0.0105,0.0,0.0,0.0,0.0,0.0,0.0,12.011032181989394,12.011032181989394,10.093304354612936,0.0,0.0,0.0,31.195047323895185,1404.2589227256535,1308.8850210636904,idle,12.882221792215201,2026-08-03
2026-08-03 08:10:00,VIC1,12.57005,0.012570050000000001,0.0,69.0,0.0,5.75,0.0,6.061032181989394,12.011032181989394,5.95,5.0,0.0,0.07227778750000001,0.07227778750000001,31.267325111395184,1404.2589227256535,1314.6350210636904,discharge,12.938814062822013,2026-08-03
2026-08-03 08:15:00,VIC1,-1.0997,-0.0010997,62.705857816032186,0.0,5.225488151336015,0.0,4.957333333333333,0.0,5.95,10.907333333333334,9.165826330532214,-0.005746469320024215,-0.0,0.005746469320024215,31.273071580715207,1409.4844108769896,1314.6350210636904,charge,12.938814062822013,2026-08-03
2026-08-03 08:20:00,VIC1,8.93994,0.00893994,0.0,56.43527203442897,0.0,4.702939336202414,0.0,4.957333333333334,10.907333333333334,5.95,5.0,0.0,0.042043995489289415,0.042043995489289415,31.315115576204498,1409.4844108769896,1319.3379603998928,discharge,12.985101022050149,2026-08-03
2026-08-03 08:25:00,VIC1,4.08,0.00408,-0.0,0.0,-0.0,0.0,-0.0,0.0,5.95,5.95,5.0,-0.0,0.0,0.0,31.315115576204498,1409.4844108769896,1319.3379603998928,idle,12.985101022050149,2026-08-03
2026-08-03 08:30:00,VIC1,0.01,1e-05,0.0,-0.0,0.0,-0.0,0.0,-0.0,5.95,5.95,5.0,0.0,-0.0,-0.0,31.315115576204498,1409.4844108769896,1319.3379603998928,idle,12.985101022050149,2026-08-03
2026-08-03 08:35:00,VIC1,0.01,1e-05,0.0,-0.0,0.0,-0.0,0.0,-0.0,5.95,5.95,5.0,0.0,-0.0,-0.0,31.315115576204498,1409.4844108769896,1319.3379603998928,idle,12.985101022050149,2026-08-03
2026-08-03 08:40:00,VIC1,-1.1,-0.0011,62.705857816032186,0.0,5.225488151336015,0.0,4.957333333333333,0.0,5.95,10.907333333333334,9.165826330532214,-0.005748036966469617,-0.0,0.005748036966469617,31.320863613170967,1414.7098990283257,1319.3379603998928,charge,12.985101022050149,2026-08-03
2026-08-03 08:45:00,VIC1,-1.1,-0.0011,62.705857816032186,0.0,5.225488151336015,0.0,4.957333333333333,0.0,10.907333333333334,15.864666666666666,13.331652661064425,-0.005748036966469617,-0.0,0.005748036966469617,31.326611650137437,1419.9353871796618,1319.3379603998928,charge,12.985101022050149,2026-08-03
2026-08-03 08:50:00,VIC1,-1.0997,-0.0010997,0.0,69.0,0.0,5.75,0.0,6.061032181989394,15.864666666666666,9.803634484677271,8.238348306451488,-0.0,-0.006323275,-0.006323275,31.320288375137437,1419.9353871796618,1325.0879603998928,discharge,13.041693292656959,2026-08-03
2026-08-03 08:55:00,VIC1,-1.15,-0.00115,62.705857816032186,0.0,5.225488151336015,0.0,4.957333333333333,0.0,9.803634484677271,14.760967818010604,12.4041746369837,-0.006009311374036417,-0.0,0.006009311374036417,31.326297686511474,1425.160875330998,1325.0879603998928,charge,13.041693292656959,2026-08-03
2026-08-03 09:00:00,VIC1,-1.1,-0.0011,62.705857816032186,-0.0,5.225488151336015,-0.0,4.957333333333333,-0.0,14.760967818010604,19.718301151343866,16.570000967515856,-0.005748036966469617,0.0,0.005748036966469617,31.332045723477943,1430.386363482334,1325.0879603998928,charge,13.041693292656959,2026-08-03
2026-08-03 09:05:00,VIC1,-1.1,-0.0011,62.705857816032186,-0.0,5.225488151336015,-0.0,4.957333333333333,-0.0,19.718301151343866,24.675634484677197,20.735827298048065,-0.005748036966469617,0.0,0.005748036966469617,31.337793760444413,1435.61185163367,1325.0879603998928,charge,13.041693292656959,2026-08-03
2026-08-03 09:10:00,VIC1,0.01,1e-05,0.0,69.0,0.0,5.75,0.0,6.061032181989394,24.675634484677197,18.614602302687807,15.642522943435132,0.0,5.75e-05,5.75e-05,31.337851260444413,1435.61185163367,1330.8379603998928,discharge,13.09828556326377,2026-08-03
2026-08-03 09:15:00,VIC1,-1.0997,-0.0010997,0.0,69.0,0.0,5.75,0.0,6.061032181989394,18.614602302687807,12.553570120698412,10.549218588822194,-0.0,-0.006323275,-0.006323275,31.331527985444414,1435.61185163367,1336.5879603998928,discharge,13.154877833870582,2026-08-03
2026-08-03 09:20:00,VIC1,-1.1,-0.0011,-0.0,68.99999999999953,-0.0,5.749999999999961,-0.0,6.0610321819893525,12.553570120698412,6.492537938709112,5.455914234209338,0.0,-0.006324999999999957,-0.006324999999999957,31.325202985444413,1435.61185163367,1342.3379603998928,discharge,13.211470104477392,2026-08-03
2026-08-03 09:25:00,VIC1,-1.1,-0.0011,62.705857816032186,-0.0,5.225488151336015,-0.0,4.957333333333333,-0.0,6.492537938709112,11.449871272042444,9.621740564741549,-0.005748036966469617,0.0,0.005748036966469617,31.330951022410883,1440.8373397850062,1342.3379603998928,charge,13.211470104477392,2026-08-03
2026-08-03 09:30:00,VIC1,-1.1,-0.0011,-0.0,62.61163220657365,-0.0,5.2176360172144705,-0.0,5.499871272042412,11.449871272042444,5.950000000000031,5.000000000000026,0.0,-0.005739399618935918,-0.005739399618935918,31.325211622791947,1440.8373397850062,1347.5555964171074,discharge,13.262822777418963,2026-08-03
2026-08-03 09:35:00,VIC1,-1.1,-0.0011,62.705857816032186,-0.0,5.225488151336015,-0.0,4.957333333333333,-0.0,5.950000000000031,10.907333333333487,9.165826330532342,-0.005748036966469617,0.0,0.005748036966469617,31.330959659758417,1446.0628279363423,1347.5555964171074,charge,13.262822777418963,2026-08-03
2026-08-03 09:40:00,VIC1,-1.1,-0.0011,-0.0,56.43527203442923,-0.0,4.702939336202435,-0.0,4.957333333333357,10.907333333333487,5.9500000000019915,5.000000000001673,0.0,-0.005173233269822679,-0.005173233269822679,31.325786426488595,1446.0628279363423,1352.2585357533098,discharge,13.309109736647098,2026-08-03
2026-08-03 09:45:00,VIC1,-1.1,-0.0011,59.426858814524536,-0.0,4.952238234543711,-0.0,4.698105701078782,-0.0,5.9500000000019915,10.648105701080697,8.947987984101426,-0.005447462057998082,0.0,0.005447462057998082,31.331233888546592,1451.015066170886,1352.2585357533098,charge,13.309109736647098,2026-08-03
2026-08-03 09:50:00,VIC1,-1.1,-0.0011,62.705857816032186,-0.0,5.225488151336015,-0.0,4.957333333333333,-0.0,10.648105701080697,15.605439034414374,13.11381431463393,-0.005748036966469617,0.0,0.005748036966469617,31.33698192551306,1456.2405543222221,1352.2585357533098,charge,13.309109736647098,2026-08-03
2026-08-03 09:55:00,VIC1,-1.15,-0.00115,62.705857816032186,0.0,5.225488151336015,0.0,4.957333333333333,0.0,15.605439034414374,20.562772367747705,17.27964064516614,-0.006009311374036417,-0.0,0.006009311374036417,31.342991236887098,1461.4660424735582,1352.2585357533098,charge,13.309109736647098,2026-08-03
2026-08-03 10:00:00,VIC1,-1.1,-0.0011,-0.0,69.0,-0.0,5.75,-0.0,6.061032181989394,20.562772367747705,14.501740185756496,12.186336290551678,0.0,-0.006325000000000001,-0.006325000000000001,31.336666236887098,1461.4660424735582,1358.0085357533098,discharge,13.36570200725391,2026-08-03
2026-08-03 10:05:00,VIC1,-1.15,-0.00115,62.705857816032186,0.0,5.225488151336015,0.0,4.957333333333333,0.0,14.501740185756496,19.459073519089827,16.352162621083888,-0.006009311374036417,-0.0,0.006009311374036417,31.342675548261134,1466.6915306248943,1358.0085357533098,charge,13.36570200725391,2026-08-03
2026-08-03 10:10:00,VIC1,-1.1,-0.0011,0.0,69.0,0.0,5.75,0.0,6.061032181989394,19.459073519089827,13.398041337100075,11.258858266470652,-0.0,-0.006325000000000001,-0.006325000000000001,31.336350548261134,1466.6915306248943,1363.7585357533098,discharge,13.422294277860722,2026-08-03
2026-08-03 10:15:00,VIC1,-1.15,-0.00115,62.70585781603217,0.0,5.225488151336014,0.0,4.957333333333332,0.0,13.398041337100075,18.355374670433406,15.424684597002864,-0.006009311374036416,-0.0,0.006009311374036416,31.34235985963517,1471.9170187762304,1363.7585357533098,charge,13.422294277860722,2026-08-03
2026-08-03 10:20:00,VIC1,-1.15,-0.00115,62.705857816032186,0.0,5.225488151336015,0.0,4.957333333333333,0.0,18.355374670433406,23.31270800376674,19.590510927535078,-0.006009311374036417,-0.0,0.006009311374036417,31.348369171009207,1477.1425069275665,1363.7585357533098,charge,13.422294277860722,2026-08-03
2026-08-03 10:25:00,VIC1,-1.15,-0.00115,62.705857816032186,0.0,5.225488151336015,0.0,4.957333333333333,0.0,23.31270800376674,28.270041337100075,23.75633725806729,-0.006009311374036417,-0.0,0.006009311374036417,31.354378482383243,1482.3679950789026,1363.7585357533098,charge,13.422294277860722,2026-08-03
2026-08-03 10:30:00,VIC1,-1.15,-0.00115,62.705857816032186,0.0,5.225488151336015,0.0,4.957333333333333,0.0,28.270041337100075,33.227374670433406,27.922163588599503,-0.006009311374036417,-0.0,0.006009311374036417,31.36038779375728,1487.5934832302387,1363.7585357533098,charge,13.422294277860722,2026-08-03
2026-08-03 10:35:00,VIC1,-1.15,-0.00115,62.705857816032186,0.0,5.225488151336015,0.0,4.957333333333333,0.0,33.227374670433406,38.18470800376674,32.08798991913171,-0.006009311374036417,-0.0,0.006009311374036417,31.366397105131316,1492.8189713815748,1363.7585357533098,charge,13.422294277860722,2026-08-03
2026-08-03 10:40:00,VIC1,-1.15,-0.00115,62.705857816032186,0.0,5.225488151336015,0.0,4.957333333333333,0.0,38.18470800376674,43.14204133710007,36.25381624966392,-0.006009311374036417,-0.0,0.006009311374036417,31.372406416505353,1498.0444595329109,1363.7585357533098,charge,13.422294277860722,2026-08-03
2026-08-03 10:45:00,VIC1,-1.1,-0.0011,62.70585781603175,-0.0,5.225488151335979,-0.0,4.957333333333299,-0.0,43.14204133710007,48.09937467043333,40.419642580196076,-0.005748036966469577,0.0,0.005748036966469577,31.378154453471822,1503.2699476842467,1363.7585357533098,charge,13.422294277860722,2026-08-03
2026-08-03 10:50:00,VIC1,-1.1,-0.0011,-0.0,69.0,-0.0,5.75,-0.0,6.061032181989394,48.09937467043333,42.03834248844393,35.326338225583136,0.0,-0.006325000000000001,-0.006325000000000001,31.371829453471822,1503.2699476842467,1369.5085357533098,discharge,13.478886548467534,2026-08-03
2026-08-03 10:55:00,VIC1,-1.15,-0.00115,62.705857816032186,0.0,5.225488151336015,0.0,4.957333333333333,0.0,42.03834248844393,46.99567582177726,39.49216455611534,-0.006009311374036417,-0.0,0.006009311374036417,31.37783876484586,1508.4954358355828,1369.5085357533098,charge,13.478886548467534,2026-08-03
2026-08-03 11:00:00,VIC1,-1.15,-0.00115,62.705857816032186,0.0,5.225488151336015,0.0,4.957333333333333,0.0,46.99567582177726,51.95300915511059,43.65799088664756,-0.006009311374036417,-0.0,0.006009311374036417,31.383848076219895,1513.720923986919,1369.5085357533098,charge,13.478886548467534,2026-08-03
2026-08-03 11:05:00,VIC1,-1.0997,-0.0010997,0.0,69.0,0.0,5.75,0.0,6.061032181989394,51.95300915511059,45.8919769731212,38.56468653203463,-0.0,-0.006323275,-0.006323275,31.377524801219895,1513.720923986919,1375.2585357533098,discharge,13.535478819074344,2026-08-03
2026-08-03 11:10:00,VIC1,-1.0997,-0.0010997,0.0,69.0,0.0,5.75,0.0,6.061032181989394,45.8919769731212,39.830944791131806,33.47138217742169,-0.0,-0.006323275,-0.006323275,31.371201526219895,1513.720923986919,1381.0085357533098,discharge,13.592071089681156,2026-08-03
2026-08-03 11:15:00,VIC1,0.00022,2.2e-07,0.0,69.0,0.0,5.75,0.0,6.061032181989394,39.830944791131806,33.76991260914241,28.378077822808745,0.0,1.2650000000000002e-06,1.2650000000000002e-06,31.371202791219897,1513.720923986919,1386.7585357533098,discharge,13.648663360287967,2026-08-03
2026-08-03 11:20:00,VIC1,0.08663,8.663e-05,0.0,69.0,0.0,5.75,0.0,6.061032181989394,33.76991260914241,27.708880427153016,23.284773468195812,0.0,0.0004981225,0.0004981225,31.3717009137199,1513.720923986919,1392.5085357533098,discharge,13.70525563089478,2026-08-03
2026-08-03 11:25:00,VIC1,0.00022,2.2e-07,0.0,69.0,0.0,5.75,0.0,6.061032181989394,27.708880427153016,21.647848245163622,18.191469113582876,0.0,1.2650000000000002e-06,1.2650000000000002e-06,31.3717021787199,1513.720923986919,1398.2585357533098,discharge,13.76184790150159,2026-08-03
2026-08-03 11:30:00,VIC1,-1.1,-0.0011,62.70585781603216,-0.0,5.2254881513360125,-0.0,4.957333333333331,-0.0,21.647848245163622,26.60518157849695,22.35729544411508,-0.005748036966469614,0.0,0.005748036966469614,31.37745021568637,1518.946412138255,1398.2585357533098,charge,13.76184790150159,2026-08-03
2026-08-03 11:35:00,VIC1,-1.0997,-0.0010997,0.0,69.0,0.0,5.75,0.0,6.061032181989394,26.60518157849695,20.544149396507557,17.26399108950215,-0.0,-0.006323275,-0.006323275,31.37112694068637,1518.946412138255,1404.0085357533098,discharge,13.818440172108401,2026-08-03
2026-08-03 11:40:00,VIC1,-1.1,-0.0011,62.705857816032186,-0.0,5.225488151336015,-0.0,4.957333333333333,-0.0,20.544149396507557,25.501482729840887,21.429817420034357,-0.005748036966469617,0.0,0.005748036966469617,31.37687497765284,1524.1719002895911,1404.0085357533098,charge,13.818440172108401,2026-08-03
2026-08-03 11:45:00,VIC1,-1.0997,-0.0010997,0.0,69.0,0.0,5.75,0.0,6.061032181989394,25.501482729840887,19.440450547851494,16.336513065421425,-0.0,-0.006323275,-0.006323275,31.37055170265284,1524.1719002895911,1409.7585357533098,discharge,13.875032442715213,2026-08-03
2026-08-03 11:50:00,VIC1,-1.1,-0.0011,62.705857816032186,-0.0,5.225488151336015,-0.0,4.957333333333333,-0.0,19.440450547851494,24.39778388118483,20.502339395953637,-0.005748036966469617,0.0,0.005748036966469617,31.37629973961931,1529.3973884409272,1409.7585357533098,charge,13.875032442715213,2026-08-03
2026-08-03 11:55:00,VIC1,-1.15,-0.00115,62.705857816032186,0.0,5.225488151336015,0.0,4.957333333333333,0.0,24.39778388118483,29.35511721451816,24.66816572648585,-0.006009311374036417,-0.0,0.006009311374036417,31.382309050993346,1534.6228765922633,1409.7585357533098,charge,13.875032442715213,2026-08-03
2026-08-03 12:00:00,VIC1,-1.1,-0.0011,62.705857816032186,-0.0,5.225488151336015,-0.0,4.957333333333333,-0.0,29.35511721451816,34.312450547851505,28.833992057018072,-0.005748036966469617,0.0,0.005748036966469617,31.388057087959815,1539.8483647435994,1409.7585357533098,charge,13.875032442715213,2026-08-03
2026-08-03 12:05:00,VIC1,-1.0997,-0.0010997,0.0,69.0,0.0,5.75,0.0,6.061032181989394,34.312450547851505,28.25141836586211,23.740687702405136,-0.0,-0.006323275,-0.006323275,31.381733812959816,1539.8483647435994,1415.5085357533098,discharge,13.931624713322025,2026-08-03
2026-08-03 12:10:00,VIC1,-1.0997,-0.0010997,0.0,69.0,0.0,5.75,0.0,6.061032181989394,28.25141836586211,22.190386183872718,18.6473833477922,-0.0,-0.006323275,-0.006323275,31.375410537959816,1539.8483647435994,1421.2585357533098,discharge,13.988216983928837,2026-08-03
2026-08-03 12:15:00,VIC1,-1.1,-0.0011,-0.0,69.0,-0.0,5.75,-0.0,6.061032181989394,22.190386183872718,16.129354001883325,13.554078993179264,0.0,-0.006325000000000001,-0.006325000000000001,31.369085537959815,1539.8483647435994,1427.0085357533098,discharge,14.044809254535647,2026-08-03
2026-08-03 12:20:00,VIC1,-1.1,-0.0011,62.705857816032186,-0.0,5.225488151336015,-0.0,4.957333333333333,-0.0,16.129354001883325,21.08668733521666,17.71990532371148,-0.005748036966469617,0.0,0.005748036966469617,31.374833574926285,1545.0738528949355,1427.0085357533098,charge,14.044809254535647,2026-08-03
2026-08-03 12:25:00,VIC1,-1.0997,-0.0010997,0.0,69.0,0.0,5.75,0.0,6.061032181989394,21.08668733521666,15.025655153227266,12.626600969098542,-0.0,-0.006323275,-0.006323275,31.368510299926285,1545.0738528949355,1432.7585357533098,discharge,14.101401525142458,2026-08-03
2026-08-03 12:30:00,VIC1,-1.1,-0.0011,62.705857816032186,-0.0,5.225488151336015,-0.0,4.957333333333333,-0.0,15.025655153227266,19.982988486560668,16.792427299630813,-0.005748036966469617,0.0,0.005748036966469617,31.374258336892755,1550.2993410462716,1432.7585357533098,charge,14.101401525142458,2026-08-03
2026-08-03 12:35:00,VIC1,-1.0997,-0.0010997,0.0,69.0,0.0,5.75,0.0,6.061032181989394,19.982988486560668,13.921956304571244,11.699122945017852,-0.0,-0.006323275,-0.006323275,31.367935061892755,1550.2993410462716,1438.5085357533098,discharge,14.15799379574927,2026-08-03
2026-08-03 12:40:00,VIC1,-1.1,-0.0011,-0.0,69.0,-0.0,5.75,-0.0,6.061032181989394,13.921956304571244,7.86092412258185,6.605818590404916,0.0,-0.006325000000000001,-0.006325000000000001,31.361610061892755,1550.2993410462716,1444.2585357533098,discharge,14.214586066356082,2026-08-03
2026-08-03 12:45:00,VIC1,-1.1,-0.0011,62.705857816032186,-0.0,5.225488151336015,-0.0,4.957333333333333,-0.0,7.86092412258185,12.81825745591517,10.771644920937117,-0.005748036966469617,0.0,0.005748036966469617,31.367358098859224,1555.5248291976077,1444.2585357533098,charge,14.214586066356082,2026-08-03
2026-08-03 12:50:00,VIC1,-1.1,-0.0011,0.0,69.0,0.0,5.75,0.0,6.061032181989394,12.81825745591517,6.7572252739257745,5.678340566324181,-0.0,-0.006325000000000001,-0.006325000000000001,31.361033098859224,1555.5248291976077,1450.0085357533098,discharge,14.271178336962892,2026-08-03
2026-08-03 12:55:00,VIC1,-1.15,-0.00115,62.705857816032186,0.0,5.225488151336015,0.0,4.957333333333333,0.0,6.7572252739257745,11.714558607259107,9.844166896856391,-0.006009311374036417,-0.0,0.006009311374036417,31.36704241023326,1560.7503173489438,1450.0085357533098,charge,14.271178336962892,2026-08-03
2026-08-03 13:00:00,VIC1,-1.14975,-0.0011497500000000002,62.705857816032186,0.0,5.225488151336015,0.0,4.957333333333333,0.0,11.714558607259107,16.671891940592438,14.009993227388604,-0.006008005001998585,-0.0,0.006008005001998585,31.37305041523526,1565.9758055002799,1450.0085357533098,charge,14.271178336962892,2026-08-03
2026-08-03 13:05:00,VIC1,-1.1,-0.0011,0.0,69.0,0.0,5.75,0.0,6.061032181989394,16.671891940592438,10.610859758603045,8.916688872775667,-0.0,-0.006325000000000001,-0.006325000000000001,31.36672541523526,1565.9758055002799,1455.7585357533098,discharge,14.327770607569704,2026-08-03
2026-08-03 13:10:00,VIC1,-4.9999,-0.004999900000000001,62.705857816032186,0.0,5.225488151336015,0.0,4.957333333333333,0.0,10.610859758603045,15.568193091936378,13.08251520330788,-0.026126918207864946,-0.0,0.026126918207864946,31.392852333443123,1571.201293651616,1455.7585357533098,charge,14.327770607569704,2026-08-03
2026-08-03 13:15:00,VIC1,-1.15,-0.00115,-0.0,69.0,-0.0,5.75,-0.0,6.061032181989394,15.568193091936378,9.50716090994697,7.989210848694933,0.0,-0.0066125,-0.0066125,31.386239833443124,1571.201293651616,1461.5085357533098,discharge,14.384362878176516,2026-08-03
2026-08-03 13:20:00,VIC1,-1.15,-0.00115,62.705857816032186,-0.0,5.225488151336015,-0.0,4.957333333333333,-0.0,9.50716090994697,14.464494243280301,12.155037179227143,-0.006009311374036417,0.0,0.006009311374036417,31.39224914481716,1576.426781802952,1461.5085357533098,charge,14.384362878176516,2026-08-03
2026-08-03 13:25:00,VIC1,-1.1,-0.0011,0.0,69.0,0.0,5.75,0.0,6.061032181989394,14.464494243280301,8.403462061290911,7.061732824614212,-0.0,-0.006325000000000001,-0.006325000000000001,31.38592414481716,1576.426781802952,1467.2585357533098,discharge,14.440955148783328,2026-08-03
2026-08-03 13:30:00,VIC1,-1.15,-0.00115,62.705857816032186,-0.0,5.225488151336015,-0.0,4.957333333333333,-0.0,8.403462061290911,13.360795394624242,11.227559155146421,-0.006009311374036417,0.0,0.006009311374036417,31.391933456191197,1581.6522699542882,1467.2585357533098,charge,14.440955148783328,2026-08-03
2026-08-03 13:35:00,VIC1,-1.15,-0.00115,62.705857816032186,-0.0,5.225488151336015,-0.0,4.957333333333333,-0.0,13.360795394624242,18.31812872795757,15.393385485678632,-0.006009311374036417,0.0,0.006009311374036417,31.397942767565233,1586.8777581056243,1467.2585357533098,charge,14.440955148783328,2026-08-03
2026-08-03 13:40:00,VIC1,-1.15,-0.00115,-0.0,69.0,-0.0,5.75,-0.0,6.061032181989394,18.31812872795757,12.257096545968169,10.300081131065689,0.0,-0.0066125,-0.0066125,31.391330267565234,1586.8777581056243,1473.0085357533098,discharge,14.49754741939014,2026-08-03
2026-08-03 13:45:00,VIC1,-5.0,-0.005,62.705857816032186,0.0,5.225488151336015,0.0,4.957333333333333,0.0,12.257096545968169,17.214429879301505,14.465907461597904,-0.026127440756680078,-0.0,0.026127440756680078,31.417457708321916,1592.1032462569603,1473.0085357533098,charge,14.49754741939014,2026-08-03
2026-08-03 13:50:00,VIC1,-1.15,-0.00115,62.705857816032164,-0.0,5.225488151336013,-0.0,4.957333333333332,-0.0,17.214429879301505,22.171763212634843,18.63173379213012,-0.006009311374036415,0.0,0.006009311374036415,31.423467019695952,1597.3287344082964,1473.0085357533098,charge,14.49754741939014,2026-08-03
2026-08-03 13:55:00,VIC1,-1.15,-0.00115,62.70585781603207,-0.0,5.225488151336005,-0.0,4.957333333333324,-0.0,22.171763212634843,27.129096545968146,22.797560122662308,-0.006009311374036406,0.0,0.006009311374036406,31.42947633106999,1602.5542225596325,1473.0085357533098,charge,14.49754741939014,2026-08-03
2026-08-03 14:00:00,VIC1,-1.1,-0.0011,0.0,69.0,0.0,5.75,0.0,6.061032181989394,27.129096545968146,21.068064363978753,17.70425576804937,-0.0,-0.006325000000000001,-0.006325000000000001,31.423151331069988,1602.5542225596325,1478.7585357533098,discharge,14.55413968999695,2026-08-03
2026-08-03 14:05:00,VIC1,-1.1,-0.0011,0.0,69.0,0.0,5.75,0.0,6.061032181989394,21.068064363978753,15.007032181989354,12.610951413436434,-0.0,-0.006325000000000001,-0.006325000000000001,31.416826331069988,1602.5542225596325,1484.5085357533098,discharge,14.610731960603761,2026-08-03
2026-08-03 14:10:00,VIC1,-1.15,-0.00115,62.705857816032186,-0.0,5.225488151336015,-0.0,4.957333333333333,-0.0,15.007032181989354,19.964365515322704,16.77677774396866,-0.006009311374036417,0.0,0.006009311374036417,31.422835642444024,1607.7797107109686,1484.5085357533098,charge,14.610731960603761,2026-08-03
2026-08-03 14:15:00,VIC1,-1.15,-0.00115,62.70585781603214,-0.0,5.225488151336012,-0.0,4.95733333333333,-0.0,19.964365515322704,24.921698848656035,20.94260407450087,-0.006009311374036414,0.0,0.006009311374036414,31.42884495381806,1613.0051988623047,1484.5085357533098,charge,14.610731960603761,2026-08-03
2026-08-03 14:20:00,VIC1,-1.15,-0.00115,62.70585781603215,-0.0,5.2254881513360125,-0.0,4.957333333333331,-0.0,24.921698848656035,29.879032181989373,25.10843040503309,-0.0060093113740364145,0.0,0.0060093113740364145,31.434854265192097,1618.2306870136408,1484.5085357533098,charge,14.610731960603761,2026-08-03
2026-08-03 14:25:00,VIC1,-1.15,-0.00115,62.705857816032186,-0.0,5.225488151336015,-0.0,4.957333333333333,-0.0,29.879032181989373,34.83636551532271,29.274256735565302,-0.006009311374036417,0.0,0.006009311374036417,31.440863576566134,1623.456175164977,1484.5085357533098,charge,14.610731960603761,2026-08-03
2026-08-03 14:30:00,VIC1,-1.15,-0.00115,62.705857816032186,-0.0,5.225488151336015,-0.0,4.957333333333333,-0.0,34.83636551532271,39.79369884865605,33.44008306609752,-0.006009311374036417,0.0,0.006009311374036417,31.44687288794017,1628.681663316313,1484.5085357533098,charge,14.610731960603761,2026-08-03
2026-08-03 14:35:00,VIC1,-1.15,-0.00115,62.70585781603217,-0.0,5.225488151336014,-0.0,4.957333333333332,-0.0,39.79369884865605,44.75103218198939,37.60590939662974,-0.006009311374036416,0.0,0.006009311374036416,31.452882199314207,1633.907151467649,1484.5085357533098,charge,14.610731960603761,2026-08-03
2026-08-03 14:40:00,VIC1,-1.14975,-0.0011497500000000002,0.0,69.0,0.0,5.75,0.0,6.061032181989394,44.75103218198939,38.69,32.51260504201681,-0.0,-0.006611062500000001,-0.006611062500000001,31.446271136814207,1633.907151467649,1490.2585357533098,discharge,14.667324231210573,2026-08-03
2026-08-03 14:45:00,VIC1,-1.15,-0.00115,62.70585781603213,-0.0,5.225488151336011,-0.0,4.957333333333329,-0.0,38.69,43.64733333333332,36.67843137254901,-0.006009311374036412,0.0,0.006009311374036412,31.452280448188244,1639.1326396189852,1490.2585357533098,charge,14.667324231210573,2026-08-03
2026-08-03 14:50:00,VIC1,-5.0,-0.005,62.70585781603217,0.0,5.225488151336014,0.0,4.957333333333332,0.0,43.64733333333332,48.60466666666666,40.844257703081226,-0.02612744075668007,-0.0,0.02612744075668007,31.478407888944925,1644.3581277703213,1490.2585357533098,charge,14.667324231210573,2026-08-03
2026-08-03 14:55:00,VIC1,-6.25,-0.00625,62.705857816032186,0.0,5.225488151336015,0.0,4.957333333333333,0.0,48.60466666666666,53.56199999999999,45.01008403361344,-0.032659300945850095,-0.0,0.032659300945850095,31.511067189890774,1649.5836159216574,1490.2585357533098,charge,14.667324231210573,2026-08-03
2026-08-03 15:00:00,VIC1,-6.6,-0.0066,62.705857816032186,0.0,5.225488151336015,0.0,4.957333333333333,0.0,53.56199999999999,58.51933333333332,49.17591036414565,-0.0344882217988177,-0.0,0.0344882217988177,31.54555541168959,1654.8091040729935,1490.2585357533098,charge,14.667324231210573,2026-08-03
2026-08-03 15:05:00,VIC1,-6.25,-0.00625,62.705857816032186,0.0,5.225488151336015,0.0,4.957333333333333,0.0,58.51933333333332,63.47666666666665,53.341736694677856,-0.032659300945850095,-0.0,0.032659300945850095,31.57821471263544,1660.0345922243296,1490.2585357533098,charge,14.667324231210573,2026-08-03
2026-08-03 15:10:00,VIC1,-3.5,-0.0035,62.705857816032186,0.0,5.225488151336015,0.0,4.957333333333333,0.0,63.47666666666665,68.43399999999998,57.507563025210075,-0.018289208529676054,-0.0,0.018289208529676054,31.596503921165116,1665.2600803756657,1490.2585357533098,charge,14.667324231210573,2026-08-03
2026-08-03 15:15:00,VIC1,-5.0,-0.005,62.705857816032186,0.0,5.225488151336015,0.0,4.957333333333333,0.0,68.43399999999998,73.39133333333331,61.67338935574227,-0.026127440756680078,-0.0,0.026127440756680078,31.622631361921798,1670.4855685270018,1490.2585357533098,charge,14.667324231210573,2026-08-03
2026-08-03 15:20:00,VIC1,-5.0,-0.005,62.705857816032186,0.0,5.225488151336015,0.0,4.957333333333333,0.0,73.39133333333331,78.34866666666665,65.83921568627449,-0.026127440756680078,-0.0,0.026127440756680078,31.64875880267848,1675.7110566783379,1490.2585357533098,charge,14.667324231210573,2026-08-03
2026-08-03 15:25:00,VIC1,-1.15,-0.00115,62.70585781603217,-0.0,5.225488151336014,-0.0,4.957333333333332,-0.0,78.34866666666665,83.30599999999998,70.00504201680671,-0.006009311374036416,0.0,0.006009311374036416,31.654768114052516,1680.936544829674,1490.2585357533098,charge,14.667324231210573,2026-08-03
2026-08-03 15:30:00,VIC1,-6.25,-0.00625,62.705857816032186,0.0,5.225488151336015,0.0,4.957333333333333,0.0,83.30599999999998,88.26333333333332,74.17086834733892,-0.032659300945850095,-0.0,0.032659300945850095,31.687427414998364,1686.16203298101,1490.2585357533098,charge,14.667324231210573,2026-08-03
2026-08-03 15:35:00,VIC1,-4.9999,-0.004999900000000001,62.70585781603217,0.0,5.225488151336014,0.0,4.957333333333332,0.0,88.26333333333332,93.22066666666665,78.33669467787114,-0.026126918207864943,-0.0,0.026126918207864943,31.71355433320623,1691.3875211323461,1490.2585357533098,charge,14.667324231210573,2026-08-03
2026-08-03 15:40:00,VIC1,-5.0,-0.005,62.705857816032186,0.0,5.225488151336015,0.0,4.957333333333333,0.0,93.22066666666665,98.17799999999998,82.50252100840335,-0.026127440756680078,-0.0,0.026127440756680078,31.73968177396291,1696.6130092836822,1490.2585357533098,charge,14.667324231210573,2026-08-03
2026-08-03 15:45:00,VIC1,-5.0,-0.005,62.705857816032186,0.0,5.225488151336015,0.0,4.957333333333333,0.0,98.17799999999998,103.13533333333332,86.66834733893556,-0.026127440756680078,-0.0,0.026127440756680078,31.765809214719592,1701.8384974350183,1490.2585357533098,charge,14.667324231210573,2026-08-03
2026-08-03 15:50:00,VIC1,-1.15,-0.00115,62.705857816032186,-0.0,5.225488151336015,-0.0,4.957333333333333,-0.0,103.13533333333332,108.09266666666666,90.83417366946777,-0.006009311374036417,0.0,0.006009311374036417,31.77181852609363,1707.0639855863544,1490.2585357533098,charge,14.667324231210573,2026-08-03
2026-08-03 15:55:00,VIC1,-1.1,-0.0011,62.705857816032186,0.0,5.225488151336015,0.0,4.957333333333333,0.0,108.09266666666666,113.05,95.0,-0.005748036966469617,-0.0,0.005748036966469617,31.7775665630601,1712.2894737376905,1490.2585357533098,charge,14.667324231210573,2026-08-03
2026-08-03 16:00:00,VIC1,0.0,0.0,0.0,-0.0,0.0,-0.0,0.0,-0.0,113.05,113.05,95.0,0.0,-0.0,-0.0,31.7775665630601,1712.2894737376905,1490.2585357533098,idle,14.667324231210573,2026-08-03
2026-08-03 16:05:00,VIC1,65.77,0.06577,0.0,0.0,0.0,0.0,0.0,0.0,113.05,113.05,95.0,0.0,0.0,0.0,31.7775665630601,1712.2894737376905,1490.2585357533098,idle,14.667324231210573,2026-08-03
2026-08-03 16:10:00,VIC1,68.83241,0.06883241,0.0,69.0,0.0,5.75,0.0,6.061032181989394,113.05,106.9889678180106,89.90669564538706,0.0,0.39578635749999996,0.39578635749999996,32.1733529205601,1712.2894737376905,1496.0085357533098,discharge,14.723916501817385,2026-08-03
2026-08-03 16:15:00,VIC1,68.91366,0.06891365999999999,0.0,69.0,0.0,5.75,0.0,6.061032181989394,106.9889678180106,100.9279356360212,84.81339129077412,0.0,0.39625354499999993,0.39625354499999993,32.5696064655601,1712.2894737376905,1501.7585357533098,discharge,14.780508772424195,2026-08-03
2026-08-03 16:20:00,VIC1,59.74564,0.05974564,27.92161770126911,0.0,2.326801475105759,0.0,2.207397697312132,0.0,100.9279356360212,103.13533333333332,86.66834733893556,0.13901624328313764,0.0,-0.13901624328313764,32.43059022227696,1714.6162752127964,1501.7585357533098,charge,14.780508772424195,2026-08-03
2026-08-03 16:25:00,VIC1,10.65005,0.010650050000000001,62.705857816032186,0.0,5.225488151336015,0.0,4.957333333333333,0.0,103.13533333333332,108.09266666666666,90.83417366946777,0.05565171008613613,0.0,-0.05565171008613613,32.37493851219082,1719.8417633641325,1501.7585357533098,charge,14.780508772424195,2026-08-03
2026-08-03 16:30:00,VIC1,10.65006,0.01065006,62.705857816032186,0.0,5.225488151336015,0.0,4.957333333333333,0.0,108.09266666666666,113.05,95.0,0.05565176234101764,0.0,-0.05565176234101764,32.31928674984981,1725.0672515154686,1501.7585357533098,charge,14.780508772424195,2026-08-03
2026-08-03 16:35:00,VIC1,65.66401,0.06566401000000001,-0.0,0.0,-0.0,0.0,-0.0,0.0,113.05,113.05,95.0,-0.0,0.0,0.0,32.31928674984981,1725.0672515154686,1501.7585357533098,idle,14.780508772424195,2026-08-03
2026-08-03 16:40:00,VIC1,76.28192,0.07628192,0.0,0.0,0.0,0.0,0.0,0.0,113.05,113.05,95.0,0.0,0.0,0.0,32.31928674984981,1725.0672515154686,1501.7585357533098,idle,14.780508772424195,2026-08-03
2026-08-03 16:45:00,VIC1,80.5,0.0805,0.0,-0.0,0.0,-0.0,0.0,-0.0,113.05,113.05,95.0,0.0,-0.0,-0.0,32.31928674984981,1725.0672515154686,1501.7585357533098,idle,14.780508772424195,2026-08-03
2026-08-03 16:50:00,VIC1,80.5,0.0805,0.0,0.0,0.0,0.0,0.0,0.0,113.05,113.05,95.0,0.0,0.0,0.0,32.31928674984981,1725.0672515154686,1501.7585357533098,idle,14.780508772424195,2026-08-03
2026-08-03 16:55:00,VIC1,88.00096,0.08800096,0.0,0.0,0.0,0.0,0.0,0.0,113.05,113.05,95.0,0.0,0.0,0.0,32.31928674984981,1725.0672515154686,1501.7585357533098,idle,14.780508772424195,2026-08-03
2026-08-03 17:00:00,VIC1,94.59431,0.09459431,0.0,56.43527203442902,0.0,4.702939336202418,0.0,4.957333333333338,113.05,108.09266666666666,90.83417366946777,0.0,0.4448713014799257,0.4448713014799257,32.76415805132974,1725.0672515154686,1506.4614750895123,discharge,14.82679573165233,2026-08-03
2026-08-03 17:05:00,VIC1,82.75579,0.08275579000000001,62.705857816032186,0.0,5.225488151336015,0.0,4.957333333333333,0.0,108.09266666666666,113.05,95.0,0.43243940009945153,0.0,-0.43243940009945153,32.33171865123028,1730.2927396668047,1506.4614750895123,charge,14.82679573165233,2026-08-03
2026-08-03 17:10:00,VIC1,87.10114,0.08710114000000001,0.0,0.0,0.0,0.0,0.0,0.0,113.05,113.05,95.0,0.0,0.0,0.0,32.33171865123028,1730.2927396668047,1506.4614750895123,idle,14.82679573165233,2026-08-03
2026-08-03 17:15:00,VIC1,98.87163,0.09887163,0.0,69.0,0.0,5.75,0.0,6.061032181989394,113.05,106.98896781801061,89.90669564538707,0.0,0.5685118725,0.5685118725,32.90023052373028,1730.2927396668047,1512.2114750895123,discharge,14.883388002259142,2026-08-03
2026-08-03 17:20:00,VIC1,105.88,0.10588,0.0,69.0,0.0,5.75,0.0,6.061032181989394,106.98896781801061,100.92793563602122,84.81339129077413,0.0,0.60881,0.60881,33.50904052373028,1730.2927396668047,1517.9614750895123,discharge,14.939980272865954,2026-08-03
2026-08-03 17:25:00,VIC1,94.87,0.09487000000000001,0.0,69.0,0.0,5.75,0.0,6.061032181989394,100.92793563602122,94.86690345403183,79.72008693616121,0.0,0.5455025,0.5455025,34.054543023730275,1730.2927396668047,1523.7114750895123,discharge,14.996572543472766,2026-08-03
2026-08-03 17:30:00,VIC1,101.14609,0.10114609000000001,0.0,69.0,0.0,5.75,0.0,6.061032181989394,94.86690345403183,88.80587127204244,74.62678258154827,0.0,0.5815900175000001,0.5815900175000001,34.63613304123027,1730.2927396668047,1529.4614750895123,discharge,15.053164814079576,2026-08-03
2026-08-03 17:35:00,VIC1,93.2043,0.0932043,0.0,0.0,0.0,0.0,0.0,0.0,88.80587127204244,88.80587127204244,74.62678258154827,0.0,0.0,0.0,34.63613304123027,1730.2927396668047,1529.4614750895123,idle,15.053164814079576,2026-08-03
2026-08-03 17:40:00,VIC1,90.38357,0.09038357000000001,0.0,0.0,0.0,0.0,0.0,0.0,88.80587127204244,88.80587127204244,74.62678258154827,0.0,0.0,0.0,34.63613304123027,1730.2927396668047,1529.4614750895123,idle,15.053164814079576,2026-08-03
2026-08-03 17:45:00,VIC1,100.11541,0.10011541,0.0,69.0,0.0,5.75,0.0,6.061032181989394,88.80587127204244,82.74483909005305,69.53347822693533,0.0,0.5756636075,0.5756636075,35.21179664873027,1730.2927396668047,1535.2114750895123,discharge,15.109757084686388,2026-08-03
2026-08-03 17:50:00,VIC1,98.66929,0.09866929,0.0,69.0,0.0,5.75,0.0,6.061032181989394,82.74483909005305,76.68380690806366,64.4401738723224,0.0,0.5673484175000001,0.5673484175000001,35.77914506623027,1730.2927396668047,1540.9614750895123,discharge,15.1663493552932,2026-08-03
2026-08-03 17:55:00,VIC1,90.02743,0.09002742999999999,0.0,0.0,0.0,0.0,0.0,0.0,76.68380690806366,76.68380690806366,64.4401738723224,0.0,0.0,0.0,35.77914506623027,1730.2927396668047,1540.9614750895123,idle,15.1663493552932,2026-08-03
2026-08-03 18:00:00,VIC1,98.23986,0.09823986,0.0,69.0,0.0,5.75,0.0,6.061032181989394,76.68380690806366,70.62277472607427,59.346869517709465,0.0,0.564879195,0.564879195,36.344024261230274,1730.2927396668047,1546.7114750895123,discharge,15.222941625900011,2026-08-03
2026-08-03 18:05:00,VIC1,102.94763,0.10294763000000001,0.0,69.0,0.0,5.75,0.0,6.061032181989394,70.62277472607427,64.56174254408488,54.25356516309654,0.0,0.5919488725000001,0.5919488725000001,36.93597313373027,1730.2927396668047,1552.4614750895123,discharge,15.279533896506823,2026-08-03
2026-08-03 18:10:00,VIC1,98.05264,0.09805264,0.0,69.0,0.0,5.75,0.0,6.061032181989394,64.56174254408488,58.50071036209548,49.1602608084836,0.0,0.56380268,0.56380268,37.499775813730274,1730.2927396668047,1558.2114750895123,discharge,15.336126167113633,2026-08-03
2026-08-03 18:15:00,VIC1,90.56,0.09056,0.0,0.0,0.0,0.0,0.0,0.0,58.50071036209548,58.50071036209548,49.1602608084836,0.0,0.0,0.0,37.499775813730274,1730.2927396668047,1558.2114750895123,idle,15.336126167113633,2026-08-03
2026-08-03 18:20:00,VIC1,89.0,0.089,0.0,0.0,0.0,0.0,0.0,0.0,58.50071036209548,58.50071036209548,49.1602608084836,0.0,0.0,0.0,37.499775813730274,1730.2927396668047,1558.2114750895123,idle,15.336126167113633,2026-08-03
2026-08-03 18:25:00,VIC1,108.43852,0.10843852,0.0,69.0,0.0,5.75,0.0,6.061032181989394,58.50071036209548,52.439678180106085,44.06695645387066,0.0,0.62352149,0.62352149,38.123297303730276,1730.2927396668047,1563.9614750895123,discharge,15.392718437720445,2026-08-03
2026-08-03 18:30:00,VIC1,98.05037,0.09805037,0.0,69.0,0.0,5.75,0.0,6.061032181989394,52.439678180106085,46.37864599811669,38.97365209925772,0.0,0.5637896275,0.5637896275,38.687086931230276,1730.2927396668047,1569.7114750895123,discharge,15.449310708327257,2026-08-03
2026-08-03 18:35:00,VIC1,90.37,0.09037,0.0,0.0,0.0,0.0,0.0,0.0,46.37864599811669,46.37864599811669,38.97365209925772,0.0,0.0,0.0,38.687086931230276,1730.2927396668047,1569.7114750895123,idle,15.449310708327257,2026-08-03
2026-08-03 18:40:00,VIC1,94.53755,0.09453755,0.0,0.0,0.0,0.0,0.0,0.0,46.37864599811669,46.37864599811669,38.97365209925772,0.0,0.0,0.0,38.687086931230276,1730.2927396668047,1569.7114750895123,idle,15.449310708327257,2026-08-03
2026-08-03 18:45:00,VIC1,101.06889,0.10106889,0.0,69.0,0.0,5.75,0.0,6.061032181989394,46.37864599811669,40.31761381612729,33.88034774464479,0.0,0.5811461175,0.5811461175,39.26823304873027,1730.2927396668047,1575.4614750895123,discharge,15.505902978934069,2026-08-03
2026-08-03 18:50:00,VIC1,96.65204,0.09665204,0.0,69.0,0.0,5.75,0.0,6.061032181989394,40.31761381612729,34.256581634137895,28.787043390031847,0.0,0.55574923,0.55574923,39.82398227873027,1730.2927396668047,1581.2114750895123,discharge,15.562495249540879,2026-08-03
2026-08-03 18:55:00,VIC1,90.00725,0.09000725,0.0,0.0,0.0,0.0,0.0,0.0,34.256581634137895,34.256581634137895,28.787043390031847,0.0,0.0,0.0,39.82398227873027,1730.2927396668047,1581.2114750895123,idle,15.562495249540879,2026-08-03
2026-08-03 19:00:00,VIC1,95.60537,0.09560537,0.0,69.0,0.0,5.75,0.0,6.061032181989394,34.256581634137895,28.1955494521485,23.693739035418908,0.0,0.5497308774999999,0.5497308774999999,40.37371315623027,1730.2927396668047,1586.9614750895123,discharge,15.61908752014769,2026-08-03
2026-08-03 19:05:00,VIC1,102.85056,0.10285056000000001,0.0,69.0,0.0,5.75,0.0,6.061032181989394,28.1955494521485,22.134517270159108,18.600434680805975,0.0,0.59139072,0.59139072,40.965103876230266,1730.2927396668047,1592.7114750895123,discharge,15.675679790754502,2026-08-03
2026-08-03 19:10:00,VIC1,98.13072,0.09813072,0.0,69.0,0.0,5.75,0.0,6.061032181989394,22.134517270159108,16.073485088169715,13.507130326193037,0.0,0.56425164,0.56425164,41.52935551623027,1730.2927396668047,1598.4614750895123,discharge,15.732272061361314,2026-08-03
2026-08-03 19:15:00,VIC1,85.33702,0.08533702,53.20186808513512,0.0,4.433489007094593,0.0,4.205976973121197,0.0,16.073485088169715,20.27946206129091,17.04156475738732,0.37834074006821145,0.0,-0.37834074006821145,41.15101477616206,1734.7262286738992,1598.4614750895123,charge,15.732272061361314,2026-08-03
2026-08-03 19:20:00,VIC1,85.51984,0.08551984,0.0,0.0,0.0,0.0,0.0,0.0,20.27946206129091,20.27946206129091,17.04156475738732,0.0,0.0,0.0,41.15101477616206,1734.7262286738992,1598.4614750895123,idle,15.732272061361314,2026-08-03
2026-08-03 19:25:00,VIC1,96.4778,0.0964778,0.0,69.0,0.0,5.75,0.0,6.061032181989394,20.27946206129091,14.218429879301517,11.948260402774384,0.0,0.55474735,0.55474735,41.70576212616206,1734.7262286738992,1604.2114750895123,discharge,15.788864331968126,2026-08-03
2026-08-03 19:30:00,VIC1,93.51345,0.09351345000000001,0.0,0.0,0.0,0.0,0.0,0.0,14.218429879301517,14.218429879301517,11.948260402774384,0.0,0.0,0.0,41.70576212616206,1734.7262286738992,1604.2114750895123,idle,15.788864331968126,2026-08-03
2026-08-03 19:35:00,VIC1,92.12399,0.09212399,0.0,0.0,0.0,0.0,0.0,0.0,14.218429879301517,14.218429879301517,11.948260402774384,0.0,0.0,0.0,41.70576212616206,1734.7262286738992,1604.2114750895123,idle,15.788864331968126,2026-08-03
2026-08-03 19:40:00,VIC1,91.86797,0.09186797000000001,0.0,0.0,0.0,0.0,0.0,0.0,14.218429879301517,14.218429879301517,11.948260402774384,0.0,0.0,0.0,41.70576212616206,1734.7262286738992,1604.2114750895123,idle,15.788864331968126,2026-08-03
2026-08-03 19:45:00,VIC1,93.36219,0.09336219,0.0,0.0,0.0,0.0,0.0,0.0,14.218429879301517,14.218429879301517,11.948260402774384,0.0,0.0,0.0,41.70576212616206,1734.7262286738992,1604.2114750895123,idle,15.788864331968126,2026-08-03
2026-08-03 19:50:00,VIC1,97.39191,0.09739191,0.0,69.0,0.0,5.75,0.0,6.061032181989394,14.218429879301517,8.157397697312124,6.8549560481614495,0.0,0.5600034825,0.5600034825,42.26576560866206,1734.7262286738992,1609.9614750895123,discharge,15.845456602574936,2026-08-03
2026-08-03 19:55:00,VIC1,91.81357,0.09181357,0.0,0.0,0.0,0.0,0.0,0.0,8.157397697312124,8.157397697312124,6.8549560481614495,0.0,0.0,0.0,42.26576560866206,1734.7262286738992,1609.9614750895123,idle,15.845456602574936,2026-08-03
2026-08-03 20:00:00,VIC1,88.38821,0.08838821000000001,0.0,0.0,0.0,0.0,0.0,0.0,8.157397697312124,8.157397697312124,6.8549560481614495,0.0,0.0,0.0,42.26576560866206,1734.7262286738992,1609.9614750895123,idle,15.845456602574936,2026-08-03
2026-08-03 20:05:00,VIC1,84.61137,0.08461136999999999,62.705857816032186,0.0,5.225488151336015,0.0,4.957333333333333,0.0,8.157397697312124,13.114731030645457,11.02078237869366,0.44213571140330754,0.0,-0.44213571140330754,41.82362989725875,1739.9517168252353,1609.9614750895123,charge,15.845456602574936,2026-08-03
2026-08-03 20:10:00,VIC1,88.30859,0.08830858999999999,0.0,0.0,0.0,0.0,0.0,0.0,13.114731030645457,13.114731030645457,11.02078237869366,0.0,0.0,0.0,41.82362989725875,1739.9517168252353,1609.9614750895123,idle,15.845456602574936,2026-08-03
2026-08-03 20:15:00,VIC1,90.15507,0.09015506999999999,0.0,0.0,0.0,0.0,0.0,0.0,13.114731030645457,13.114731030645457,11.02078237869366,0.0,0.0,0.0,41.82362989725875,1739.9517168252353,1609.9614750895123,idle,15.845456602574936,2026-08-03
2026-08-03 20:20:00,VIC1,83.90697,0.08390697,62.705857816032186,0.0,5.225488151336015,0.0,4.957333333333333,0.0,13.114731030645457,18.07206436397879,15.186608709225874,0.43845487754950646,0.0,-0.43845487754950646,41.385175019709244,1745.1772049765714,1609.9614750895123,charge,15.845456602574936,2026-08-03
2026-08-03 20:25:00,VIC1,87.90895,0.08790895,0.0,0.0,0.0,0.0,0.0,0.0,18.07206436397879,18.07206436397879,15.186608709225874,0.0,0.0,0.0,41.385175019709244,1745.1772049765714,1609.9614750895123,idle,15.845456602574936,2026-08-03
2026-08-03 20:30:00,VIC1,95.81778,0.09581778,0.0,69.0,0.0,5.75,0.0,6.061032181989394,18.07206436397879,12.011032181989394,10.093304354612936,0.0,0.550952235,0.550952235,41.93612725470924,1745.1772049765714,1615.7114750895123,discharge,15.902048873181748,2026-08-03
2026-08-03 20:35:00,VIC1,90.12832,0.09012832,0.0,0.0,0.0,0.0,0.0,0.0,12.011032181989394,12.011032181989394,10.093304354612936,0.0,0.0,0.0,41.93612725470924,1745.1772049765714,1615.7114750895123,idle,15.902048873181748,2026-08-03
2026-08-03 20:40:00,VIC1,88.02974,0.08802974000000001,0.0,0.0,0.0,0.0,0.0,0.0,12.011032181989394,12.011032181989394,10.093304354612936,0.0,0.0,0.0,41.93612725470924,1745.1772049765714,1615.7114750895123,idle,15.902048873181748,2026-08-03
2026-08-03 20:45:00,VIC1,95.03337,0.09503337,0.0,69.0,0.0,5.75,0.0,6.061032181989394,12.011032181989394,5.95,5.0,0.0,0.5464418775000001,0.5464418775000001,42.48256913220924,1745.1772049765714,1621.4614750895123,discharge,15.95864114378856,2026-08-03
2026-08-03 20:50:00,VIC1,87.42101,0.08742101,0.0,0.0,0.0,0.0,0.0,0.0,5.95,5.95,5.0,0.0,0.0,0.0,42.48256913220924,1745.1772049765714,1621.4614750895123,idle,15.95864114378856,2026-08-03
2026-08-03 20:55:00,VIC1,83.48,0.08348000000000001,13.9608088506345,0.0,1.163400737552875,0.0,1.1036988486560617,0.0,5.95,7.053698848656062,5.927478024080724,0.09712069357091402,0.0,-0.09712069357091402,42.38544843863833,1746.3406057141242,1621.4614750895123,charge,15.95864114378856,2026-08-03
2026-08-03 21:00:00,VIC1,82.97,0.08297,62.705857816032186,0.0,5.225488151336015,0.0,4.957333333333333,0.0,7.053698848656062,12.011032181989394,10.093304354612936,0.4335587519163492,0.0,-0.4335587519163492,41.95188968672198,1751.5660938654603,1621.4614750895123,charge,15.95864114378856,2026-08-03
2026-08-03 21:05:00,VIC1,95.79541,0.09579541000000001,0.0,69.0,0.0,5.75,0.0,6.061032181989394,12.011032181989394,5.95,5.0,0.0,0.5508236075,0.5508236075,42.50271329422198,1751.5660938654603,1627.2114750895123,discharge,16.01523341439537,2026-08-03
2026-08-03 21:10:00,VIC1,90.83346,0.09083346,0.0,0.0,0.0,0.0,0.0,0.0,5.95,5.95,5.0,0.0,0.0,0.0,42.50271329422198,1751.5660938654603,1627.2114750895123,idle,16.01523341439537,2026-08-03
2026-08-03 21:15:00,VIC1,88.12798,0.08812798,0.0,0.0,0.0,0.0,0.0,0.0,5.95,5.95,5.0,0.0,0.0,0.0,42.50271329422198,1751.5660938654603,1627.2114750895123,idle,16.01523341439537,2026-08-03
2026-08-03 21:20:00,VIC1,82.79582,0.08279582,-0.0,0.0,-0.0,0.0,-0.0,0.0,5.95,5.95,5.0,-0.0,0.0,0.0,42.50271329422198,1751.5660938654603,1627.2114750895123,idle,16.01523341439537,2026-08-03
2026-08-03 21:25:00,VIC1,80.5,0.0805,0.0,0.0,0.0,0.0,0.0,0.0,5.95,5.95,5.0,0.0,0.0,0.0,42.50271329422198,1751.5660938654603,1627.2114750895123,idle,16.01523341439537,2026-08-03
2026-08-03 21:30:00,VIC1,64.6449,0.0646449,62.705857816032186,0.0,5.225488151336015,0.0,4.957333333333333,0.0,5.95,10.907333333333334,9.165826330532214,0.3378011589943016,0.0,-0.3378011589943016,42.164912135227674,1756.7915820167964,1627.2114750895123,charge,16.01523341439537,2026-08-03
2026-08-03 21:35:00,VIC1,83.48,0.08348000000000001,0.0,56.43527203442897,0.0,4.702939336202414,0.0,4.957333333333334,10.907333333333334,5.95,5.0,0.0,0.3926013757861776,0.3926013757861776,42.55751351101385,1756.7915820167964,1631.9144144257148,discharge,16.061520373623505,2026-08-03
2026-08-03 21:40:00,VIC1,54.48,0.05448,0.0,0.0,0.0,0.0,0.0,0.0,5.95,5.95,5.0,0.0,0.0,0.0,42.55751351101385,1756.7915820167964,1631.9144144257148,idle,16.061520373623505,2026-08-03
2026-08-03 21:45:00,VIC1,50.78309,0.05078309,13.9608088506345,0.0,1.163400737552875,0.0,1.1036988486560617,0.0,5.95,7.053698848656062,5.927478024080724,0.05908108436121404,0.0,-0.05908108436121404,42.498432426652634,1757.9549827543492,1631.9144144257148,charge,16.061520373623505,2026-08-03
2026-08-03 21:50:00,VIC1,45.24,0.04524,62.705857816032186,0.0,5.225488151336015,0.0,4.957333333333333,0.0,7.053698848656062,12.011032181989394,10.093304354612936,0.23640108396644133,0.0,-0.23640108396644133,42.26203134268619,1763.1804709056853,1631.9144144257148,charge,16.061520373623505,2026-08-03
2026-08-03 21:55:00,VIC1,75.4,0.07540000000000001,0.0,69.0,0.0,5.75,0.0,6.061032181989394,12.011032181989394,5.95,5.0,0.0,0.43355000000000005,0.43355000000000005,42.69558134268619,1763.1804709056853,1637.6644144257148,discharge,16.11811264423032,2026-08-03
2026-08-03 22:00:00,VIC1,15.57,0.01557,62.705857816032186,0.0,5.225488151336015,0.0,4.957333333333333,0.0,5.95,10.907333333333332,9.165826330532212,0.08136085051630176,0.0,-0.08136085051630176,42.614220492169885,1768.4059590570214,1637.6644144257148,charge,16.11811264423032,2026-08-03
2026-08-03 22:05:00,VIC1,15.08,0.01508,62.705857816032186,0.0,5.225488151336015,0.0,4.957333333333333,0.0,10.907333333333332,15.864666666666665,13.331652661064425,0.07880036132214711,0.0,-0.07880036132214711,42.53542013084774,1773.6314472083575,1637.6644144257148,charge,16.11811264423032,2026-08-03
2026-08-03 22:10:00,VIC1,45.24,0.04524,0.0,62.611632206573745,0.0,5.2176360172144784,0.0,5.499871272042421,15.864666666666665,10.364795394624243,8.709912096322894,0.0,0.236045853418783,0.236045853418783,42.77146598426652,1773.6314472083575,1642.8820504429293,discharge,16.16946531717189,2026-08-03
2026-08-03 22:15:00,VIC1,15.08,0.01508,62.705857816032186,0.0,5.225488151336015,0.0,4.957333333333333,0.0,10.364795394624243,15.322128727957576,12.875738426855108,0.07880036132214711,0.0,-0.07880036132214711,42.692665622944375,1778.8569353596936,1642.8820504429293,charge,16.16946531717189,2026-08-03
2026-08-03 22:20:00,VIC1,45.24,0.04524,0.0,0.0,0.0,0.0,0.0,0.0,15.322128727957576,15.322128727957576,12.875738426855108,0.0,0.0,0.0,42.692665622944375,1778.8569353596936,1642.8820504429293,idle,16.16946531717189,2026-08-03
2026-08-03 22:25:00,VIC1,15.08,0.01508,62.705857816032186,0.0,5.225488151336015,0.0,4.957333333333333,0.0,15.322128727957576,20.279462061290907,17.041564757387317,0.07880036132214711,0.0,-0.07880036132214711,42.61386526162223,1784.0824235110297,1642.8820504429293,charge,16.16946531717189,2026-08-03
2026-08-03 22:30:00,VIC1,15.08,0.01508,62.705857816032186,0.0,5.225488151336015,0.0,4.957333333333333,0.0,20.279462061290907,25.23679539462424,21.20739108791953,0.07880036132214711,0.0,-0.07880036132214711,42.535064900300085,1789.3079116623658,1642.8820504429293,charge,16.16946531717189,2026-08-03
2026-08-03 22:35:00,VIC1,45.24,0.04524,0.0,69.0,0.0,5.75,0.0,6.061032181989394,25.23679539462424,19.17576321263485,16.114086733306596,0.0,0.26013000000000003,0.26013000000000003,42.79519490030008,1789.3079116623658,1648.6320504429293,discharge,16.2260575877787,2026-08-03
2026-08-03 22:40:00,VIC1,10.5,0.0105,62.705857816032186,0.0,5.225488151336015,0.0,4.957333333333333,0.0,19.17576321263485,24.133096545968183,20.27991306383881,0.05486762558902816,0.0,-0.05486762558902816,42.740327274711056,1794.5333998137019,1648.6320504429293,charge,16.2260575877787,2026-08-03
2026-08-03 22:45:00,VIC1,45.24,0.04524,0.0,69.0,0.0,5.75,0.0,6.061032181989394,24.133096545968183,18.07206436397879,15.186608709225874,0.0,0.26013000000000003,0.26013000000000003,43.00045727471105,1794.5333998137019,1654.3820504429293,discharge,16.28264985838551,2026-08-03
2026-08-03 22:50:00,VIC1,75.4,0.07540000000000001,0.0,69.0,0.0,5.75,0.0,6.061032181989394,18.07206436397879,12.011032181989394,10.093304354612936,0.0,0.43355000000000005,0.43355000000000005,43.43400727471105,1794.5333998137019,1660.1320504429293,discharge,16.339242128992325,2026-08-03
2026-08-03 22:55:00,VIC1,53.39788,0.05339788,0.0,69.0,0.0,5.75,0.0,6.061032181989394,12.011032181989394,5.95,5.0,0.0,0.30703781,0.30703781,43.74104508471105,1794.5333998137019,1665.8820504429293,discharge,16.395834399599135,2026-08-03
2026-08-03 23:00:00,VIC1,20.68,0.02068,62.705857816032186,0.0,5.225488151336015,0.0,4.957333333333333,0.0,5.95,10.907333333333334,9.165826330532214,0.10806309496962879,0.0,-0.10806309496962879,43.63298198974142,1799.758887965038,1665.8820504429293,charge,16.395834399599135,2026-08-03
2026-08-03 23:05:00,VIC1,19.17996,0.019179960000000003,62.705857816032186,0.0,5.225488151336015,0.0,4.957333333333333,0.0,10.907333333333334,15.864666666666665,13.331652661064425,0.10022465372309873,0.0,-0.10022465372309873,43.53275733601832,1804.984376116374,1665.8820504429293,charge,16.395834399599135,2026-08-03
2026-08-03 23:10:00,VIC1,45.24,0.04524,0.0,43.8705440688579,0.0,3.655878672404825,0.0,3.8536344846772708,15.864666666666665,12.011032181989394,10.093304354612936,0.0,0.1653919511395943,0.1653919511395943,43.69814928715792,1804.984376116374,1669.5379291153342,discharge,16.431816047448596,2026-08-03
2026-08-03 23:15:00,VIC1,63.44122,0.06344122,0.0,69.0,0.0,5.75,0.0,6.061032181989394,12.011032181989394,5.95,5.0,0.0,0.36478701500000005,0.36478701500000005,44.062936302157915,1804.984376116374,1675.2879291153342,discharge,16.48840831805541,2026-08-03
2026-08-03 23:20:00,VIC1,22.67,0.022670000000000003,62.705857816032186,0.0,5.225488151336015,0.0,4.957333333333333,0.0,5.95,10.907333333333332,9.165826330532212,0.11846181639078748,0.0,-0.11846181639078748,43.94447448576713,1810.2098642677101,1675.2879291153342,charge,16.48840831805541,2026-08-03
2026-08-03 23:25:00,VIC1,35.94,0.03594,62.705857816032186,0.0,5.225488151336015,0.0,4.957333333333333,0.0,10.907333333333332,15.864666666666665,13.331652661064425,0.1878040441590164,0.0,-0.1878040441590164,43.756670441608115,1815.4353524190462,1675.2879291153342,charge,16.48840831805541,2026-08-03
2026-08-03 23:30:00,VIC1,45.24,0.04524,0.0,69.0,0.0,5.75,0.0,6.061032181989394,15.864666666666665,9.803634484677271,8.238348306451488,0.0,0.26013000000000003,0.26013000000000003,44.01680044160811,1815.4353524190462,1681.0379291153342,discharge,16.54500058866222,2026-08-03
2026-08-03 23:35:00,VIC1,-1.0997,-0.0010997,62.705857816032186,0.0,5.225488151336015,0.0,4.957333333333333,0.0,9.803634484677271,14.760967818010604,12.4041746369837,-0.005746469320024215,-0.0,0.005746469320024215,44.022546910928135,1820.6608405703823,1681.0379291153342,charge,16.54500058866222,2026-08-03
2026-08-03 23:40:00,VIC1,19.18,0.01918,62.70585781603217,0.0,5.225488151336014,0.0,4.957333333333332,0.0,14.760967818010604,19.718301151343937,16.570000967515913,0.10022486274262475,0.0,-0.10022486274262475,43.922322048185514,1825.8863287217184,1681.0379291153342,charge,16.54500058866222,2026-08-03
2026-08-03 23:45:00,VIC1,17.77997,0.01777997,62.705857816032186,0.0,5.225488151336015,0.0,4.957333333333333,0.0,19.718301151343937,24.675634484677268,20.73582729804812,0.0929090225661098,0.0,-0.0929090225661098,43.8294130256194,1831.1118168730545,1681.0379291153342,charge,16.54500058866222,2026-08-03
2026-08-03 23:50:00,VIC1,19.18,0.01918,62.705857816032186,0.0,5.225488151336015,0.0,4.957333333333333,0.0,24.675634484677268,29.632967818010602,24.901653628580338,0.10022486274262477,0.0,-0.10022486274262477,43.72918816287678,1836.3373050243906,1681.0379291153342,charge,16.54500058866222,2026-08-03
2026-08-03 23:55:00,VIC1,35.94,0.03594,62.70585781603217,0.0,5.225488151336014,0.0,4.957333333333332,0.0,29.632967818010602,34.59030115134394,29.067479959112553,0.18780404415901636,0.0,-0.18780404415901636,43.541384118717765,1841.5627931757267,1681.0379291153342,charge,16.54500058866222,2026-08-03
2026-08-04 00:00:00,VIC1,20.68,0.02068,62.705857816032186,0.0,5.225488151336015,0.0,4.957333333333333,0.0,34.59030115134394,39.547634484677275,33.23330628964477,0.10806309496962879,0.0,-0.10806309496962879,43.433321023748135,1846.7882813270628,1681.0379291153342,charge,16.54500058866222,2026-08-03
2026-08-04 00:05:00,VIC1,8.93994,0.00893994,62.705857816032186,0.0,5.225488151336015,0.0,4.957333333333333,0.0,39.547634484677275,44.504967818010606,37.39913262017698,0.0467155505436549,0.0,-0.0467155505436549,43.38660547320448,1852.013769478399,1681.0379291153342,charge,16.54500058866222,2026-08-04
2026-08-04 00:10:00,VIC1,35.94,0.03594,62.705857816032186,0.0,5.225488151336015,0.0,4.957333333333333,0.0,44.504967818010606,49.46230115134394,41.56495895070919,0.1878040441590164,0.0,-0.1878040441590164,43.19880142904547,1857.239257629735,1681.0379291153342,charge,16.54500058866222,2026-08-04
2026-08-04 00:15:00,VIC1,15.08,0.01508,62.705857816032186,0.0,5.225488151336015,0.0,4.957333333333333,0.0,49.46230115134394,54.41963448467727,45.7307852812414,0.07880036132214711,0.0,-0.07880036132214711,43.12000106772332,1862.464745781071,1681.0379291153342,charge,16.54500058866222,2026-08-04
2026-08-04 00:20:00,VIC1,35.94,0.03594,62.705857816032186,0.0,5.225488151336015,0.0,4.957333333333333,0.0,54.41963448467727,59.3769678180106,49.89661161177361,0.1878040441590164,0.0,-0.1878040441590164,42.93219702356431,1867.6902339324072,1681.0379291153342,charge,16.54500058866222,2026-08-04
2026-08-04 00:25:00,VIC1,8.93994,0.00893994,62.705857816032186,0.0,5.225488151336015,0.0,4.957333333333333,0.0,59.3769678180106,64.33430115134394,54.06243794230583,0.0467155505436549,0.0,-0.0467155505436549,42.885481473020654,1872.9157220837433,1681.0379291153342,charge,16.54500058866222,2026-08-04
2026-08-04 00:30:00,VIC1,19.17996,0.019179960000000003,62.705857816032186,0.0,5.225488151336015,0.0,4.957333333333333,0.0,64.33430115134394,69.29163448467727,58.22826427283805,0.10022465372309873,0.0,-0.10022465372309873,42.78525681929756,1878.1412102350794,1681.0379291153342,charge,16.54500058866222,2026-08-04
2026-08-04 00:35:00,VIC1,20.68,0.02068,62.705857816032186,0.0,5.225488151336015,0.0,4.957333333333333,0.0,69.29163448467727,74.2489678180106,62.39409060337026,0.10806309496962879,0.0,-0.10806309496962879,42.67719372432793,1883.3666983864155,1681.0379291153342,charge,16.54500058866222,2026-08-04
2026-08-04 00:40:00,VIC1,19.18,0.01918,62.705857816032186,0.0,5.225488151336015,0.0,4.957333333333333,0.0,74.2489678180106,79.20630115134394,66.55991693390246,0.10022486274262477,0.0,-0.10022486274262477,42.5769688615853,1888.5921865377516,1681.0379291153342,charge,16.54500058866222,2026-08-04
2026-08-04 00:45:00,VIC1,45.8124,0.045812399999999996,0.0,69.0,0.0,5.75,0.0,6.061032181989394,79.20630115134394,73.14526896935455,61.46661257928954,0.0,0.26342129999999997,0.26342129999999997,42.8403901615853,1888.5921865377516,1686.7879291153342,discharge,16.60159285926903,2026-08-04
2026-08-04 00:50:00,VIC1,15.08,0.01508,62.705857816032186,0.0,5.225488151336015,0.0,4.957333333333333,0.0,73.14526896935455,78.10260230268787,65.63243890982174,0.07880036132214711,0.0,-0.07880036132214711,42.76158980026315,1893.8176746890877,1686.7879291153342,charge,16.60159285926903,2026-08-04
2026-08-04 00:55:00,VIC1,15.08,0.01508,62.705857816032186,0.0,5.225488151336015,0.0,4.957333333333333,0.0,78.10260230268787,83.05993563602121,69.79826524035396,0.07880036132214711,0.0,-0.07880036132214711,42.68278943894101,1899.0431628404237,1686.7879291153342,charge,16.60159285926903,2026-08-04
2026-08-04 01:00:00,VIC1,45.24,0.04524,0.0,69.0,0.0,5.75,0.0,6.061032181989394,83.05993563602121,76.99890345403182,64.70496088574103,0.0,0.26013000000000003,0.26013000000000003,42.942919438941004,1899.0431628404237,1692.5379291153342,discharge,16.658185129875843,2026-08-04
2026-08-04 01:05:00,VIC1,23.10267,0.02310267,62.705857816032186,0.0,5.225488151336015,0.0,4.957333333333333,0.0,76.99890345403182,81.95623678736516,68.87078721627324,0.12072272834922601,0.0,-0.12072272834922601,42.822196710591776,1904.2686509917598,1692.5379291153342,charge,16.658185129875843,2026-08-04
2026-08-04 01:10:00,VIC1,20.63,0.02063,62.705857816032186,0.0,5.225488151336015,0.0,4.957333333333333,0.0,81.95623678736516,86.91357012069848,73.03661354680546,0.10780182056206199,0.0,-0.10780182056206199,42.714394890029716,1909.494139143096,1692.5379291153342,charge,16.658185129875843,2026-08-04
2026-08-04 01:15:00,VIC1,45.24,0.04524,0.0,69.0,0.0,5.75,0.0,6.061032181989394,86.91357012069848,80.85253793870909,67.94330919219252,0.0,0.26013000000000003,0.26013000000000003,42.97452489002971,1909.494139143096,1698.2879291153342,discharge,16.714777400482653,2026-08-04
2026-08-04 01:20:00,VIC1,35.94,0.03594,62.705857816032186,0.0,5.225488151336015,0.0,4.957333333333333,0.0,80.85253793870909,85.80987127204241,72.10913552272473,0.1878040441590164,0.0,-0.1878040441590164,42.7867208458707,1914.719627294432,1698.2879291153342,charge,16.714777400482653,2026-08-04
2026-08-04 01:25:00,VIC1,18.45997,0.01845997,62.705857816032186,0.0,5.225488151336015,0.0,4.957333333333333,0.0,85.80987127204241,90.76720460537575,76.27496185325694,0.0964623545090183,0.0,-0.0964623545090183,42.69025849136168,1919.9451154457681,1698.2879291153342,charge,16.714777400482653,2026-08-04
2026-08-04 01:30:00,VIC1,45.24,0.04524,0.0,69.0,0.0,5.75,0.0,6.061032181989394,90.76720460537575,84.70617242338636,71.181657498644,0.0,0.26013000000000003,0.26013000000000003,42.95038849136168,1919.9451154457681,1704.0379291153342,discharge,16.771369671089467,2026-08-04
2026-08-04 01:35:00,VIC1,45.24,0.04524,0.0,69.0,0.0,5.75,0.0,6.061032181989394,84.70617242338636,78.64514024139697,66.08835314403106,0.0,0.26013000000000003,0.26013000000000003,43.210518491361675,1919.9451154457681,1709.7879291153342,discharge,16.827961941696277,2026-08-04
2026-08-04 01:40:00,VIC1,15.08,0.01508,62.705857816032186,0.0,5.225488151336015,0.0,4.957333333333333,0.0,78.64514024139697,83.60247357473031,70.25417947456329,0.07880036132214711,0.0,-0.07880036132214711,43.13171813003953,1925.1706035971042,1709.7879291153342,charge,16.827961941696277,2026-08-04
2026-08-04 01:45:00,VIC1,45.24,0.04524,0.0,69.0,0.0,5.75,0.0,6.061032181989394,83.60247357473031,77.54144139274092,65.16087511995036,0.0,0.26013000000000003,0.26013000000000003,43.39184813003953,1925.1706035971042,1715.5379291153342,discharge,16.884554212303087,2026-08-04
2026-08-04 01:50:00,VIC1,35.94,0.03594,62.705857816032186,0.0,5.225488151336015,0.0,4.957333333333333,0.0,77.54144139274092,82.49877472607426,69.32670145048257,0.1878040441590164,0.0,-0.1878040441590164,43.20404408588051,1930.3960917484403,1715.5379291153342,charge,16.884554212303087,2026-08-04
2026-08-04 01:55:00,VIC1,45.24,0.04524,0.0,69.0,0.0,5.75,0.0,6.061032181989394,82.49877472607426,76.43774254408487,64.23339709586963,0.0,0.26013000000000003,0.26013000000000003,43.46417408588051,1930.3960917484403,1721.2879291153342,discharge,16.9411464829099,2026-08-04
2026-08-04 02:00:00,VIC1,10.65005,0.010650050000000001,62.705857816032186,0.0,5.225488151336015,0.0,4.957333333333333,0.0,76.43774254408487,81.39507587741821,68.39922342640186,0.05565171008613613,0.0,-0.05565171008613613,43.40852237579437,1935.6215798997764,1721.2879291153342,charge,16.9411464829099,2026-08-04
2026-08-04 02:05:00,VIC1,45.24,0.04524,0.0,69.0,0.0,5.75,0.0,6.061032181989394,81.39507587741821,75.33404369542882,63.30591907178892,0.0,0.26013000000000003,0.26013000000000003,43.668652375794366,1935.6215798997764,1727.0379291153342,discharge,16.99773875351671,2026-08-04
2026-08-04 02:10:00,VIC1,35.94,0.03594,62.705857816032186,0.0,5.225488151336015,0.0,4.957333333333333,0.0,75.33404369542882,80.29137702876216,67.47174540232113,0.1878040441590164,0.0,-0.1878040441590164,43.48084833163535,1940.8470680511125,1727.0379291153342,charge,16.99773875351671,2026-08-04
2026-08-04 02:15:00,VIC1,35.94,0.03594,62.705857816032186,0.0,5.225488151336015,0.0,4.957333333333333,0.0,80.29137702876216,85.24871036209548,71.63757173285335,0.1878040441590164,0.0,-0.1878040441590164,43.293044287476334,1946.0725562024486,1727.0379291153342,charge,16.99773875351671,2026-08-04
2026-08-04 02:20:00,VIC1,15.08,0.01508,62.705857816032186,0.0,5.225488151336015,0.0,4.957333333333333,0.0,85.24871036209548,90.2060436954288,75.80339806338556,0.07880036132214711,0.0,-0.07880036132214711,43.21424392615419,1951.2980443537847,1727.0379291153342,charge,16.99773875351671,2026-08-04
2026-08-04 02:25:00,VIC1,20.68,0.02068,62.705857816032186,0.0,5.225488151336015,0.0,4.957333333333333,0.0,90.2060436954288,95.16337702876214,79.96922439391777,0.10806309496962879,0.0,-0.10806309496962879,43.10618083118456,1956.5235325051208,1727.0379291153342,charge,16.99773875351671,2026-08-04
2026-08-04 02:30:00,VIC1,65.68,0.06568,0.0,69.0,0.0,5.75,0.0,6.061032181989394,95.16337702876214,89.10234484677275,74.87592003930483,0.0,0.37766,0.37766,43.48384083118456,1956.5235325051208,1732.7879291153342,discharge,17.05433102412352,2026-08-04
2026-08-04 02:35:00,VIC1,35.94,0.03594,62.705857816032186,0.0,5.225488151336015,0.0,4.957333333333333,0.0,89.10234484677275,94.05967818010609,79.04174636983706,0.1878040441590164,0.0,-0.1878040441590164,43.29603678702554,1961.7490206564569,1732.7879291153342,charge,17.05433102412352,2026-08-04
2026-08-04 02:40:00,VIC1,20.68,0.02068,62.705857816032186,0.0,5.225488151336015,0.0,4.957333333333333,0.0,94.05967818010609,99.01701151343941,83.20757270036925,0.10806309496962879,0.0,-0.10806309496962879,43.18797369205591,1966.974508807793,1732.7879291153342,charge,17.05433102412352,2026-08-04
2026-08-04 02:45:00,VIC1,20.65,0.020649999999999998,62.705857816032186,0.0,5.225488151336015,0.0,4.957333333333333,0.0,99.01701151343941,103.97434484677275,87.37339903090148,0.1079063303250887,0.0,-0.1079063303250887,43.080067361730826,1972.199996959129,1732.7879291153342,charge,17.05433102412352,2026-08-04
2026-08-04 02:50:00,VIC1,45.24,0.04524,0.0,69.0,0.0,5.75,0.0,6.061032181989394,103.97434484677275,97.91331266478336,82.28009467628854,0.0,0.26013000000000003,0.26013000000000003,43.34019736173082,1972.199996959129,1738.5379291153342,discharge,17.110923294730334,2026-08-04
2026-08-04 02:55:00,VIC1,55.42,0.055420000000000004,0.0,69.0,0.0,5.75,0.0,6.061032181989394,97.91331266478336,91.85228048279397,77.1867903216756,0.0,0.31866500000000003,0.31866500000000003,43.658862361730826,1972.199996959129,1744.2879291153342,discharge,17.167515565337144,2026-08-04
2026-08-04 03:00:00,VIC1,45.24,0.04524,0.0,69.0,0.0,5.75,0.0,6.061032181989394,91.85228048279397,85.79124830080458,72.09348596706268,0.0,0.26013000000000003,0.26013000000000003,43.91899236173082,1972.199996959129,1750.0379291153342,discharge,17.224107835943958,2026-08-04
2026-08-04 03:05:00,VIC1,50.94002,0.050940019999999996,0.0,69.0,0.0,5.75,0.0,6.061032181989394,85.79124830080458,79.73021611881519,67.00018161244974,0.0,0.292905115,0.292905115,44.211897476730826,1972.199996959129,1755.7879291153342,discharge,17.280700106550768,2026-08-04
2026-08-04 03:10:00,VIC1,65.5662,0.06556619999999999,0.0,69.0,0.0,5.75,0.0,6.061032181989394,79.73021611881519,73.6691839368258,61.90687725783681,0.0,0.37700564999999997,0.37700564999999997,44.58890312673083,1972.199996959129,1761.5379291153342,discharge,17.337292377157578,2026-08-04
2026-08-04 03:15:00,VIC1,66.33,0.06633,0.0,69.0,0.0,5.75,0.0,6.061032181989394,73.6691839368258,67.60815175483641,56.81357290322387,0.0,0.3813975,0.3813975,44.970300626730825,1972.199996959129,1767.2879291153342,discharge,17.39388464776439,2026-08-04
2026-08-04 03:20:00,VIC1,64.0,0.064,0.0,69.0,0.0,5.75,0.0,6.061032181989394,67.60815175483641,61.547119572847016,51.72026854861094,0.0,0.368,0.368,45.33830062673083,1972.199996959129,1773.0379291153342,discharge,17.4504769183712,2026-08-04
2026-08-04 03:25:00,VIC1,55.42,0.055420000000000004,0.0,69.0,0.0,5.75,0.0,6.061032181989394,61.547119572847016,55.48608739085762,46.626964193998,0.0,0.31866500000000003,0.31866500000000003,45.65696562673083,1972.199996959129,1778.7879291153342,discharge,17.507069188978015,2026-08-04
2026-08-04 03:30:00,VIC1,8.94,0.00894,62.705857816032186,0.0,5.225488151336015,0.0,4.957333333333333,0.0,55.48608739085762,60.44342072419095,50.792790524530204,0.04671586407294397,0.0,-0.04671586407294397,45.61024976265789,1977.4254851104652,1778.7879291153342,charge,17.507069188978015,2026-08-04
2026-08-04 03:35:00,VIC1,15.08,0.01508,62.705857816032186,0.0,5.225488151336015,0.0,4.957333333333333,0.0,60.44342072419095,65.40075405752428,54.958616855062424,0.07880036132214711,0.0,-0.07880036132214711,45.53144940133574,1982.6509732618013,1778.7879291153342,charge,17.507069188978015,2026-08-04
2026-08-04 03:40:00,VIC1,55.42,0.055420000000000004,0.0,69.0,0.0,5.75,0.0,6.061032181989394,65.40075405752428,59.339721875534885,49.865312500449484,0.0,0.31866500000000003,0.31866500000000003,45.850114401335745,1982.6509732618013,1784.5379291153342,discharge,17.563661459584825,2026-08-04
2026-08-04 03:45:00,VIC1,45.24,0.04524,0.0,69.0,0.0,5.75,0.0,6.061032181989394,59.339721875534885,53.27868969354549,44.772008145836544,0.0,0.26013000000000003,0.26013000000000003,46.11024440133574,1982.6509732618013,1790.2879291153342,discharge,17.620253730191635,2026-08-04
2026-08-04 03:50:00,VIC1,20.68,0.02068,62.705857816032186,0.0,5.225488151336015,0.0,4.957333333333333,0.0,53.27868969354549,58.236023026878826,48.937834476368764,0.10806309496962879,0.0,-0.10806309496962879,46.00218130636611,1987.8764614131373,1790.2879291153342,charge,17.620253730191635,2026-08-04
2026-08-04 03:55:00,VIC1,15.08,0.01508,62.705857816032186,0.0,5.225488151336015,0.0,4.957333333333333,0.0,58.236023026878826,63.19335636021216,53.103660806900976,0.07880036132214711,0.0,-0.07880036132214711,45.92338094504397,1993.1019495644734,1790.2879291153342,charge,17.620253730191635,2026-08-04
2026-08-04 04:00:00,VIC1,8.93994,0.00893994,62.705857816032186,0.0,5.225488151336015,0.0,4.957333333333333,0.0,63.19335636021216,68.15068969354549,57.26948713743318,0.0467155505436549,0.0,-0.0467155505436549,45.876665394500314,1998.3274377158095,1790.2879291153342,charge,17.620253730191635,2026-08-04
2026-08-04 04:05:00,VIC1,58.35,0.058350000000000006,0.0,69.0,0.0,5.75,0.0,6.061032181989394,68.15068969354549,62.08965751155609,52.17618278282025,0.0,0.33551250000000005,0.33551250000000005,46.212177894500314,1998.3274377158095,1796.0379291153342,discharge,17.67684600079845,2026-08-04
2026-08-04 04:10:00,VIC1,35.93993,0.035939929999999995,62.705857816032186,0.0,5.225488151336015,0.0,4.957333333333333,0.0,62.08965751155609,67.04699084488941,56.34200911335244,0.18780367837484577,0.0,-0.18780367837484577,46.024374216125466,2003.5529258671456,1796.0379291153342,charge,17.67684600079845,2026-08-04
2026-08-04 04:15:00,VIC1,8.93994,0.00893994,62.705857816032186,0.0,5.225488151336015,0.0,4.957333333333333,0.0,67.04699084488941,72.00432417822275,60.50783544388466,0.0467155505436549,0.0,-0.0467155505436549,45.977658665581814,2008.7784140184817,1796.0379291153342,charge,17.67684600079845,2026-08-04
2026-08-04 04:20:00,VIC1,35.94,0.03594,62.705857816032186,0.0,5.225488151336015,0.0,4.957333333333333,0.0,72.00432417822275,76.96165751155608,64.67366177441689,0.1878040441590164,0.0,-0.1878040441590164,45.7898546214228,2014.0039021698178,1796.0379291153342,charge,17.67684600079845,2026-08-04
2026-08-04 04:25:00,VIC1,45.24,0.04524,0.0,2.951099101357192,0.0,0.24592492511309932,0.0,0.25922763225457857,76.96165751155608,76.7024298793015,64.45582342798446,0.0,0.011125643612116614,0.011125643612116614,45.800980265034916,2014.0039021698178,1796.2838540404473,discharge,17.67926642686992,2026-08-04
2026-08-04 04:30:00,VIC1,35.94,0.03594,62.705857816032186,0.0,5.225488151336015,0.0,4.957333333333333,0.0,76.7024298793015,81.65976321263484,68.62164975851668,0.1878040441590164,0.0,-0.1878040441590164,45.6131762208759,2019.229390321154,1796.2838540404473,charge,17.67926642686992,2026-08-04
2026-08-04 04:35:00,VIC1,45.24,0.04524,0.0,69.0,0.0,5.75,0.0,6.061032181989394,81.65976321263484,75.59873103064545,63.52834540390374,0.0,0.26013000000000003,0.26013000000000003,45.8733062208759,2019.229390321154,1802.0338540404473,discharge,17.73585869747673,2026-08-04
2026-08-04 04:40:00,VIC1,36.42,0.03642,62.705857816032186,0.0,5.225488151336015,0.0,4.957333333333333,0.0,75.59873103064545,80.55606436397879,67.69417173443595,0.1903122784716577,0.0,-0.1903122784716577,45.68299394240424,2024.45487847249,1802.0338540404473,charge,17.73585869747673,2026-08-04
2026-08-04 04:45:00,VIC1,20.65,0.020649999999999998,62.705857816032186,0.0,5.225488151336015,0.0,4.957333333333333,0.0,80.55606436397879,85.51339769731212,71.85999806496817,0.1079063303250887,0.0,-0.1079063303250887,45.57508761207915,2029.680366623826,1802.0338540404473,charge,17.73585869747673,2026-08-04
2026-08-04 04:50:00,VIC1,35.94,0.03594,62.70585781603217,0.0,5.225488151336014,0.0,4.957333333333332,0.0,85.51339769731212,90.47073103064545,76.02582439550038,0.18780404415901636,0.0,-0.18780404415901636,45.387283567920136,2034.9058547751622,1802.0338540404473,charge,17.73585869747673,2026-08-04
2026-08-04 04:55:00,VIC1,35.94,0.03594,62.705857816032186,0.0,5.225488151336015,0.0,4.957333333333333,0.0,90.47073103064545,95.42806436397878,80.19165072603258,0.1878040441590164,0.0,-0.1878040441590164,45.19947952376112,2040.1313429264983,1802.0338540404473,charge,17.73585869747673,2026-08-04
2026-08-04 05:00:00,VIC1,35.94,0.03594,62.705857816032186,0.0,5.225488151336015,0.0,4.957333333333333,0.0,95.42806436397878,100.38539769731211,84.3574770565648,0.1878040441590164,0.0,-0.1878040441590164,45.011675479602104,2045.3568310778344,1802.0338540404473,charge,17.73585869747673,2026-08-04
2026-08-04 05:05:00,VIC1,45.24,0.04524,0.0,0.0,0.0,0.0,0.0,0.0,100.38539769731211,100.38539769731211,84.3574770565648,0.0,0.0,0.0,45.011675479602104,2045.3568310778344,1802.0338540404473,idle,17.73585869747673,2026-08-04
2026-08-04 05:10:00,VIC1,45.24,0.04524,0.0,0.0,0.0,0.0,0.0,0.0,100.38539769731211,100.38539769731211,84.3574770565648,0.0,0.0,0.0,45.011675479602104,2045.3568310778344,1802.0338540404473,idle,17.73585869747673,2026-08-04
2026-08-04 05:15:00,VIC1,34.63989,0.03463989,62.705857816032186,0.0,5.225488151336015,0.0,4.957333333333333,0.0,100.38539769731211,105.34273103064544,88.523303387097,0.1810103347585829,0.0,-0.1810103347585829,44.83066514484352,2050.5823192291705,1802.0338540404473,charge,17.73585869747673,2026-08-04
2026-08-04 05:20:00,VIC1,35.94,0.03594,62.705857816032186,0.0,5.225488151336015,0.0,4.957333333333333,0.0,105.34273103064544,110.30006436397878,92.68912971762923,0.1878040441590164,0.0,-0.1878040441590164,44.642861100684506,2055.8078073805063,1802.0338540404473,charge,17.73585869747673,2026-08-04
2026-08-04 05:25:00,VIC1,69.35059,0.06935059,0.0,69.0,0.0,5.75,0.0,6.061032181989394,110.30006436397878,104.23903218198939,87.59582536301629,0.0,0.3987658925,0.3987658925,45.04162699318451,2055.8078073805063,1807.7838540404473,discharge,17.792450968083543,2026-08-04
2026-08-04 05:30:00,VIC1,67.03283,0.06703283,0.0,69.0,0.0,5.75,0.0,6.061032181989394,104.23903218198939,98.178,82.50252100840336,0.0,0.3854387725,0.3854387725,45.42706576568451,2055.8078073805063,1813.5338540404473,discharge,17.849043238690353,2026-08-04
2026-08-04 05:35:00,VIC1,45.24,0.04524,0.0,0.0,0.0,0.0,0.0,0.0,98.178,98.178,82.50252100840336,0.0,0.0,0.0,45.42706576568451,2055.8078073805063,1813.5338540404473,idle,17.849043238690353,2026-08-04
2026-08-04 05:40:00,VIC1,35.94,0.03594,62.70585781603217,0.0,5.225488151336014,0.0,4.957333333333332,0.0,98.178,103.13533333333332,86.66834733893556,0.18780404415901636,0.0,-0.18780404415901636,45.239261721525494,2061.033295531842,1813.5338540404473,charge,17.849043238690353,2026-08-04
2026-08-04 05:45:00,VIC1,35.94,0.03594,62.705857816032186,0.0,5.225488151336015,0.0,4.957333333333333,0.0,103.13533333333332,108.09266666666666,90.83417366946777,0.1878040441590164,0.0,-0.1878040441590164,45.05145767736648,2066.258783683178,1813.5338540404473,charge,17.849043238690353,2026-08-04
2026-08-04 05:50:00,VIC1,35.94,0.03594,62.705857816032186,0.0,5.225488151336015,0.0,4.957333333333333,0.0,108.09266666666666,113.05,95.0,0.1878040441590164,0.0,-0.1878040441590164,44.86365363320746,2071.484271834514,1813.5338540404473,charge,17.849043238690353,2026-08-04
2026-08-04 05:55:00,VIC1,62.95,0.06295,0.0,56.43527203442902,0.0,4.702939336202418,0.0,4.957333333333338,113.05,108.09266666666666,90.83417366946777,0.0,0.29605003121394224,0.29605003121394224,45.15970366442141,2071.484271834514,1818.2367933766498,discharge,17.89533019791849,2026-08-04
2026-08-04 06:00:00,VIC1,62.95,0.06295,0.0,0.0,0.0,0.0,0.0,0.0,108.09266666666666,108.09266666666666,90.83417366946777,0.0,0.0,0.0,45.15970366442141,2071.484271834514,1818.2367933766498,idle,17.89533019791849,2026-08-04
2026-08-04 06:05:00,VIC1,56.05,0.056049999999999996,62.705857816032186,0.0,5.225488151336015,0.0,4.957333333333333,0.0,108.09266666666666,113.05,95.0,0.2928886108823836,0.0,-0.2928886108823836,44.86681505353902,2076.70975998585,1818.2367933766498,charge,17.89533019791849,2026-08-04
2026-08-04 06:10:00,VIC1,61.42,0.06142,0.0,0.0,0.0,0.0,0.0,0.0,113.05,113.05,95.0,0.0,0.0,0.0,44.86681505353902,2076.70975998585,1818.2367933766498,idle,17.89533019791849,2026-08-04
2026-08-04 06:15:00,VIC1,62.95,0.06295,0.0,0.0,0.0,0.0,0.0,0.0,113.05,113.05,95.0,0.0,0.0,0.0,44.86681505353902,2076.70975998585,1818.2367933766498,idle,17.89533019791849,2026-08-04
2026-08-04 06:20:00,VIC1,61.42,0.06142,0.0,0.0,0.0,0.0,0.0,0.0,113.05,113.05,95.0,0.0,0.0,0.0,44.86681505353902,2076.70975998585,1818.2367933766498,idle,17.89533019791849,2026-08-04
2026-08-04 06:25:00,VIC1,56.67,0.056670000000000005,-0.0,0.0,-0.0,0.0,-0.0,0.0,113.05,113.05,95.0,-0.0,0.0,0.0,44.86681505353902,2076.70975998585,1818.2367933766498,idle,17.89533019791849,2026-08-04
2026-08-04 06:30:00,VIC1,92.51882,0.09251882,0.0,69.0,0.0,5.75,0.0,6.061032181989394,113.05,106.98896781801061,89.90669564538707,0.0,0.531983215,0.531983215,45.39879826853902,2076.70975998585,1823.9867933766498,discharge,17.9519224685253,2026-08-04
2026-08-04 06:35:00,VIC1,74.97,0.07497,0.0,69.0,0.0,5.75,0.0,6.061032181989394,106.98896781801061,100.92793563602122,84.81339129077413,0.0,0.43107749999999995,0.43107749999999995,45.82987576853902,2076.70975998585,1829.7367933766498,discharge,18.00851473913211,2026-08-04
2026-08-04 06:40:00,VIC1,75.48,0.07548,0.0,69.0,0.0,5.75,0.0,6.061032181989394,100.92793563602122,94.86690345403183,79.72008693616121,0.0,0.43401,0.43401,46.26388576853902,2076.70975998585,1835.4867933766498,discharge,18.065107009738924,2026-08-04
2026-08-04 06:45:00,VIC1,89.0,0.089,0.0,69.0,0.0,5.75,0.0,6.061032181989394,94.86690345403183,88.80587127204244,74.62678258154827,0.0,0.5117499999999999,0.5117499999999999,46.77563576853902,2076.70975998585,1841.2367933766498,discharge,18.121699280345734,2026-08-04
2026-08-04 06:50:00,VIC1,90.50272,0.09050272,0.0,69.0,0.0,5.75,0.0,6.061032181989394,88.80587127204244,82.74483909005305,69.53347822693533,0.0,0.52039064,0.52039064,47.29602640853902,2076.70975998585,1846.9867933766498,discharge,18.178291550952547,2026-08-04
2026-08-04 06:55:00,VIC1,91.4192,0.0914192,0.0,69.0,0.0,5.75,0.0,6.061032181989394,82.74483909005305,76.68380690806366,64.4401738723224,0.0,0.5256604,0.5256604,47.82168680853902,2076.70975998585,1852.7367933766498,discharge,18.234883821559357,2026-08-04
2026-08-04 07:00:00,VIC1,91.92115,0.09192115,0.0,69.0,0.0,5.75,0.0,6.061032181989394,76.68380690806366,70.62277472607427,59.346869517709465,0.0,0.5285466125,0.5285466125,48.35023342103902,2076.70975998585,1858.4867933766498,discharge,18.291476092166167,2026-08-04
2026-08-04 07:05:00,VIC1,92.22458,0.09222458,0.0,69.0,0.0,5.75,0.0,6.061032181989394,70.62277472607427,64.56174254408488,54.25356516309654,0.0,0.530291335,0.530291335,48.88052475603902,2076.70975998585,1864.2367933766498,discharge,18.34806836277298,2026-08-04
2026-08-04 07:10:00,VIC1,91.79552,0.09179551999999999,0.0,69.0,0.0,5.75,0.0,6.061032181989394,64.56174254408488,58.50071036209548,49.1602608084836,0.0,0.52782424,0.52782424,49.408348996039024,2076.70975998585,1869.9867933766498,discharge,18.40466063337979,2026-08-04
2026-08-04 07:15:00,VIC1,75.71,0.07571,0.0,69.0,0.0,5.75,0.0,6.061032181989394,58.50071036209548,52.439678180106085,44.06695645387066,0.0,0.4353325,0.4353325,49.843681496039025,2076.70975998585,1875.7367933766498,discharge,18.4612529039866,2026-08-04
2026-08-04 07:20:00,VIC1,75.48,0.07548,0.0,69.0,0.0,5.75,0.0,6.061032181989394,52.439678180106085,46.37864599811669,38.97365209925772,0.0,0.43401,0.43401,50.277691496039026,2076.70975998585,1881.4867933766498,discharge,18.517845174593415,2026-08-04
2026-08-04 07:25:00,VIC1,88.40183,0.08840183,0.0,69.0,0.0,5.75,0.0,6.061032181989394,46.37864599811669,40.31761381612729,33.88034774464479,0.0,0.5083105225,0.5083105225,50.78600201853902,2076.70975998585,1887.2367933766498,discharge,18.574437445200225,2026-08-04
2026-08-04 07:30:00,VIC1,85.63989,0.08563989,0.0,69.0,0.0,5.75,0.0,6.061032181989394,40.31761381612729,34.256581634137895,28.787043390031847,0.0,0.4924293675,0.4924293675,51.278431386039024,2076.70975998585,1892.9867933766498,discharge,18.63102971580704,2026-08-04
2026-08-04 07:35:00,VIC1,86.64701,0.08664701,0.0,69.0,0.0,5.75,0.0,6.061032181989394,34.256581634137895,28.1955494521485,23.693739035418908,0.0,0.49822030749999996,0.49822030749999996,51.77665169353902,2076.70975998585,1898.7367933766498,discharge,18.68762198641385,2026-08-04
2026-08-04 07:40:00,VIC1,78.58013,0.07858013,0.0,69.0,0.0,5.75,0.0,6.061032181989394,28.1955494521485,22.134517270159108,18.600434680805975,0.0,0.4518357475,0.4518357475,52.22848744103902,2076.70975998585,1904.4867933766498,discharge,18.74421425702066,2026-08-04
2026-08-04 07:45:00,VIC1,75.52,0.07552,0.0,69.0,0.0,5.75,0.0,6.061032181989394,22.134517270159108,16.073485088169715,13.507130326193037,0.0,0.43424,0.43424,52.662727441039024,2076.70975998585,1910.2367933766498,discharge,18.800806527627472,2026-08-04
2026-08-04 07:50:00,VIC1,75.48,0.07548,0.0,69.0,0.0,5.75,0.0,6.061032181989394,16.073485088169715,10.012452906180322,8.413825971580103,0.0,0.43401,0.43401,53.096737441039025,2076.70975998585,1915.9867933766498,discharge,18.857398798234282,2026-08-04
2026-08-04 07:55:00,VIC1,68.23334,0.06823334,0.0,46.2477746545205,0.0,3.8539812212100415,0.0,4.062452906180321,10.012452906180322,5.95,5.0,0.0,0.26297001102044,0.26297001102044,53.35970745205947,2076.70975998585,1919.8407745978598,discharge,18.895330197918508,2026-08-04
2026-08-04 08:00:00,VIC1,66.38818,0.06638818,0.0,-0.0,0.0,-0.0,0.0,-0.0,5.95,5.95,5.0,0.0,-0.0,-0.0,53.35970745205947,2076.70975998585,1919.8407745978598,idle,18.895330197918508,2026-08-04
2026-08-04 08:05:00,VIC1,56.05,0.056049999999999996,62.70585781603217,0.0,5.225488151336014,0.0,4.957333333333332,0.0,5.95,10.907333333333334,9.165826330532214,0.2928886108823836,0.0,-0.2928886108823836,53.06681884117708,2081.9352481371857,1919.8407745978598,charge,18.895330197918508,2026-08-04
2026-08-04 08:10:00,VIC1,56.05,0.056049999999999996,62.705857816032186,0.0,5.225488151336015,0.0,4.957333333333333,0.0,10.907333333333334,15.864666666666666,13.331652661064425,0.2928886108823836,0.0,-0.2928886108823836,52.773930230294695,2087.1607362885215,1919.8407745978598,charge,18.895330197918508,2026-08-04
2026-08-04 08:15:00,VIC1,56.05,0.056049999999999996,62.705857816032186,0.0,5.225488151336015,0.0,4.957333333333333,0.0,15.864666666666666,20.822,17.497478991596637,0.2928886108823836,0.0,-0.2928886108823836,52.48104161941231,2092.3862244398574,1919.8407745978598,charge,18.895330197918508,2026-08-04
2026-08-04 08:20:00,VIC1,66.57073,0.06657073,0.0,69.0,0.0,5.75,0.0,6.061032181989394,20.822,14.760967818010606,12.404174636983702,0.0,0.38278169749999996,0.38278169749999996,52.86382331691231,2092.3862244398574,1925.5907745978598,discharge,18.951922468525318,2026-08-04
2026-08-04 08:25:00,VIC1,56.05,0.056049999999999996,62.705857816032186,0.0,5.225488151336015,0.0,4.957333333333333,0.0,14.760967818010606,19.718301151343937,16.570000967515913,0.2928886108823836,0.0,-0.2928886108823836,52.570934706029924,2097.6117125911933,1925.5907745978598,charge,18.951922468525318,2026-08-04
2026-08-04 08:30:00,VIC1,56.11,0.05611,62.705857816032186,0.0,5.225488151336015,0.0,4.957333333333333,0.0,19.718301151343937,24.67563448467727,20.735827298048125,0.2932021401714638,0.0,-0.2932021401714638,52.27773256585846,2102.837200742529,1925.5907745978598,charge,18.951922468525318,2026-08-04
2026-08-04 08:35:00,VIC1,63.28014,0.06328014,0.0,0.0,0.0,0.0,0.0,0.0,24.67563448467727,24.67563448467727,20.735827298048125,0.0,0.0,0.0,52.27773256585846,2102.837200742529,1925.5907745978598,idle,18.951922468525318,2026-08-04
2026-08-04 08:40:00,VIC1,68.08313,0.06808312999999999,0.0,69.0,0.0,5.75,0.0,6.061032181989394,24.67563448467727,18.614602302687878,15.642522943435191,0.0,0.39147799749999995,0.39147799749999995,52.669210563358455,2102.837200742529,1931.3407745978598,discharge,19.00851473913213,2026-08-04
2026-08-04 08:45:00,VIC1,64.27644,0.06427643999999999,0.0,0.0,0.0,0.0,0.0,0.0,18.614602302687878,18.614602302687878,15.642522943435191,0.0,0.0,0.0,52.669210563358455,2102.837200742529,1931.3407745978598,idle,19.00851473913213,2026-08-04
2026-08-04 08:50:00,VIC1,64.83873,0.06483873,0.0,50.04690424100271,0.0,4.170575353416892,0.0,4.39617242338636,18.614602302687878,14.218429879301517,11.948260402774384,0.0,0.2704148092848524,0.2704148092848524,52.939625372643306,2102.837200742529,1935.5113499512765,discharge,19.049562100695027,2026-08-04
2026-08-04 08:55:00,VIC1,56.05,0.056049999999999996,62.705857816032186,0.0,5.225488151336015,0.0,4.957333333333333,0.0,14.218429879301517,19.17576321263485,16.114086733306596,0.2928886108823836,0.0,-0.2928886108823836,52.64673676176092,2108.062688893865,1935.5113499512765,charge,19.049562100695027,2026-08-04
2026-08-04 09:00:00,VIC1,54.68656,0.05468656,62.705857816032186,0.0,5.225488151336015,0.0,4.957333333333333,0.0,19.17576321263485,24.133096545968183,20.27991306383881,0.28576397131732606,0.0,-0.28576397131732606,52.3609727904436,2113.288177045201,1935.5113499512765,charge,19.049562100695027,2026-08-04
2026-08-04 09:05:00,VIC1,75.48,0.07548,0.0,69.0,0.0,5.75,0.0,6.061032181989394,24.133096545968183,18.07206436397879,15.186608709225874,0.0,0.43401,0.43401,52.7949827904436,2113.288177045201,1941.2613499512765,discharge,19.106154371301837,2026-08-04
2026-08-04 09:10:00,VIC1,70.85102,0.07085102,0.0,69.0,0.0,5.75,0.0,6.061032181989394,18.07206436397879,12.011032181989394,10.093304354612936,0.0,0.407393365,0.407393365,53.202376155443595,2113.288177045201,1947.0113499512765,discharge,19.16274664190865,2026-08-04
2026-08-04 09:15:00,VIC1,67.7618,0.0677618,0.0,69.0,0.0,5.75,0.0,6.061032181989394,12.011032181989394,5.95,5.0,0.0,0.38963034999999996,0.38963034999999996,53.59200650544359,2113.288177045201,1952.7613499512765,discharge,19.21933891251546,2026-08-04
2026-08-04 09:20:00,VIC1,54.94434,0.05494434,62.705857816032186,0.0,5.225488151336015,0.0,4.957333333333333,0.0,5.95,10.907333333333334,9.165826330532214,0.2871109976529775,0.0,-0.2871109976529775,53.30489550779061,2118.5136651965367,1952.7613499512765,charge,19.21933891251546,2026-08-04
2026-08-04 09:25:00,VIC1,30.21,0.03021,62.705857816032186,0.0,5.225488151336015,0.0,4.957333333333333,0.0,10.907333333333334,15.864666666666665,13.331652661064425,0.15786199705186102,0.0,-0.15786199705186102,53.14703351073875,2123.7391533478726,1952.7613499512765,charge,19.21933891251546,2026-08-04
2026-08-04 09:30:00,VIC1,51.46364,0.05146364,62.705857816032186,0.0,5.225488151336015,0.0,4.957333333333333,0.0,15.864666666666665,20.821999999999996,17.497478991596633,0.2689226410446222,0.0,-0.2689226410446222,52.878110869694126,2128.9646414992085,1952.7613499512765,charge,19.21933891251546,2026-08-04
2026-08-04 09:35:00,VIC1,36.42,0.03642,62.705857816032186,0.0,5.225488151336015,0.0,4.957333333333333,0.0,20.821999999999996,25.77933333333333,21.66330532212885,0.1903122784716577,0.0,-0.1903122784716577,52.68779859122247,2134.1901296505443,1952.7613499512765,charge,19.21933891251546,2026-08-04
2026-08-04 09:40:00,VIC1,51.01664,0.05101664,62.705857816032186,0.0,5.225488151336015,0.0,4.957333333333333,0.0,25.77933333333333,30.736666666666665,25.829131652661065,0.266586847840975,0.0,-0.266586847840975,52.42121174338149,2139.41561780188,1952.7613499512765,charge,19.21933891251546,2026-08-04
2026-08-04 09:45:00,VIC1,51.80576,0.05180576,62.705857816032186,0.0,5.225488151336015,0.0,4.957333333333333,0.0,30.736666666666665,35.694,29.99495798319328,0.2707103850509573,0.0,-0.2707103850509573,52.15050135833054,2144.641105953216,1952.7613499512765,charge,19.21933891251546,2026-08-04
2026-08-04 09:50:00,VIC1,43.76481,0.04376481,62.705857816032186,0.0,5.225488151336015,0.0,4.957333333333333,0.0,35.694,40.65133333333334,34.16078431372549,0.22869249610047196,0.0,-0.22869249610047196,51.921808862230066,2149.866594104552,1952.7613499512765,charge,19.21933891251546,2026-08-04
2026-08-04 09:55:00,VIC1,54.35608,0.05435608,62.705857816032186,0.0,5.225488151336015,0.0,4.957333333333333,0.0,40.65133333333334,45.60866666666667,38.326610644257705,0.28403705199307255,0.0,-0.28403705199307255,51.63777181023699,2155.092082255888,1952.7613499512765,charge,19.21933891251546,2026-08-04
2026-08-04 10:00:00,VIC1,55.25,0.05525,62.70585781603217,0.0,5.225488151336014,0.0,4.957333333333332,0.0,45.60866666666667,50.566,42.49243697478992,0.28870822036131477,0.0,-0.28870822036131477,51.349063589875676,2160.3175704072237,1952.7613499512765,charge,19.21933891251546,2026-08-04
2026-08-04 10:05:00,VIC1,54.65742,0.054657420000000005,62.705857816032186,0.0,5.225488151336015,0.0,4.957333333333333,0.0,50.566,55.52333333333333,46.65826330532213,0.28561170059259616,0.0,-0.28561170059259616,51.06345188928308,2165.5430585585596,1952.7613499512765,charge,19.21933891251546,2026-08-04
2026-08-04 10:10:00,VIC1,55.25,0.05525,62.705857816032186,0.0,5.225488151336015,0.0,4.957333333333333,0.0,55.52333333333333,60.48066666666667,50.82408963585434,0.2887082203613148,0.0,-0.2887082203613148,50.774743668921765,2170.7685467098954,1952.7613499512765,charge,19.21933891251546,2026-08-04
2026-08-04 10:15:00,VIC1,55.25,0.05525,62.705857816032186,0.0,5.225488151336015,0.0,4.957333333333333,0.0,60.48066666666667,65.438,54.98991596638656,0.2887082203613148,0.0,-0.2887082203613148,50.48603544856045,2175.9940348612313,1952.7613499512765,charge,19.21933891251546,2026-08-04
2026-08-04 10:20:00,VIC1,55.72443,0.05572443,62.705857816032186,0.0,5.225488151336015,0.0,4.957333333333333,0.0,65.438,70.39533333333333,59.15574229691876,0.29118734870495316,0.0,-0.29118734870495316,50.1948480998555,2181.219523012567,1952.7613499512765,charge,19.21933891251546,2026-08-04
2026-08-04 10:25:00,VIC1,54.73369,0.05473369,62.705857816032186,0.0,5.225488151336015,0.0,4.957333333333333,0.0,70.39533333333333,75.35266666666666,63.32156862745097,0.28601024857389856,0.0,-0.28601024857389856,49.908837851281596,2186.445011163903,1952.7613499512765,charge,19.21933891251546,2026-08-04
2026-08-04 10:30:00,VIC1,56.62333,0.056623330000000006,37.89673547945798,0.0,3.1580612899548317,0.0,2.9960000000000098,0.0,75.35266666666666,78.34866666666667,65.83921568627451,0.17881994658133815,0.0,-0.17881994658133815,49.73001790470026,2189.6030724538577,1952.7613499512765,charge,19.21933891251546,2026-08-04
2026-08-04 10:35:00,VIC1,57.07302,0.05707302,0.0,0.0,0.0,0.0,0.0,0.0,78.34866666666667,78.34866666666667,65.83921568627451,0.0,0.0,0.0,49.73001790470026,2189.6030724538577,1952.7613499512765,idle,19.21933891251546,2026-08-04
2026-08-04 10:40:00,VIC1,30.21,0.03021,62.705857816032186,0.0,5.225488151336015,0.0,4.957333333333333,0.0,78.34866666666667,83.30600000000001,70.00504201680673,0.15786199705186102,0.0,-0.15786199705186102,49.5721559076484,2194.8285606051936,1952.7613499512765,charge,19.21933891251546,2026-08-04
2026-08-04 10:45:00,VIC1,55.81445,0.05581445,62.705857816032186,0.0,5.225488151336015,0.0,4.957333333333333,0.0,83.30600000000001,88.26333333333334,74.17086834733894,0.2916577471483365,0.0,-0.2916577471483365,49.280498160500066,2200.0540487565295,1952.7613499512765,charge,19.21933891251546,2026-08-04
2026-08-04 10:50:00,VIC1,45.08813,0.04508813,62.705857816032186,0.0,5.225488151336015,0.0,4.957333333333333,0.0,88.26333333333334,93.22066666666667,78.33669467787115,0.2356074890808979,0.0,-0.2356074890808979,49.04489067141917,2205.2795369078653,1952.7613499512765,charge,19.21933891251546,2026-08-04
2026-08-04 10:55:00,VIC1,43.38853,0.04338853,62.705857816032186,0.0,5.225488151336015,0.0,4.957333333333333,0.0,93.22066666666667,98.178,82.50252100840336,0.22672624941888725,0.0,-0.22672624941888725,48.81816442200028,2210.505025059201,1952.7613499512765,charge,19.21933891251546,2026-08-04
2026-08-04 11:00:00,VIC1,44.49904,0.044499040000000004,62.705857816032186,0.0,5.225488151336015,0.0,4.957333333333333,0.0,98.178,103.13533333333334,86.66834733893558,0.2325292062658274,0.0,-0.2325292062658274,48.58563521573445,2215.730513210537,1952.7613499512765,charge,19.21933891251546,2026-08-04
2026-08-04 11:05:00,VIC1,55.96921,0.05596921,62.705857816032186,0.0,5.225488151336015,0.0,4.957333333333333,0.0,103.13533333333334,108.09266666666666,90.83417366946777,0.2924664436946372,0.0,-0.2924664436946372,48.29316877203981,2220.956001361873,1952.7613499512765,charge,19.21933891251546,2026-08-04
2026-08-04 11:10:00,VIC1,57.8718,0.0578718,0.0,0.0,0.0,0.0,0.0,0.0,108.09266666666666,108.09266666666666,90.83417366946777,0.0,0.0,0.0,48.29316877203981,2220.956001361873,1952.7613499512765,idle,19.21933891251546,2026-08-04
2026-08-04 11:15:00,VIC1,57.43132,0.05743132,0.0,0.0,0.0,0.0,0.0,0.0,108.09266666666666,108.09266666666666,90.83417366946777,0.0,0.0,0.0,48.29316877203981,2220.956001361873,1952.7613499512765,idle,19.21933891251546,2026-08-04
2026-08-04 11:20:00,VIC1,58.35,0.058350000000000006,0.0,0.0,0.0,0.0,0.0,0.0,108.09266666666666,108.09266666666666,90.83417366946777,0.0,0.0,0.0,48.29316877203981,2220.956001361873,1952.7613499512765,idle,19.21933891251546,2026-08-04
2026-08-04 11:25:00,VIC1,58.35,0.058350000000000006,0.0,0.0,0.0,0.0,0.0,0.0,108.09266666666666,108.09266666666666,90.83417366946777,0.0,0.0,0.0,48.29316877203981,2220.956001361873,1952.7613499512765,idle,19.21933891251546,2026-08-04
2026-08-04 11:30:00,VIC1,58.35,0.058350000000000006,0.0,0.0,0.0,0.0,0.0,0.0,108.09266666666666,108.09266666666666,90.83417366946777,0.0,0.0,0.0,48.29316877203981,2220.956001361873,1952.7613499512765,idle,19.21933891251546,2026-08-04
2026-08-04 11:35:00,VIC1,47.1053,0.0471053,62.705857816032186,0.0,5.225488151336015,0.0,4.957333333333333,0.0,108.09266666666666,113.05,95.0,0.24614818701512842,0.0,-0.24614818701512842,48.04702058502468,2226.181489513209,1952.7613499512765,charge,19.21933891251546,2026-08-04
2026-08-04 11:40:00,VIC1,64.0,0.064,0.0,-0.0,0.0,-0.0,0.0,-0.0,113.05,113.05,95.0,0.0,-0.0,-0.0,48.04702058502468,2226.181489513209,1952.7613499512765,idle,19.21933891251546,2026-08-04
2026-08-04 11:45:00,VIC1,64.97353,0.06497353,0.0,0.0,0.0,0.0,0.0,0.0,113.05,113.05,95.0,0.0,0.0,0.0,48.04702058502468,2226.181489513209,1952.7613499512765,idle,19.21933891251546,2026-08-04
2026-08-04 11:50:00,VIC1,87.64,0.08764,0.0,69.0,0.0,5.75,0.0,6.061032181989394,113.05,106.98896781801061,89.90669564538707,0.0,0.50393,0.50393,48.55095058502468,2226.181489513209,1958.5113499512765,discharge,19.275931183122275,2026-08-04
2026-08-04 11:55:00,VIC1,80.01527,0.08001527,0.0,69.0,0.0,5.75,0.0,6.061032181989394,106.98896781801061,100.92793563602122,84.81339129077413,0.0,0.4600878025,0.4600878025,49.01103838752468,2226.181489513209,1964.2613499512765,discharge,19.332523453729085,2026-08-04
2026-08-04 12:00:00,VIC1,53.35042,0.05335042,62.705857816032186,0.0,5.225488151336015,0.0,4.957333333333333,0.0,100.92793563602122,105.88526896935456,88.97921762130635,0.27878198757879996,0.0,-0.27878198757879996,48.732256399945875,2231.4069776645447,1964.2613499512765,charge,19.332523453729085,2026-08-04
2026-08-04 12:05:00,VIC1,47.08811,0.04708811,62.705857816032186,0.0,5.225488151336015,0.0,4.957333333333333,0.0,105.88526896935456,110.84260230268788,93.14504395183856,0.24605836087380695,0.0,-0.24605836087380695,48.486198039072065,2236.6324658158806,1964.2613499512765,charge,19.332523453729085,2026-08-04
2026-08-04 12:10:00,VIC1,61.42,0.06142,27.921617701268932,0.0,2.326801475105744,0.0,2.2073976973121177,0.0,110.84260230268788,113.05,95.0,0.14291214660099483,0.0,-0.14291214660099483,48.34328589247107,2238.959267290986,1964.2613499512765,charge,19.332523453729085,2026-08-04
2026-08-04 12:15:00,VIC1,75.4,0.07540000000000001,0.0,69.0,0.0,5.75,0.0,6.061032181989394,113.05,106.98896781801061,89.90669564538707,0.0,0.43355000000000005,0.43355000000000005,48.77683589247107,2238.959267290986,1970.0113499512765,discharge,19.389115724335895,2026-08-04
2026-08-04 12:20:00,VIC1,75.4,0.07540000000000001,0.0,69.0,0.0,5.75,0.0,6.061032181989394,106.98896781801061,100.92793563602122,84.81339129077413,0.0,0.43355000000000005,0.43355000000000005,49.210385892471066,2238.959267290986,1975.7613499512765,discharge,19.44570799494271,2026-08-04
2026-08-04 12:25:00,VIC1,58.35,0.058350000000000006,62.705857816032186,0.0,5.225488151336015,0.0,4.957333333333333,0.0,100.92793563602122,105.88526896935454,88.97921762130633,0.3049072336304565,0.0,-0.3049072336304565,48.90547865884061,2244.184755442322,1975.7613499512765,charge,19.44570799494271,2026-08-04
2026-08-04 12:30:00,VIC1,61.42,0.06142,62.705857816032186,0.0,5.225488151336015,0.0,4.957333333333333,0.0,105.88526896935454,110.84260230268788,93.14504395183856,0.32094948225505804,0.0,-0.32094948225505804,48.58452917658555,2249.410243593658,1975.7613499512765,charge,19.44570799494271,2026-08-04
2026-08-04 12:35:00,VIC1,70.1779,0.0701779,0.0,31.305816103286983,0.0,2.6088180086072486,0.0,2.7499356360212204,110.84260230268788,108.09266666666666,90.83417366946777,0.0,0.18308136932623864,0.18308136932623864,48.767610545911786,2249.410243593658,1978.3701679598837,discharge,19.471384331413496,2026-08-04
2026-08-04 12:40:00,VIC1,61.42,0.06142,62.705857816032186,0.0,5.225488151336015,0.0,4.957333333333333,0.0,108.09266666666666,113.05,95.0,0.32094948225505804,0.0,-0.32094948225505804,48.44666106365673,2254.635731744994,1978.3701679598837,charge,19.471384331413496,2026-08-04
2026-08-04 12:45:00,VIC1,74.7478,0.0747478,0.0,56.43527203442902,0.0,4.702939336202418,0.0,4.957333333333338,113.05,108.09266666666666,90.83417366946777,0.0,0.3515343689145911,0.3515343689145911,48.79819543257132,2254.635731744994,1983.0731072960862,discharge,19.51767129064163,2026-08-04
2026-08-04 12:50:00,VIC1,61.42,0.06142,62.705857816032186,0.0,5.225488151336015,0.0,4.957333333333333,0.0,108.09266666666666,113.05,95.0,0.32094948225505804,0.0,-0.32094948225505804,48.47724595031626,2259.8612198963297,1983.0731072960862,charge,19.51767129064163,2026-08-04
2026-08-04 12:55:00,VIC1,99.21,0.09920999999999999,0.0,56.43527203442902,0.0,4.702939336202418,0.0,4.957333333333338,113.05,108.09266666666666,90.83417366946777,0.0,0.4665786115446418,0.4665786115446418,48.9438245618609,2259.8612198963297,1987.7760466322886,discharge,19.563958249869764,2026-08-04
2026-08-04 13:00:00,VIC1,93.86538,0.09386538,0.0,0.0,0.0,0.0,0.0,0.0,108.09266666666666,108.09266666666666,90.83417366946777,0.0,0.0,0.0,48.9438245618609,2259.8612198963297,1987.7760466322886,idle,19.563958249869764,2026-08-04
2026-08-04 13:05:00,VIC1,84.42,0.08442000000000001,62.705857816032186,0.0,5.225488151336015,0.0,4.957333333333333,0.0,108.09266666666666,113.05,95.0,0.4411357097357865,0.0,-0.4411357097357865,48.50268885212511,2265.0867080476655,1987.7760466322886,charge,19.563958249869764,2026-08-04
2026-08-04 13:10:00,VIC1,98.5,0.0985,0.0,0.0,0.0,0.0,0.0,0.0,113.05,113.05,95.0,0.0,0.0,0.0,48.50268885212511,2265.0867080476655,1987.7760466322886,idle,19.563958249869764,2026-08-04
2026-08-04 13:15:00,VIC1,97.11749,0.09711749,0.0,0.0,0.0,0.0,0.0,0.0,113.05,113.05,95.0,0.0,0.0,0.0,48.50268885212511,2265.0867080476655,1987.7760466322886,idle,19.563958249869764,2026-08-04
2026-08-04 13:20:00,VIC1,99.21,0.09920999999999999,0.0,56.43527203442902,0.0,4.702939336202418,0.0,4.957333333333338,113.05,108.09266666666666,90.83417366946777,0.0,0.4665786115446418,0.4665786115446418,48.96926746366975,2265.0867080476655,1992.478985968491,discharge,19.6102452090979,2026-08-04
2026-08-04 13:25:00,VIC1,94.3059,0.0943059,0.0,0.0,0.0,0.0,0.0,0.0,108.09266666666666,108.09266666666666,90.83417366946777,0.0,0.0,0.0,48.96926746366975,2265.0867080476655,1992.478985968491,idle,19.6102452090979,2026-08-04
2026-08-04 13:30:00,VIC1,92.71373,0.09271373,0.0,0.0,0.0,0.0,0.0,0.0,108.09266666666666,108.09266666666666,90.83417366946777,0.0,0.0,0.0,48.96926746366975,2265.0867080476655,1992.478985968491,idle,19.6102452090979,2026-08-04
2026-08-04 13:35:00,VIC1,84.42,0.08442000000000001,62.705857816032186,0.0,5.225488151336015,0.0,4.957333333333333,0.0,108.09266666666666,113.05,95.0,0.4411357097357865,0.0,-0.4411357097357865,48.52813175393396,2270.3121961990014,1992.478985968491,charge,19.6102452090979,2026-08-04
2026-08-04 13:40:00,VIC1,91.07403,0.09107403,0.0,0.0,0.0,0.0,0.0,0.0,113.05,113.05,95.0,0.0,0.0,0.0,48.52813175393396,2270.3121961990014,1992.478985968491,idle,19.6102452090979,2026-08-04
2026-08-04 13:45:00,VIC1,92.13015,0.09213015000000001,0.0,0.0,0.0,0.0,0.0,0.0,113.05,113.05,95.0,0.0,0.0,0.0,48.52813175393396,2270.3121961990014,1992.478985968491,idle,19.6102452090979,2026-08-04
2026-08-04 13:50:00,VIC1,124.42,0.12442,0.0,69.0,0.0,5.75,0.0,6.061032181989394,113.05,106.98896781801061,89.90669564538707,0.0,0.715415,0.715415,49.24354675393396,2270.3121961990014,1998.228985968491,discharge,19.66683747970471,2026-08-04
2026-08-04 13:55:00,VIC1,104.67227,0.10467227,0.0,69.0,0.0,5.75,0.0,6.061032181989394,106.98896781801061,100.92793563602122,84.81339129077413,0.0,0.6018655525,0.6018655525,49.845412306433964,2270.3121961990014,2003.978985968491,discharge,19.723429750311524,2026-08-04
2026-08-04 14:00:00,VIC1,123.58169,0.12358169,0.0,69.0,0.0,5.75,0.0,6.061032181989394,100.92793563602122,94.86690345403183,79.72008693616121,0.0,0.7105947174999999,0.7105947174999999,50.556007023933965,2270.3121961990014,2009.728985968491,discharge,19.780022020918334,2026-08-04
2026-08-04 14:05:00,VIC1,124.30517,0.12430517,0.0,69.0,0.0,5.75,0.0,6.061032181989394,94.86690345403183,88.80587127204244,74.62678258154827,0.0,0.7147547275,0.7147547275,51.270761751433966,2270.3121961990014,2015.478985968491,discharge,19.836614291525144,2026-08-04
2026-08-04 14:10:00,VIC1,119.72406,0.11972406,0.0,69.0,0.0,5.75,0.0,6.061032181989394,88.80587127204244,82.74483909005305,69.53347822693533,0.0,0.688413345,0.688413345,51.95917509643397,2270.3121961990014,2021.228985968491,discharge,19.893206562131958,2026-08-04
2026-08-04 14:15:00,VIC1,89.0,0.089,62.705857816032186,0.0,5.225488151336015,0.0,4.957333333333333,0.0,82.74483909005305,87.70217242338639,73.69930455746754,0.46506844546890536,0.0,-0.46506844546890536,51.49410665096506,2275.5376843503373,2021.228985968491,charge,19.893206562131958,2026-08-04
2026-08-04 14:20:00,VIC1,94.3059,0.0943059,0.0,0.0,0.0,0.0,0.0,0.0,87.70217242338639,87.70217242338639,73.69930455746754,0.0,0.0,0.0,51.49410665096506,2275.5376843503373,2021.228985968491,idle,19.893206562131958,2026-08-04
2026-08-04 14:25:00,VIC1,94.73579,0.09473579,0.0,0.0,0.0,0.0,0.0,0.0,87.70217242338639,87.70217242338639,73.69930455746754,0.0,0.0,0.0,51.49410665096506,2275.5376843503373,2021.228985968491,idle,19.893206562131958,2026-08-04
2026-08-04 14:30:00,VIC1,92.0735,0.0920735,0.0,0.0,0.0,0.0,0.0,0.0,87.70217242338639,87.70217242338639,73.69930455746754,0.0,0.0,0.0,51.49410665096506,2275.5376843503373,2021.228985968491,idle,19.893206562131958,2026-08-04
2026-08-04 14:35:00,VIC1,98.5,0.0985,0.0,0.0,0.0,0.0,0.0,0.0,87.70217242338639,87.70217242338639,73.69930455746754,0.0,0.0,0.0,51.49410665096506,2275.5376843503373,2021.228985968491,idle,19.893206562131958,2026-08-04
2026-08-04 14:40:00,VIC1,91.78539,0.09178539000000001,0.0,0.0,0.0,0.0,0.0,0.0,87.70217242338639,87.70217242338639,73.69930455746754,0.0,0.0,0.0,51.49410665096506,2275.5376843503373,2021.228985968491,idle,19.893206562131958,2026-08-04
2026-08-04 14:45:00,VIC1,89.17103,0.08917103,62.705857816032186,0.0,5.225488151336015,0.0,4.957333333333333,0.0,87.70217242338639,92.65950575671972,77.86513088799977,0.46596216070742835,0.0,-0.46596216070742835,51.02814449025763,2280.763172501673,2021.228985968491,charge,19.893206562131958,2026-08-04
2026-08-04 14:50:00,VIC1,92.25308,0.09225308,0.0,0.0,0.0,0.0,0.0,0.0,92.65950575671972,92.65950575671972,77.86513088799977,0.0,0.0,0.0,51.02814449025763,2280.763172501673,2021.228985968491,idle,19.893206562131958,2026-08-04
2026-08-04 14:55:00,VIC1,90.32534,0.09032534,48.980612989043294,0.0,4.081717749086941,0.0,3.872257455915119,0.0,92.65950575671972,96.53176321263484,81.1191287501133,0.36868254347031265,0.0,-0.36868254347031265,50.65946194678732,2284.8448902507603,2021.228985968491,charge,19.893206562131958,2026-08-04
2026-08-04 15:00:00,VIC1,92.08749,0.09208749000000001,0.0,0.0,0.0,0.0,0.0,0.0,96.53176321263484,96.53176321263484,81.1191287501133,0.0,0.0,0.0,50.65946194678732,2284.8448902507603,2021.228985968491,idle,19.893206562131958,2026-08-04
2026-08-04 15:05:00,VIC1,92.34143,0.09234143,0.0,0.0,0.0,0.0,0.0,0.0,96.53176321263484,96.53176321263484,81.1191287501133,0.0,0.0,0.0,50.65946194678732,2284.8448902507603,2021.228985968491,idle,19.893206562131958,2026-08-04
2026-08-04 15:10:00,VIC1,91.55819,0.09155819,0.0,0.0,0.0,0.0,0.0,0.0,96.53176321263484,96.53176321263484,81.1191287501133,0.0,0.0,0.0,50.65946194678732,2284.8448902507603,2021.228985968491,idle,19.893206562131958,2026-08-04
2026-08-04 15:15:00,VIC1,93.3167,0.0933167,0.0,0.0,0.0,0.0,0.0,0.0,96.53176321263484,96.53176321263484,81.1191287501133,0.0,0.0,0.0,50.65946194678732,2284.8448902507603,2021.228985968491,idle,19.893206562131958,2026-08-04
2026-08-04 15:20:00,VIC1,94.29051,0.09429051,0.0,0.0,0.0,0.0,0.0,0.0,96.53176321263484,96.53176321263484,81.1191287501133,0.0,0.0,0.0,50.65946194678732,2284.8448902507603,2021.228985968491,idle,19.893206562131958,2026-08-04
2026-08-04 15:25:00,VIC1,124.42,0.12442,0.0,69.0,0.0,5.75,0.0,6.061032181989394,96.53176321263484,90.47073103064545,76.02582439550038,0.0,0.715415,0.715415,51.37487694678732,2284.8448902507603,2026.978985968491,discharge,19.949798832738768,2026-08-04
2026-08-04 15:30:00,VIC1,92.6773,0.0926773,0.0,0.0,0.0,0.0,0.0,0.0,90.47073103064545,90.47073103064545,76.02582439550038,0.0,0.0,0.0,51.37487694678732,2284.8448902507603,2026.978985968491,idle,19.949798832738768,2026-08-04
2026-08-04 15:35:00,VIC1,93.01415,0.09301415,0.0,0.0,0.0,0.0,0.0,0.0,90.47073103064545,90.47073103064545,76.02582439550038,0.0,0.0,0.0,51.37487694678732,2284.8448902507603,2026.978985968491,idle,19.949798832738768,2026-08-04
2026-08-04 15:40:00,VIC1,93.99756,0.09399756,0.0,0.0,0.0,0.0,0.0,0.0,90.47073103064545,90.47073103064545,76.02582439550038,0.0,0.0,0.0,51.37487694678732,2284.8448902507603,2026.978985968491,idle,19.949798832738768,2026-08-04
2026-08-04 15:45:00,VIC1,115.89,0.11589,0.0,69.0,0.0,5.75,0.0,6.061032181989394,90.47073103064545,84.40969884865606,70.93252004088745,0.0,0.6663675,0.6663675,52.04124444678732,2284.8448902507603,2032.728985968491,discharge,20.00639110334558,2026-08-04
2026-08-04 15:50:00,VIC1,130.36248,0.13036248,0.0,69.0,0.0,5.75,0.0,6.061032181989394,84.40969884865606,78.34866666666667,65.83921568627451,0.0,0.74958426,0.74958426,52.790828706787316,2284.8448902507603,2038.478985968491,discharge,20.06298337395239,2026-08-04
2026-08-04 15:55:00,VIC1,73.34191,0.07334191,62.705857816032186,0.0,5.225488151336015,0.0,4.957333333333333,0.0,78.34866666666667,83.30600000000001,70.00504201680673,0.38324728170135236,0.0,-0.38324728170135236,52.407581425085965,2290.070378402096,2038.478985968491,charge,20.06298337395239,2026-08-04
2026-08-04 16:00:00,VIC1,80.5,0.0805,62.705857816032186,0.0,5.225488151336015,0.0,4.957333333333333,0.0,83.30600000000001,88.26333333333334,74.17086834733894,0.4206517961825492,0.0,-0.4206517961825492,51.98692962890342,2295.295866553432,2038.478985968491,charge,20.06298337395239,2026-08-04
2026-08-04 16:05:00,VIC1,86.33081,0.08633081000000001,62.705857816032186,0.0,5.225488151336015,0.0,4.957333333333333,0.0,88.26333333333334,93.22066666666667,78.33669467787115,0.45112062475024084,0.0,-0.45112062475024084,51.53580900415318,2300.521354704768,2038.478985968491,charge,20.06298337395239,2026-08-04
2026-08-04 16:10:00,VIC1,61.44922,0.06144922,62.705857816032186,0.0,5.225488151336015,0.0,4.957333333333333,0.0,93.22066666666667,98.178,82.50252100840336,0.3211021710188401,0.0,-0.3211021710188401,51.214706833134336,2305.7468428561037,2038.478985968491,charge,20.06298337395239,2026-08-04
2026-08-04 16:15:00,VIC1,39.30791,0.03930791,62.705857816032186,0.0,5.225488151336015,0.0,4.957333333333333,0.0,98.178,103.13533333333334,86.66834733893558,0.20540301795878246,0.0,-0.20540301795878246,51.00930381517556,2310.9723310074396,2038.478985968491,charge,20.06298337395239,2026-08-04
2026-08-04 16:20:00,VIC1,75.4,0.07540000000000001,62.705857816032186,0.0,5.225488151336015,0.0,4.957333333333333,0.0,103.13533333333334,108.09266666666666,90.83417366946777,0.3940018066107356,0.0,-0.3940018066107356,50.61530200856482,2316.1978191587755,2038.478985968491,charge,20.06298337395239,2026-08-04
2026-08-04 16:25:00,VIC1,88.33104,0.08833104,62.705857816032186,0.0,5.225488151336015,0.0,4.957333333333333,0.0,108.09266666666666,113.05,95.0,0.4615728029151876,0.0,-0.4615728029151876,50.15372920564963,2321.4233073101113,2038.478985968491,charge,20.06298337395239,2026-08-04
2026-08-04 16:30:00,VIC1,94.97126,0.09497126,0.0,0.0,0.0,0.0,0.0,0.0,113.05,113.05,95.0,0.0,0.0,0.0,50.15372920564963,2321.4233073101113,2038.478985968491,idle,20.06298337395239,2026-08-04
2026-08-04 16:35:00,VIC1,94.67679,0.09467679,-0.0,0.0,-0.0,0.0,-0.0,0.0,113.05,113.05,95.0,-0.0,0.0,0.0,50.15372920564963,2321.4233073101113,2038.478985968491,idle,20.06298337395239,2026-08-04
2026-08-04 16:40:00,VIC1,110.4,0.11040000000000001,0.0,-0.0,0.0,-0.0,0.0,-0.0,113.05,113.05,95.0,0.0,-0.0,-0.0,50.15372920564963,2321.4233073101113,2038.478985968491,idle,20.06298337395239,2026-08-04
2026-08-04 16:45:00,VIC1,115.11265,0.11511265000000001,0.0,0.0,0.0,0.0,0.0,0.0,113.05,113.05,95.0,0.0,0.0,0.0,50.15372920564963,2321.4233073101113,2038.478985968491,idle,20.06298337395239,2026-08-04
2026-08-04 16:50:00,VIC1,127.55903,0.12755903000000002,0.0,69.0,0.0,5.75,0.0,6.061032181989394,113.05,106.98896781801061,89.90669564538707,0.0,0.7334644225000001,0.7334644225000001,50.88719362814963,2321.4233073101113,2044.228985968491,discharge,20.119575644559202,2026-08-04
2026-08-04 16:55:00,VIC1,132.55623,0.13255623,0.0,69.0,0.0,5.75,0.0,6.061032181989394,106.98896781801061,100.92793563602122,84.81339129077413,0.0,0.7621983225,0.7621983225,51.64939195064963,2321.4233073101113,2049.978985968491,discharge,20.176167915166015,2026-08-04
2026-08-04 17:00:00,VIC1,160.16796,0.16016796,0.0,69.0,0.0,5.75,0.0,6.061032181989394,100.92793563602122,94.86690345403183,79.72008693616121,0.0,0.92096577,0.92096577,52.57035772064963,2321.4233073101113,2055.728985968491,discharge,20.232760185772825,2026-08-04
2026-08-04 17:05:00,VIC1,121.94413,0.12194413,0.0,0.0,0.0,0.0,0.0,0.0,94.86690345403183,94.86690345403183,79.72008693616121,0.0,0.0,0.0,52.57035772064963,2321.4233073101113,2055.728985968491,idle,20.232760185772825,2026-08-04
2026-08-04 17:10:00,VIC1,108.36025,0.10836024999999999,62.705857816032186,0.0,5.225488151336015,0.0,4.957333333333333,0.0,94.86690345403183,99.82423678736517,83.88591326669341,0.5662352024508084,0.0,-0.5662352024508084,52.00412251819883,2326.648795461447,2055.728985968491,charge,20.232760185772825,2026-08-04
2026-08-04 17:15:00,VIC1,117.61615,0.11761615,0.0,0.0,0.0,0.0,0.0,0.0,99.82423678736517,99.82423678736517,83.88591326669341,0.0,0.0,0.0,52.00412251819883,2326.648795461447,2055.728985968491,idle,20.232760185772825,2026-08-04
2026-08-04 17:20:00,VIC1,119.75122,0.11975122,0.0,0.0,0.0,0.0,0.0,0.0,99.82423678736517,99.82423678736517,83.88591326669341,0.0,0.0,0.0,52.00412251819883,2326.648795461447,2055.728985968491,idle,20.232760185772825,2026-08-04
2026-08-04 17:25:00,VIC1,123.54666,0.12354666,0.0,0.0,0.0,0.0,0.0,0.0,99.82423678736517,99.82423678736517,83.88591326669341,0.0,0.0,0.0,52.00412251819883,2326.648795461447,2055.728985968491,idle,20.232760185772825,2026-08-04
2026-08-04 17:30:00,VIC1,130.21419,0.13021419,0.0,69.0,0.0,5.75,0.0,6.061032181989394,99.82423678736517,93.76320460537578,78.79260891208048,0.0,0.7487315925,0.7487315925,52.75285411069883,2326.648795461447,2061.478985968491,discharge,20.28935245637964,2026-08-04
2026-08-04 17:35:00,VIC1,122.18147,0.12218147,0.0,0.0,0.0,0.0,0.0,0.0,93.76320460537578,93.76320460537578,78.79260891208048,0.0,0.0,0.0,52.75285411069883,2326.648795461447,2061.478985968491,idle,20.28935245637964,2026-08-04
2026-08-04 17:40:00,VIC1,138.10587,0.13810587000000002,0.0,69.0,0.0,5.75,0.0,6.061032181989394,93.76320460537578,87.70217242338639,73.69930455746754,0.0,0.7941087525000001,0.7941087525000001,53.54696286319883,2326.648795461447,2067.228985968491,discharge,20.34594472698645,2026-08-04
2026-08-04 17:45:00,VIC1,131.63717,0.13163717,0.0,69.0,0.0,5.75,0.0,6.061032181989394,87.70217242338639,81.641140241397,68.60600020285462,0.0,0.7569137275,0.7569137275,54.30387659069883,2326.648795461447,2072.978985968491,discharge,20.40253699759326,2026-08-04
2026-08-04 17:50:00,VIC1,133.41225,0.13341225,0.0,69.0,0.0,5.75,0.0,6.061032181989394,81.641140241397,75.5801080594076,63.512695848241684,0.0,0.7671204375,0.7671204375,55.070997028198825,2326.648795461447,2078.728985968491,discharge,20.459129268200073,2026-08-04
2026-08-04 17:55:00,VIC1,134.20822,0.13420822000000002,0.0,69.0,0.0,5.75,0.0,6.061032181989394,75.5801080594076,69.51907587741822,58.41939149362876,0.0,0.7716972650000001,0.7716972650000001,55.842694293198825,2326.648795461447,2084.478985968491,discharge,20.515721538806883,2026-08-04
2026-08-04 18:00:00,VIC1,126.78441,0.12678441,0.0,64.98886279223652,0.0,5.4157385660197095,0.0,5.708689693545487,69.51907587741822,63.81038618387273,53.6221732637586,0.0,0.6866312188070548,0.6866312188070548,56.52932551200588,2326.648795461447,2089.8947245345107,discharge,20.56902396358322,2026-08-04
2026-08-04 18:05:00,VIC1,116.50286,0.11650286,0.0,0.0,0.0,0.0,0.0,0.0,63.81038618387273,63.81038618387273,53.6221732637586,0.0,0.0,0.0,56.52932551200588,2326.648795461447,2089.8947245345107,idle,20.56902396358322,2026-08-04
2026-08-04 18:10:00,VIC1,114.80867,0.11480867000000002,0.0,0.0,0.0,0.0,0.0,0.0,63.81038618387273,63.81038618387273,53.6221732637586,0.0,0.0,0.0,56.52932551200588,2326.648795461447,2089.8947245345107,idle,20.56902396358322,2026-08-04
2026-08-04 18:15:00,VIC1,116.54495,0.11654495000000001,0.0,0.0,0.0,0.0,0.0,0.0,63.81038618387273,63.81038618387273,53.6221732637586,0.0,0.0,0.0,56.52932551200588,2326.648795461447,2089.8947245345107,idle,20.56902396358322,2026-08-04
2026-08-04 18:20:00,VIC1,123.62997,0.12362997,0.0,0.0,0.0,0.0,0.0,0.0,63.81038618387273,63.81038618387273,53.6221732637586,0.0,0.0,0.0,56.52932551200588,2326.648795461447,2089.8947245345107,idle,20.56902396358322,2026-08-04
2026-08-04 18:25:00,VIC1,123.64121,0.12364121,0.0,0.0,0.0,0.0,0.0,0.0,63.81038618387273,63.81038618387273,53.6221732637586,0.0,0.0,0.0,56.52932551200588,2326.648795461447,2089.8947245345107,idle,20.56902396358322,2026-08-04
2026-08-04 18:30:00,VIC1,122.76265,0.12276265,0.0,0.0,0.0,0.0,0.0,0.0,63.81038618387273,63.81038618387273,53.6221732637586,0.0,0.0,0.0,56.52932551200588,2326.648795461447,2089.8947245345107,idle,20.56902396358322,2026-08-04
2026-08-04 18:35:00,VIC1,115.29897,0.11529897,0.0,0.0,0.0,0.0,0.0,0.0,63.81038618387273,63.81038618387273,53.6221732637586,0.0,0.0,0.0,56.52932551200588,2326.648795461447,2089.8947245345107,idle,20.56902396358322,2026-08-04
2026-08-04 18:40:00,VIC1,118.30301,0.11830301,0.0,0.0,0.0,0.0,0.0,0.0,63.81038618387273,63.81038618387273,53.6221732637586,0.0,0.0,0.0,56.52932551200588,2326.648795461447,2089.8947245345107,idle,20.56902396358322,2026-08-04
2026-08-04 18:45:00,VIC1,116.99537,0.11699537,0.0,0.0,0.0,0.0,0.0,0.0,63.81038618387273,63.81038618387273,53.6221732637586,0.0,0.0,0.0,56.52932551200588,2326.648795461447,2089.8947245345107,idle,20.56902396358322,2026-08-04
2026-08-04 18:50:00,VIC1,117.63418,0.11763418,0.0,0.0,0.0,0.0,0.0,0.0,63.81038618387273,63.81038618387273,53.6221732637586,0.0,0.0,0.0,56.52932551200588,2326.648795461447,2089.8947245345107,idle,20.56902396358322,2026-08-04
2026-08-04 18:55:00,VIC1,116.06036,0.11606036,0.0,0.0,0.0,0.0,0.0,0.0,63.81038618387273,63.81038618387273,53.6221732637586,0.0,0.0,0.0,56.52932551200588,2326.648795461447,2089.8947245345107,idle,20.56902396358322,2026-08-04
2026-08-04 19:00:00,VIC1,118.87418,0.11887418,0.0,0.0,0.0,0.0,0.0,0.0,63.81038618387273,63.81038618387273,53.6221732637586,0.0,0.0,0.0,56.52932551200588,2326.648795461447,2089.8947245345107,idle,20.56902396358322,2026-08-04
2026-08-04 19:05:00,VIC1,117.24472,0.11724472,0.0,0.0,0.0,0.0,0.0,0.0,63.81038618387273,63.81038618387273,53.6221732637586,0.0,0.0,0.0,56.52932551200588,2326.648795461447,2089.8947245345107,idle,20.56902396358322,2026-08-04
2026-08-04 19:10:00,VIC1,119.1173,0.11911730000000001,0.0,0.0,0.0,0.0,0.0,0.0,63.81038618387273,63.81038618387273,53.6221732637586,0.0,0.0,0.0,56.52932551200588,2326.648795461447,2089.8947245345107,idle,20.56902396358322,2026-08-04
2026-08-04 19:15:00,VIC1,119.1481,0.1191481,0.0,0.0,0.0,0.0,0.0,0.0,63.81038618387273,63.81038618387273,53.6221732637586,0.0,0.0,0.0,56.52932551200588,2326.648795461447,2089.8947245345107,idle,20.56902396358322,2026-08-04
2026-08-04 19:20:00,VIC1,114.92043,0.11492043,0.0,0.0,0.0,0.0,0.0,0.0,63.81038618387273,63.81038618387273,53.6221732637586,0.0,0.0,0.0,56.52932551200588,2326.648795461447,2089.8947245345107,idle,20.56902396358322,2026-08-04
2026-08-04 19:25:00,VIC1,116.63855,0.11663855,0.0,0.0,0.0,0.0,0.0,0.0,63.81038618387273,63.81038618387273,53.6221732637586,0.0,0.0,0.0,56.52932551200588,2326.648795461447,2089.8947245345107,idle,20.56902396358322,2026-08-04
2026-08-04 19:30:00,VIC1,114.53707,0.11453707,0.0,0.0,0.0,0.0,0.0,0.0,63.81038618387273,63.81038618387273,53.6221732637586,0.0,0.0,0.0,56.52932551200588,2326.648795461447,2089.8947245345107,idle,20.56902396358322,2026-08-04
2026-08-04 19:35:00,VIC1,114.05652,0.11405652000000001,62.705857816032186,0.0,5.225488151336015,0.0,4.957333333333333,0.0,63.81038618387273,68.76771951720606,57.78799959429081,0.5960009938426193,0.0,-0.5960009938426193,55.93332451816326,2331.874283612783,2089.8947245345107,charge,20.56902396358322,2026-08-04
2026-08-04 19:40:00,VIC1,119.01459,0.11901459,0.0,0.0,0.0,0.0,0.0,0.0,68.76771951720606,68.76771951720606,57.78799959429081,0.0,0.0,0.0,55.93332451816326,2331.874283612783,2089.8947245345107,idle,20.56902396358322,2026-08-04
2026-08-04 19:45:00,VIC1,116.4668,0.11646680000000001,0.0,0.0,0.0,0.0,0.0,0.0,68.76771951720606,68.76771951720606,57.78799959429081,0.0,0.0,0.0,55.93332451816326,2331.874283612783,2089.8947245345107,idle,20.56902396358322,2026-08-04
2026-08-04 19:50:00,VIC1,113.64407,0.11364407,62.705857816032186,0.0,5.225488151336015,0.0,4.957333333333333,0.0,68.76771951720606,73.7250528505394,61.95382592482302,0.5938457412546007,0.0,-0.5938457412546007,55.33947877690866,2337.099771764119,2089.8947245345107,charge,20.56902396358322,2026-08-04
2026-08-04 19:55:00,VIC1,115.0,0.115,0.0,0.0,0.0,0.0,0.0,0.0,73.7250528505394,73.7250528505394,61.95382592482302,0.0,0.0,0.0,55.33947877690866,2337.099771764119,2089.8947245345107,idle,20.56902396358322,2026-08-04
2026-08-04 20:00:00,VIC1,118.02518,0.11802518000000001,0.0,0.0,0.0,0.0,0.0,0.0,73.7250528505394,73.7250528505394,61.95382592482302,0.0,0.0,0.0,55.33947877690866,2337.099771764119,2089.8947245345107,idle,20.56902396358322,2026-08-04
2026-08-04 20:05:00,VIC1,119.86058,0.11986058,0.0,0.0,0.0,0.0,0.0,0.0,73.7250528505394,73.7250528505394,61.95382592482302,0.0,0.0,0.0,55.33947877690866,2337.099771764119,2089.8947245345107,idle,20.56902396358322,2026-08-04
2026-08-04 20:10:00,VIC1,118.80331,0.11880331,0.0,0.0,0.0,0.0,0.0,0.0,73.7250528505394,73.7250528505394,61.95382592482302,0.0,0.0,0.0,55.33947877690866,2337.099771764119,2089.8947245345107,idle,20.56902396358322,2026-08-04
2026-08-04 20:15:00,VIC1,115.9547,0.11595470000000001,0.0,0.0,0.0,0.0,0.0,0.0,73.7250528505394,73.7250528505394,61.95382592482302,0.0,0.0,0.0,55.33947877690866,2337.099771764119,2089.8947245345107,idle,20.56902396358322,2026-08-04
2026-08-04 20:20:00,VIC1,127.29381,0.12729381,0.0,69.0,0.0,5.75,0.0,6.061032181989394,73.7250528505394,67.66402066855001,56.86052157021009,0.0,0.7319394075000001,0.7319394075000001,56.071418184408664,2337.099771764119,2095.6447245345107,discharge,20.62561623419003,2026-08-04
2026-08-04 20:25:00,VIC1,116.18377,0.11618376999999999,0.0,0.0,0.0,0.0,0.0,0.0,67.66402066855001,67.66402066855001,56.86052157021009,0.0,0.0,0.0,56.071418184408664,2337.099771764119,2095.6447245345107,idle,20.62561623419003,2026-08-04
2026-08-04 20:30:00,VIC1,115.79021,0.11579021,0.0,0.0,0.0,0.0,0.0,0.0,67.66402066855001,67.66402066855001,56.86052157021009,0.0,0.0,0.0,56.071418184408664,2337.099771764119,2095.6447245345107,idle,20.62561623419003,2026-08-04
2026-08-04 20:35:00,VIC1,122.99595,0.12299594999999999,0.0,0.0,0.0,0.0,0.0,0.0,67.66402066855001,67.66402066855001,56.86052157021009,0.0,0.0,0.0,56.071418184408664,2337.099771764119,2095.6447245345107,idle,20.62561623419003,2026-08-04
2026-08-04 20:40:00,VIC1,129.96525,0.12996525,0.0,69.0,0.0,5.75,0.0,6.061032181989394,67.66402066855001,61.60298848656062,51.767217215597164,0.0,0.7473001875,0.7473001875,56.818718371908666,2337.099771764119,2101.3947245345107,discharge,20.682208504796844,2026-08-04
2026-08-04 20:45:00,VIC1,126.80892,0.12680892,0.0,69.0,0.0,5.75,0.0,6.061032181989394,61.60298848656062,55.54195630457122,46.67391286098422,0.0,0.7291512899999999,0.7291512899999999,57.54786966190866,2337.099771764119,2107.1447245345107,discharge,20.738800775403654,2026-08-04
2026-08-04 20:50:00,VIC1,117.2245,0.11722450000000001,0.0,0.0,0.0,0.0,0.0,0.0,55.54195630457122,55.54195630457122,46.67391286098422,0.0,0.0,0.0,57.54786966190866,2337.099771764119,2107.1447245345107,idle,20.738800775403654,2026-08-04
2026-08-04 20:55:00,VIC1,115.63107,0.11563107,0.0,0.0,0.0,0.0,0.0,0.0,55.54195630457122,55.54195630457122,46.67391286098422,0.0,0.0,0.0,57.54786966190866,2337.099771764119,2107.1447245345107,idle,20.738800775403654,2026-08-04
2026-08-04 21:00:00,VIC1,118.38438,0.11838438,0.0,0.0,0.0,0.0,0.0,0.0,55.54195630457122,55.54195630457122,46.67391286098422,0.0,0.0,0.0,57.54786966190866,2337.099771764119,2107.1447245345107,idle,20.738800775403654,2026-08-04
2026-08-04 21:05:00,VIC1,130.77014,0.13077014,0.0,69.0,0.0,5.75,0.0,6.061032181989394,55.54195630457122,49.480924122581825,41.58060850637128,0.0,0.7519283050000001,0.7519283050000001,58.29979796690866,2337.099771764119,2112.8947245345107,discharge,20.795393046010467,2026-08-04
2026-08-04 21:10:00,VIC1,119.57808,0.11957808,0.0,0.0,0.0,0.0,0.0,0.0,49.480924122581825,49.480924122581825,41.58060850637128,0.0,0.0,0.0,58.29979796690866,2337.099771764119,2112.8947245345107,idle,20.795393046010467,2026-08-04
2026-08-04 21:15:00,VIC1,133.70287,0.13370287,0.0,69.0,0.0,5.75,0.0,6.061032181989394,49.480924122581825,43.41989194059243,36.487304151758345,0.0,0.7687915025000001,0.7687915025000001,59.068589469408664,2337.099771764119,2118.6447245345107,discharge,20.851985316617277,2026-08-04
2026-08-04 21:20:00,VIC1,128.48,0.12847999999999998,0.0,69.0,0.0,5.75,0.0,6.061032181989394,43.41989194059243,37.35885975860303,31.393999797145405,0.0,0.7387599999999999,0.7387599999999999,59.80734946940866,2337.099771764119,2124.3947245345107,discharge,20.908577587224087,2026-08-04
2026-08-04 21:25:00,VIC1,127.97,0.12797,0.0,69.0,0.0,5.75,0.0,6.061032181989394,37.35885975860303,31.297827576613635,26.30069544253247,0.0,0.7358275,0.7358275,60.54317696940866,2337.099771764119,2130.1447245345107,discharge,20.9651698578309,2026-08-04
2026-08-04 21:30:00,VIC1,121.77273,0.12177273,0.0,0.0,0.0,0.0,0.0,0.0,31.297827576613635,31.297827576613635,26.30069544253247,0.0,0.0,0.0,60.54317696940866,2337.099771764119,2130.1447245345107,idle,20.9651698578309,2026-08-04
2026-08-04 21:35:00,VIC1,128.48,0.12847999999999998,0.0,69.0,0.0,5.75,0.0,6.061032181989394,31.297827576613635,25.23679539462424,21.20739108791953,0.0,0.7387599999999999,0.7387599999999999,61.28193696940866,2337.099771764119,2135.8947245345107,discharge,21.02176212843771,2026-08-04
2026-08-04 21:40:00,VIC1,129.84,0.12984,0.0,69.0,0.0,5.75,0.0,6.061032181989394,25.23679539462424,19.17576321263485,16.114086733306596,0.0,0.74658,0.74658,62.02851696940866,2337.099771764119,2141.6447245345107,discharge,21.078354399044525,2026-08-04
2026-08-04 21:45:00,VIC1,119.21961,0.11921961,0.0,0.0,0.0,0.0,0.0,0.0,19.17576321263485,19.17576321263485,16.114086733306596,0.0,0.0,0.0,62.02851696940866,2337.099771764119,2141.6447245345107,idle,21.078354399044525,2026-08-04
2026-08-04 21:50:00,VIC1,118.45475,0.11845475000000001,0.0,0.0,0.0,0.0,0.0,0.0,19.17576321263485,19.17576321263485,16.114086733306596,0.0,0.0,0.0,62.02851696940866,2337.099771764119,2141.6447245345107,idle,21.078354399044525,2026-08-04
2026-08-04 21:55:00,VIC1,118.90681,0.11890681,0.0,0.0,0.0,0.0,0.0,0.0,19.17576321263485,19.17576321263485,16.114086733306596,0.0,0.0,0.0,62.02851696940866,2337.099771764119,2141.6447245345107,idle,21.078354399044525,2026-08-04
2026-08-04 22:00:00,VIC1,113.87293,0.11387293,62.705857816032186,0.0,5.225488151336015,0.0,4.957333333333333,0.0,19.17576321263485,24.133096545968183,20.27991306383881,0.5950416464729155,0.0,-0.5950416464729155,61.43347532293575,2342.325259915455,2141.6447245345107,charge,21.078354399044525,2026-08-04
2026-08-04 22:05:00,VIC1,126.14151,0.12614151,0.0,0.0,0.0,0.0,0.0,0.0,24.133096545968183,24.133096545968183,20.27991306383881,0.0,0.0,0.0,61.43347532293575,2342.325259915455,2141.6447245345107,idle,21.078354399044525,2026-08-04
2026-08-04 22:10:00,VIC1,128.48,0.12847999999999998,0.0,69.0,0.0,5.75,0.0,6.061032181989394,24.133096545968183,18.07206436397879,15.186608709225874,0.0,0.7387599999999999,0.7387599999999999,62.17223532293575,2342.325259915455,2147.3947245345107,discharge,21.134946669651335,2026-08-04
2026-08-04 22:15:00,VIC1,130.24499,0.13024499,0.0,69.0,0.0,5.75,0.0,6.061032181989394,18.07206436397879,12.011032181989394,10.093304354612936,0.0,0.7489086925,0.7489086925,62.92114401543575,2342.325259915455,2153.1447245345107,discharge,21.191538940258145,2026-08-04
2026-08-04 22:20:00,VIC1,126.9051,0.12690510000000002,0.0,69.0,0.0,5.75,0.0,6.061032181989394,12.011032181989394,5.95,5.0,0.0,0.7297043250000002,0.7297043250000002,63.65084834043575,2342.325259915455,2158.8947245345107,discharge,21.24813121086496,2026-08-04
2026-08-04 22:25:00,VIC1,113.85393,0.11385393,-0.0,0.0,-0.0,0.0,-0.0,0.0,5.95,5.95,5.0,-0.0,0.0,0.0,63.65084834043575,2342.325259915455,2158.8947245345107,idle,21.24813121086496,2026-08-04
2026-08-04 22:30:00,VIC1,111.91898,0.11191898,0.0,0.0,0.0,0.0,0.0,0.0,5.95,5.95,5.0,0.0,0.0,0.0,63.65084834043575,2342.325259915455,2158.8947245345107,idle,21.24813121086496,2026-08-04
2026-08-04 22:35:00,VIC1,110.4,0.11040000000000001,-0.0,0.0,-0.0,0.0,-0.0,0.0,5.95,5.95,5.0,-0.0,0.0,0.0,63.65084834043575,2342.325259915455,2158.8947245345107,idle,21.24813121086496,2026-08-04
2026-08-04 22:40:00,VIC1,111.89186,0.11189186,0.0,0.0,0.0,0.0,0.0,0.0,5.95,5.95,5.0,0.0,0.0,0.0,63.65084834043575,2342.325259915455,2158.8947245345107,idle,21.24813121086496,2026-08-04
2026-08-04 22:45:00,VIC1,99.81548,0.09981548,0.0,0.0,0.0,0.0,0.0,0.0,5.95,5.95,5.0,0.0,0.0,0.0,63.65084834043575,2342.325259915455,2158.8947245345107,idle,21.24813121086496,2026-08-04
2026-08-04 22:50:00,VIC1,105.56,0.10556,0.0,0.0,0.0,0.0,0.0,0.0,5.95,5.95,5.0,0.0,0.0,0.0,63.65084834043575,2342.325259915455,2158.8947245345107,idle,21.24813121086496,2026-08-04
2026-08-04 22:55:00,VIC1,96.63036,0.09663036,62.705857816032186,0.0,5.225488151336015,0.0,4.957333333333333,0.0,5.95,10.907333333333334,9.165826330532214,0.5049408012393336,0.0,-0.5049408012393336,63.145907539196415,2347.5507480667907,2158.8947245345107,charge,21.24813121086496,2026-08-04
2026-08-04 23:00:00,VIC1,102.20852,0.10220852,0.0,0.0,0.0,0.0,0.0,0.0,10.907333333333334,10.907333333333334,9.165826330532214,0.0,0.0,0.0,63.145907539196415,2347.5507480667907,2158.8947245345107,idle,21.24813121086496,2026-08-04
2026-08-04 23:05:00,VIC1,102.15938,0.10215938,0.0,0.0,0.0,0.0,0.0,0.0,10.907333333333334,10.907333333333334,9.165826330532214,0.0,0.0,0.0,63.145907539196415,2347.5507480667907,2158.8947245345107,idle,21.24813121086496,2026-08-04
2026-08-04 23:10:00,VIC1,99.55469,0.09955469,0.0,0.0,0.0,0.0,0.0,0.0,10.907333333333334,10.907333333333334,9.165826330532214,0.0,0.0,0.0,63.145907539196415,2347.5507480667907,2158.8947245345107,idle,21.24813121086496,2026-08-04
2026-08-04 23:15:00,VIC1,97.10947,0.09710947,13.96080885063449,0.0,1.163400737552874,0.0,1.1036988486560608,0.0,10.907333333333334,12.011032181989394,10.093304354612936,0.11297722902136871,0.0,-0.11297722902136871,63.03293031017505,2348.7141488043435,2158.8947245345107,charge,21.24813121086496,2026-08-04
2026-08-04 23:20:00,VIC1,98.15061,0.09815061,0.0,0.0,0.0,0.0,0.0,0.0,12.011032181989394,12.011032181989394,10.093304354612936,0.0,0.0,0.0,63.03293031017505,2348.7141488043435,2158.8947245345107,idle,21.24813121086496,2026-08-04
2026-08-04 23:25:00,VIC1,100.968,0.100968,0.0,0.0,0.0,0.0,0.0,0.0,12.011032181989394,12.011032181989394,10.093304354612936,0.0,0.0,0.0,63.03293031017505,2348.7141488043435,2158.8947245345107,idle,21.24813121086496,2026-08-04
2026-08-04 23:30:00,VIC1,100.18768,0.10018768,0.0,0.0,0.0,0.0,0.0,0.0,12.011032181989394,12.011032181989394,10.093304354612936,0.0,0.0,0.0,63.03293031017505,2348.7141488043435,2158.8947245345107,idle,21.24813121086496,2026-08-04
2026-08-04 23:35:00,VIC1,103.47244,0.10347244000000001,0.0,0.0,0.0,0.0,0.0,0.0,12.011032181989394,12.011032181989394,10.093304354612936,0.0,0.0,0.0,63.03293031017505,2348.7141488043435,2158.8947245345107,idle,21.24813121086496,2026-08-04
2026-08-04 23:40:00,VIC1,110.4,0.11040000000000001,0.0,69.0,0.0,5.75,0.0,6.061032181989394,12.011032181989394,5.95,5.0,0.0,0.6348,0.6348,63.667730310175045,2348.7141488043435,2164.6447245345107,discharge,21.30472348147177,2026-08-04
2026-08-04 23:45:00,VIC1,97.26037,0.09726037,0.0,0.0,0.0,0.0,0.0,0.0,5.95,5.95,5.0,0.0,0.0,0.0,63.667730310175045,2348.7141488043435,2164.6447245345107,idle,21.30472348147177,2026-08-04
2026-08-04 23:50:00,VIC1,98.4506,0.0984506,0.0,0.0,0.0,0.0,0.0,0.0,5.95,5.95,5.0,0.0,0.0,0.0,63.667730310175045,2348.7141488043435,2164.6447245345107,idle,21.30472348147177,2026-08-04
2026-08-04 23:55:00,VIC1,95.57563,0.09557563000000001,62.705857816032186,0.0,5.225488151336015,0.0,4.957333333333333,0.0,5.95,10.907333333333332,9.165826330532212,0.49942932212147506,0.0,-0.49942932212147506,63.16830098805357,2353.9396369556794,2164.6447245345107,charge,21.30472348147177,2026-08-04
2026-08-05 00:00:00,VIC1,91.25432,0.09125432000000001,62.705857816032186,0.0,5.225488151336015,0.0,4.957333333333333,0.0,10.907333333333332,15.864666666666665,13.331652661064425,0.4768483679182252,0.0,-0.4768483679182252,62.69145262013535,2359.1651251070152,2164.6447245345107,charge,21.30472348147177,2026-08-04
2026-08-05 00:05:00,VIC1,96.26259,0.09626259000000001,27.92161770126902,0.0,2.3268014751057517,0.0,2.2073976973121248,0.0,15.864666666666665,18.07206436397879,15.186608709225874,0.2239839364095002,0.0,-0.2239839364095002,62.46746868372585,2361.491926582121,2164.6447245345107,charge,21.30472348147177,2026-08-05
2026-08-05 00:10:00,VIC1,110.4,0.11040000000000001,0.0,69.0,0.0,5.75,0.0,6.061032181989394,18.07206436397879,12.011032181989394,10.093304354612936,0.0,0.6348,0.6348,63.102268683725846,2361.491926582121,2170.3947245345107,discharge,21.36131575207858,2026-08-05
2026-08-05 00:15:00,VIC1,110.4,0.11040000000000001,0.0,69.0,0.0,5.75,0.0,6.061032181989394,12.011032181989394,5.95,5.0,0.0,0.6348,0.6348,63.737068683725845,2361.491926582121,2176.1447245345107,discharge,21.417908022685392,2026-08-05
2026-08-05 00:20:00,VIC1,95.80738,0.09580738,-0.0,0.0,-0.0,0.0,-0.0,0.0,5.95,5.95,5.0,-0.0,0.0,0.0,63.737068683725845,2361.491926582121,2176.1447245345107,idle,21.417908022685392,2026-08-05
2026-08-05 00:25:00,VIC1,97.48474,0.09748474,0.0,0.0,0.0,0.0,0.0,0.0,5.95,5.95,5.0,0.0,0.0,0.0,63.737068683725845,2361.491926582121,2176.1447245345107,idle,21.417908022685392,2026-08-05
2026-08-05 00:30:00,VIC1,105.56,0.10556,0.0,0.0,0.0,0.0,0.0,0.0,5.95,5.95,5.0,0.0,0.0,0.0,63.737068683725845,2361.491926582121,2176.1447245345107,idle,21.417908022685392,2026-08-05
2026-08-05 00:35:00,VIC1,96.55342,0.09655342,0.0,0.0,0.0,0.0,0.0,0.0,5.95,5.95,5.0,0.0,0.0,0.0,63.737068683725845,2361.491926582121,2176.1447245345107,idle,21.417908022685392,2026-08-05
2026-08-05 00:40:00,VIC1,96.55055,0.09655055,0.0,0.0,0.0,0.0,0.0,0.0,5.95,5.95,5.0,0.0,0.0,0.0,63.737068683725845,2361.491926582121,2176.1447245345107,idle,21.417908022685392,2026-08-05
2026-08-05 00:45:00,VIC1,105.56,0.10556,0.0,0.0,0.0,0.0,0.0,0.0,5.95,5.95,5.0,0.0,0.0,0.0,63.737068683725845,2361.491926582121,2176.1447245345107,idle,21.417908022685392,2026-08-05
2026-08-05 00:50:00,VIC1,91.5346,0.0915346,62.705857816032186,0.0,5.225488151336015,0.0,4.957333333333333,0.0,5.95,10.907333333333334,9.165826330532214,0.4783129677372816,0.0,-0.4783129677372816,63.25875571598856,2366.7174147334567,2176.1447245345107,charge,21.417908022685392,2026-08-05
2026-08-05 00:55:00,VIC1,99.09383,0.09909383,0.0,0.0,0.0,0.0,0.0,0.0,10.907333333333334,10.907333333333334,9.165826330532214,0.0,0.0,0.0,63.25875571598856,2366.7174147334567,2176.1447245345107,idle,21.417908022685392,2026-08-05
2026-08-05 01:00:00,VIC1,97.45532,0.09745532,0.0,0.0,0.0,0.0,0.0,0.0,10.907333333333334,10.907333333333334,9.165826330532214,0.0,0.0,0.0,63.25875571598856,2366.7174147334567,2176.1447245345107,idle,21.417908022685392,2026-08-05
2026-08-05 01:05:00,VIC1,105.56,0.10556,0.0,56.43527203442897,0.0,4.702939336202414,0.0,4.957333333333334,10.907333333333334,5.95,5.0,0.0,0.49644227632952687,0.49644227632952687,63.75519799231809,2366.7174147334567,2180.847663870713,discharge,21.464194981913526,2026-08-05
2026-08-05 01:10:00,VIC1,95.47487,0.09547487,0.0,0.0,0.0,0.0,0.0,0.0,5.95,5.95,5.0,0.0,0.0,0.0,63.75519799231809,2366.7174147334567,2180.847663870713,idle,21.464194981913526,2026-08-05
2026-08-05 01:15:00,VIC1,97.7573,0.0977573,0.0,0.0,0.0,0.0,0.0,0.0,5.95,5.95,5.0,0.0,0.0,0.0,63.75519799231809,2366.7174147334567,2180.847663870713,idle,21.464194981913526,2026-08-05
2026-08-05 01:20:00,VIC1,99.76968,0.09976968,0.0,0.0,0.0,0.0,0.0,0.0,5.95,5.95,5.0,0.0,0.0,0.0,63.75519799231809,2366.7174147334567,2180.847663870713,idle,21.464194981913526,2026-08-05
2026-08-05 01:25:00,VIC1,89.35004,0.08935004,0.0,0.0,0.0,0.0,0.0,0.0,5.95,5.95,5.0,0.0,0.0,0.0,63.75519799231809,2366.7174147334567,2180.847663870713,idle,21.464194981913526,2026-08-05
2026-08-05 01:30:00,VIC1,96.49953,0.09649953,0.0,-0.0,0.0,-0.0,0.0,-0.0,5.95,5.95,5.0,0.0,-0.0,-0.0,63.75519799231809,2366.7174147334567,2180.847663870713,idle,21.464194981913526,2026-08-05
2026-08-05 01:35:00,VIC1,90.69439,0.09069439,0.0,0.0,0.0,0.0,0.0,0.0,5.95,5.95,5.0,0.0,0.0,0.0,63.75519799231809,2366.7174147334567,2180.847663870713,idle,21.464194981913526,2026-08-05
2026-08-05 01:40:00,VIC1,93.0264,0.0930264,0.0,0.0,0.0,0.0,0.0,0.0,5.95,5.95,5.0,0.0,0.0,0.0,63.75519799231809,2366.7174147334567,2180.847663870713,idle,21.464194981913526,2026-08-05
2026-08-05 01:45:00,VIC1,84.92,0.08492000000000001,-0.0,0.0,-0.0,0.0,-0.0,0.0,5.95,5.95,5.0,-0.0,0.0,0.0,63.75519799231809,2366.7174147334567,2180.847663870713,idle,21.464194981913526,2026-08-05
2026-08-05 01:50:00,VIC1,88.65234,0.08865234,0.0,0.0,0.0,0.0,0.0,0.0,5.95,5.95,5.0,0.0,0.0,0.0,63.75519799231809,2366.7174147334567,2180.847663870713,idle,21.464194981913526,2026-08-05
2026-08-05 01:55:00,VIC1,92.07358,0.09207358,0.0,0.0,0.0,0.0,0.0,0.0,5.95,5.95,5.0,0.0,0.0,0.0,63.75519799231809,2366.7174147334567,2180.847663870713,idle,21.464194981913526,2026-08-05
2026-08-05 02:00:00,VIC1,91.36149,0.09136149,0.0,0.0,0.0,0.0,0.0,0.0,5.95,5.95,5.0,0.0,0.0,0.0,63.75519799231809,2366.7174147334567,2180.847663870713,idle,21.464194981913526,2026-08-05
2026-08-05 02:05:00,VIC1,84.92,0.08492000000000001,0.0,0.0,0.0,0.0,0.0,0.0,5.95,5.95,5.0,0.0,0.0,0.0,63.75519799231809,2366.7174147334567,2180.847663870713,idle,21.464194981913526,2026-08-05
2026-08-05 02:10:00,VIC1,84.92,0.08492000000000001,0.0,0.0,0.0,0.0,0.0,0.0,5.95,5.95,5.0,0.0,0.0,0.0,63.75519799231809,2366.7174147334567,2180.847663870713,idle,21.464194981913526,2026-08-05
2026-08-05 02:15:00,VIC1,91.27535,0.09127535,0.0,0.0,0.0,0.0,0.0,0.0,5.95,5.95,5.0,0.0,0.0,0.0,63.75519799231809,2366.7174147334567,2180.847663870713,idle,21.464194981913526,2026-08-05
2026-08-05 02:20:00,VIC1,90.47798,0.09047798,0.0,0.0,0.0,0.0,0.0,0.0,5.95,5.95,5.0,0.0,0.0,0.0,63.75519799231809,2366.7174147334567,2180.847663870713,idle,21.464194981913526,2026-08-05
2026-08-05 02:25:00,VIC1,81.68,0.08168,62.705857816032186,0.0,5.225488151336015,0.0,4.957333333333333,0.0,5.95,10.907333333333334,9.165826330532214,0.4268178722011257,0.0,-0.4268178722011257,63.32838012011696,2371.9429028847926,2180.847663870713,charge,21.464194981913526,2026-08-05
2026-08-05 02:30:00,VIC1,84.92,0.08492000000000001,37.89673547945819,0.0,3.1580612899548486,0.0,2.9960000000000258,0.0,10.907333333333334,13.903333333333359,11.683473389355765,0.26818256474296576,0.0,-0.26818256474296576,63.060197555373996,2375.1009641747473,2180.847663870713,charge,21.464194981913526,2026-08-05
2026-08-05 02:35:00,VIC1,91.25747,0.09125747,0.0,0.0,0.0,0.0,0.0,0.0,13.903333333333359,13.903333333333359,11.683473389355765,0.0,0.0,0.0,63.060197555373996,2375.1009641747473,2180.847663870713,idle,21.464194981913526,2026-08-05
2026-08-05 02:40:00,VIC1,92.73883,0.09273883,0.0,0.0,0.0,0.0,0.0,0.0,13.903333333333359,13.903333333333359,11.683473389355765,0.0,0.0,0.0,63.060197555373996,2375.1009641747473,2180.847663870713,idle,21.464194981913526,2026-08-05
2026-08-05 02:45:00,VIC1,88.92517,0.08892517,0.0,0.0,0.0,0.0,0.0,0.0,13.903333333333359,13.903333333333359,11.683473389355765,0.0,0.0,0.0,63.060197555373996,2375.1009641747473,2180.847663870713,idle,21.464194981913526,2026-08-05
2026-08-05 02:50:00,VIC1,86.25731,0.08625731,0.0,0.0,0.0,0.0,0.0,0.0,13.903333333333359,13.903333333333359,11.683473389355765,0.0,0.0,0.0,63.060197555373996,2375.1009641747473,2180.847663870713,idle,21.464194981913526,2026-08-05
2026-08-05 02:55:00,VIC1,78.0026,0.0780026,62.705857816032186,0.0,5.225488151336015,0.0,4.957333333333333,0.0,13.903333333333359,18.860666666666692,15.849299719887977,0.4076016620734027,0.0,-0.4076016620734027,62.65259589330059,2380.326452326083,2180.847663870713,charge,21.464194981913526,2026-08-05
2026-08-05 03:00:00,VIC1,92.45265,0.09245265000000001,0.0,0.0,0.0,0.0,0.0,0.0,18.860666666666692,18.860666666666692,15.849299719887977,0.0,0.0,0.0,62.65259589330059,2380.326452326083,2180.847663870713,idle,21.464194981913526,2026-08-05
2026-08-05 03:05:00,VIC1,88.09526,0.08809526,0.0,0.0,0.0,0.0,0.0,0.0,18.860666666666692,18.860666666666692,15.849299719887977,0.0,0.0,0.0,62.65259589330059,2380.326452326083,2180.847663870713,idle,21.464194981913526,2026-08-05
2026-08-05 03:10:00,VIC1,75.85578,0.07585578,62.705857816032186,0.0,5.225488151336015,0.0,4.957333333333333,0.0,18.860666666666692,23.818000000000026,20.01512605042019,0.3963834796003515,0.0,-0.3963834796003515,62.25621241370024,2385.551940477419,2180.847663870713,charge,21.464194981913526,2026-08-05
2026-08-05 03:15:00,VIC1,80.40638,0.08040638,62.705857816032186,0.0,5.225488151336015,0.0,4.957333333333333,0.0,23.818000000000026,28.775333333333357,24.1809523809524,0.42016258598182116,0.0,-0.42016258598182116,61.83604982771842,2390.777428628755,2180.847663870713,charge,21.464194981913526,2026-08-05
2026-08-05 03:20:00,VIC1,89.49611,0.08949611,0.0,0.0,0.0,0.0,0.0,0.0,28.775333333333357,28.775333333333357,24.1809523809524,0.0,0.0,0.0,61.83604982771842,2390.777428628755,2180.847663870713,idle,21.464194981913526,2026-08-05
2026-08-05 03:25:00,VIC1,81.68,0.08168,62.705857816032186,0.0,5.225488151336015,0.0,4.957333333333333,0.0,28.775333333333357,33.73266666666669,28.34677871148461,0.4268178722011257,0.0,-0.4268178722011257,61.40923195551729,2396.002916780091,2180.847663870713,charge,21.464194981913526,2026-08-05
2026-08-05 03:30:00,VIC1,84.92,0.08492000000000001,62.705857816032186,0.0,5.225488151336015,0.0,4.957333333333333,0.0,33.73266666666669,38.69000000000002,32.51260504201682,0.44374845381145445,0.0,-0.44374845381145445,60.96548350170584,2401.2284049314267,2180.847663870713,charge,21.464194981913526,2026-08-05
2026-08-05 03:35:00,VIC1,76.66642,0.07666642,62.705857816032186,0.0,5.225488151336015,0.0,4.957333333333333,0.0,38.69000000000002,43.64733333333335,36.678431372549035,0.4006194693153505,0.0,-0.4006194693153505,60.56486403239049,2406.4538930827625,2180.847663870713,charge,21.464194981913526,2026-08-05
2026-08-05 03:40:00,VIC1,75.4,0.07540000000000001,62.70585781603217,0.0,5.225488151336014,0.0,4.957333333333332,0.0,43.64733333333335,48.60466666666669,40.84425770308125,0.3940018066107355,0.0,-0.3940018066107355,60.17086222577975,2411.6793812340984,2180.847663870713,charge,21.464194981913526,2026-08-05
2026-08-05 03:45:00,VIC1,74.16102,0.07416102,62.705857816032186,0.0,5.225488151336015,0.0,4.957333333333333,0.0,48.60466666666669,53.56200000000002,45.01008403361346,0.3875275313009932,0.0,-0.3875275313009932,59.783334694478754,2416.9048693854343,2180.847663870713,charge,21.464194981913526,2026-08-05
2026-08-05 03:50:00,VIC1,75.44604,0.07544603999999999,62.705857816032186,0.0,5.225488151336015,0.0,4.957333333333333,0.0,53.56200000000002,58.51933333333336,49.17591036414568,0.394242388085223,0.0,-0.394242388085223,59.38909230639353,2422.13035753677,2180.847663870713,charge,21.464194981913526,2026-08-05
2026-08-05 03:55:00,VIC1,75.4,0.07540000000000001,62.705857816032186,0.0,5.225488151336015,0.0,4.957333333333333,0.0,58.51933333333336,63.47666666666669,53.34173669467789,0.3940018066107356,0.0,-0.3940018066107356,58.99509049978279,2427.355845688106,2180.847663870713,charge,21.464194981913526,2026-08-05
2026-08-05 04:00:00,VIC1,48.83326,0.04883326,62.705857816032186,0.0,5.225488151336015,0.0,4.957333333333333,0.0,63.47666666666669,68.434,57.50756302521008,0.255177621521111,0.0,-0.255177621521111,58.73991287826168,2432.581333839442,2180.847663870713,charge,21.464194981913526,2026-08-05
2026-08-05 04:05:00,VIC1,62.58861,0.06258861,62.705857816032186,0.0,5.225488151336015,0.0,4.957333333333333,0.0,68.434,73.39133333333334,61.6733893557423,0.32705603996359084,0.0,-0.32705603996359084,58.41285683829808,2437.8068219907777,2180.847663870713,charge,21.464194981913526,2026-08-05
2026-08-05 04:10:00,VIC1,78.17322,0.07817322,62.705857816032186,0.0,5.225488151336015,0.0,4.957333333333333,0.0,73.39133333333334,78.34866666666666,65.8392156862745,0.4084932348617836,0.0,-0.4084932348617836,58.004363603436296,2443.0323101421136,2180.847663870713,charge,21.464194981913526,2026-08-05
2026-08-05 04:15:00,VIC1,83.95381,0.08395381,62.705857816032186,0.0,5.225488151336015,0.0,4.957333333333333,0.0,78.34866666666666,83.306,70.00504201680671,0.43869963941451506,0.0,-0.43869963941451506,57.56566396402178,2448.2577982934495,2180.847663870713,charge,21.464194981913526,2026-08-05
2026-08-05 04:20:00,VIC1,72.49903,0.07249903,62.705857816032186,0.0,5.225488151336015,0.0,4.957333333333333,0.0,83.306,88.26333333333334,74.17086834733894,0.37884282224835436,0.0,-0.37884282224835436,57.18682114177343,2453.4832864447853,2180.847663870713,charge,21.464194981913526,2026-08-05
2026-08-05 04:25:00,VIC1,70.12697,0.07012697,62.705857816032186,0.0,5.225488151336015,0.0,4.957333333333333,0.0,88.26333333333334,93.22066666666666,78.33669467787115,0.3664476508240962,0.0,-0.3664476508240962,56.82037349094933,2458.708774596121,2180.847663870713,charge,21.464194981913526,2026-08-05
2026-08-05 04:30:00,VIC1,75.4,0.07540000000000001,62.705857816032186,0.0,5.225488151336015,0.0,4.957333333333333,0.0,93.22066666666666,98.178,82.50252100840336,0.3940018066107356,0.0,-0.3940018066107356,56.42637168433859,2463.934262747457,2180.847663870713,charge,21.464194981913526,2026-08-05
2026-08-05 04:35:00,VIC1,89.26635,0.08926635000000001,0.0,0.0,0.0,0.0,0.0,0.0,98.178,98.178,82.50252100840336,0.0,0.0,0.0,56.42637168433859,2463.934262747457,2180.847663870713,idle,21.464194981913526,2026-08-05
2026-08-05 04:40:00,VIC1,74.24065,0.07424065,62.705857816032186,0.0,5.225488151336015,0.0,4.957333333333333,0.0,98.178,103.13533333333334,86.66834733893558,0.3879436369224842,0.0,-0.3879436369224842,56.038428047416105,2469.159750898793,2180.847663870713,charge,21.464194981913526,2026-08-05
2026-08-05 04:45:00,VIC1,77.11251,0.07711251,62.705857816032186,0.0,5.225488151336015,0.0,4.957333333333333,0.0,103.13533333333334,108.09266666666666,90.83417366946777,0.40295050732477994,0.0,-0.40295050732477994,55.63547754009132,2474.385239050129,2180.847663870713,charge,21.464194981913526,2026-08-05
2026-08-05 04:50:00,VIC1,80.5,0.0805,62.705857816032186,0.0,5.225488151336015,0.0,4.957333333333333,0.0,108.09266666666666,113.05,95.0,0.4206517961825492,0.0,-0.4206517961825492,55.214825743908776,2479.6107272014647,2180.847663870713,charge,21.464194981913526,2026-08-05
2026-08-05 04:55:00,VIC1,94.63125,0.09463125,0.0,0.0,0.0,0.0,0.0,0.0,113.05,113.05,95.0,0.0,0.0,0.0,55.214825743908776,2479.6107272014647,2180.847663870713,idle,21.464194981913526,2026-08-05
2026-08-05 05:00:00,VIC1,95.5206,0.0955206,0.0,69.0,0.0,5.75,0.0,6.061032181989394,113.05,106.98896781801061,89.90669564538707,0.0,0.54924345,0.54924345,55.764069193908774,2479.6107272014647,2186.597663870713,discharge,21.52078725252034,2026-08-05
2026-08-05 05:05:00,VIC1,82.05787,0.08205786999999999,62.705857816032186,0.0,5.225488151336015,0.0,4.957333333333333,0.0,106.98896781801061,111.94630115134395,94.07252197591927,0.428792427408871,0.0,-0.428792427408871,55.3352767664999,2484.8362153528005,2186.597663870713,charge,21.52078725252034,2026-08-05
2026-08-05 05:10:00,VIC1,94.07095,0.09407095,0.0,0.0,0.0,0.0,0.0,0.0,111.94630115134395,111.94630115134395,94.07252197591927,0.0,0.0,0.0,55.3352767664999,2484.8362153528005,2186.597663870713,idle,21.52078725252034,2026-08-05
2026-08-05 05:15:00,VIC1,92.61819,0.09261819,0.0,0.0,0.0,0.0,0.0,0.0,111.94630115134395,111.94630115134395,94.07252197591927,0.0,0.0,0.0,55.3352767664999,2484.8362153528005,2186.597663870713,idle,21.52078725252034,2026-08-05
2026-08-05 05:20:00,VIC1,92.66635,0.09266635,0.0,0.0,0.0,0.0,0.0,0.0,111.94630115134395,111.94630115134395,94.07252197591927,0.0,0.0,0.0,55.3352767664999,2484.8362153528005,2186.597663870713,idle,21.52078725252034,2026-08-05
2026-08-05 05:25:00,VIC1,93.63995,0.09363995,0.0,0.0,0.0,0.0,0.0,0.0,111.94630115134395,111.94630115134395,94.07252197591927,0.0,0.0,0.0,55.3352767664999,2484.8362153528005,2186.597663870713,idle,21.52078725252034,2026-08-05
2026-08-05 05:30:00,VIC1,94.67347,0.09467347,0.0,43.87054406885808,0.0,3.6558786724048398,0.0,3.853634484677286,111.94630115134395,108.09266666666666,90.83417366946777,0.0,0.3461147198155594,0.3461147198155594,55.68139148631546,2484.8362153528005,2190.253542543118,discharge,21.556768900369796,2026-08-05
2026-08-05 05:35:00,VIC1,84.92,0.08492000000000001,62.705857816032186,0.0,5.225488151336015,0.0,4.957333333333333,0.0,108.09266666666666,113.05,95.0,0.44374845381145445,0.0,-0.44374845381145445,55.23764303250401,2490.0617035041364,2190.253542543118,charge,21.556768900369796,2026-08-05
2026-08-05 05:40:00,VIC1,92.05028,0.09205028,-0.0,0.0,-0.0,0.0,-0.0,0.0,113.05,113.05,95.0,-0.0,0.0,0.0,55.23764303250401,2490.0617035041364,2190.253542543118,idle,21.556768900369796,2026-08-05
2026-08-05 05:45:00,VIC1,94.74623,0.09474623,-0.0,0.0,-0.0,0.0,-0.0,0.0,113.05,113.05,95.0,-0.0,0.0,0.0,55.23764303250401,2490.0617035041364,2190.253542543118,idle,21.556768900369796,2026-08-05
2026-08-05 05:50:00,VIC1,94.99714,0.09499714000000001,0.0,0.0,0.0,0.0,0.0,0.0,113.05,113.05,95.0,0.0,0.0,0.0,55.23764303250401,2490.0617035041364,2190.253542543118,idle,21.556768900369796,2026-08-05
2026-08-05 05:55:00,VIC1,97.22126,0.09722126,0.0,0.0,0.0,0.0,0.0,0.0,113.05,113.05,95.0,0.0,0.0,0.0,55.23764303250401,2490.0617035041364,2190.253542543118,idle,21.556768900369796,2026-08-05
2026-08-05 06:00:00,VIC1,110.4,0.11040000000000001,0.0,69.0,0.0,5.75,0.0,6.061032181989394,113.05,106.98896781801061,89.90669564538707,0.0,0.6348,0.6348,55.87244303250401,2490.0617035041364,2196.003542543118,discharge,21.61336117097661,2026-08-05
2026-08-05 06:05:00,VIC1,92.99712,0.09299712,62.705857816032186,0.0,5.225488151336015,0.0,4.957333333333333,0.0,106.98896781801061,111.94630115134395,94.07252197591927,0.4859553486683736,0.0,-0.4859553486683736,55.38648768383563,2495.2871916554723,2196.003542543118,charge,21.61336117097661,2026-08-05
2026-08-05 06:10:00,VIC1,96.63071,0.09663071,13.960808850634375,0.0,1.1634007375528646,0.0,1.1036988486560517,0.0,111.94630115134395,113.05,95.0,0.11242023928425696,0.0,-0.11242023928425696,55.27406744455138,2496.450592393025,2196.003542543118,charge,21.61336117097661,2026-08-05
2026-08-05 06:15:00,VIC1,97.32893,0.09732893000000001,0.0,0.0,0.0,0.0,0.0,0.0,113.05,113.05,95.0,0.0,0.0,0.0,55.27406744455138,2496.450592393025,2196.003542543118,idle,21.61336117097661,2026-08-05
2026-08-05 06:20:00,VIC1,98.10144,0.09810144,-0.0,0.0,-0.0,0.0,-0.0,0.0,113.05,113.05,95.0,-0.0,0.0,0.0,55.27406744455138,2496.450592393025,2196.003542543118,idle,21.61336117097661,2026-08-05
2026-08-05 06:25:00,VIC1,114.16264,0.11416264,0.0,0.0,0.0,0.0,0.0,0.0,113.05,113.05,95.0,0.0,0.0,0.0,55.27406744455138,2496.450592393025,2196.003542543118,idle,21.61336117097661,2026-08-05
2026-08-05 06:30:00,VIC1,115.77275,0.11577275000000001,0.0,0.0,0.0,0.0,0.0,0.0,113.05,113.05,95.0,0.0,0.0,0.0,55.27406744455138,2496.450592393025,2196.003542543118,idle,21.61336117097661,2026-08-05
2026-08-05 06:35:00,VIC1,105.57805,0.10557805,-0.0,0.0,-0.0,0.0,-0.0,0.0,113.05,113.05,95.0,-0.0,0.0,0.0,55.27406744455138,2496.450592393025,2196.003542543118,idle,21.61336117097661,2026-08-05
2026-08-05 06:40:00,VIC1,115.0,0.115,0.0,0.0,0.0,0.0,0.0,0.0,113.05,113.05,95.0,0.0,0.0,0.0,55.27406744455138,2496.450592393025,2196.003542543118,idle,21.61336117097661,2026-08-05
2026-08-05 06:45:00,VIC1,127.76141,0.12776141,0.0,0.0,0.0,0.0,0.0,0.0,113.05,113.05,95.0,0.0,0.0,0.0,55.27406744455138,2496.450592393025,2196.003542543118,idle,21.61336117097661,2026-08-05
2026-08-05 06:50:00,VIC1,128.48,0.12847999999999998,0.0,27.29467889552314,0.0,2.2745565746269283,0.0,2.397593147577282,113.05,110.65240685242271,92.98521584237203,0.0,0.2922350287080677,0.2922350287080677,55.56630247325945,2496.450592393025,2198.2780991177447,discharge,21.63574766161692,2026-08-05
2026-08-05 06:55:00,VIC1,163.39795,0.16339795000000001,0.0,69.0,0.0,5.75,0.0,6.061032181989394,110.65240685242271,104.59137467043332,87.8919114877591,0.0,0.9395382125,0.9395382125,56.505840685759445,2496.450592393025,2204.0280991177447,discharge,21.69233993222373,2026-08-05
2026-08-05 07:00:00,VIC1,131.75674,0.13175674,0.0,69.0,0.0,5.75,0.0,6.061032181989394,104.59137467043332,98.53034248844394,82.79860713314616,0.0,0.7576012550000001,0.7576012550000001,57.26344194075944,2496.450592393025,2209.7780991177447,discharge,21.748932202830545,2026-08-05
2026-08-05 07:05:00,VIC1,125.1359,0.12513590000000002,0.0,0.0,0.0,0.0,0.0,0.0,98.53034248844394,98.53034248844394,82.79860713314616,0.0,0.0,0.0,57.26344194075944,2496.450592393025,2209.7780991177447,idle,21.748932202830545,2026-08-05
2026-08-05 07:10:00,VIC1,128.48,0.12847999999999998,0.0,69.0,0.0,5.75,0.0,6.061032181989394,98.53034248844394,92.46931030645455,77.70530277853324,0.0,0.7387599999999999,0.7387599999999999,58.00220194075944,2496.450592393025,2215.5280991177447,discharge,21.805524473437355,2026-08-05
2026-08-05 07:15:00,VIC1,135.48,0.13548,0.0,69.0,0.0,5.75,0.0,6.061032181989394,92.46931030645455,86.40827812446516,72.6119984239203,0.0,0.77901,0.77901,58.78121194075944,2496.450592393025,2221.2780991177447,discharge,21.862116744044165,2026-08-05
2026-08-05 07:20:00,VIC1,129.06,0.12906,0.0,69.0,0.0,5.75,0.0,6.061032181989394,86.40827812446516,80.34724594247577,67.51869406930736,0.0,0.7420950000000001,0.7420950000000001,59.52330694075944,2496.450592393025,2227.0280991177447,discharge,21.91870901465098,2026-08-05
2026-08-05 07:25:00,VIC1,131.31216,0.13131216,0.0,69.0,0.0,5.75,0.0,6.061032181989394,80.34724594247577,74.28621376048638,62.42538971469443,0.0,0.75504492,0.75504492,60.27835186075944,2496.450592393025,2232.7780991177447,discharge,21.97530128525779,2026-08-05
2026-08-05 07:30:00,VIC1,130.3371,0.13033709999999998,0.0,69.0,0.0,5.75,0.0,6.061032181989394,74.28621376048638,68.22518157849699,57.3320853600815,0.0,0.7494383249999998,0.7494383249999998,61.02779018575944,2496.450592393025,2238.5280991177447,discharge,22.031893555864603,2026-08-05
2026-08-05 07:35:00,VIC1,128.65,0.12865000000000001,0.0,69.0,0.0,5.75,0.0,6.061032181989394,68.22518157849699,62.16414939650759,52.23878100546856,0.0,0.7397375,0.7397375,61.76752768575944,2496.450592393025,2244.2780991177447,discharge,22.088485826471413,2026-08-05
2026-08-05 07:40:00,VIC1,113.86173,0.11386173,62.705857816032186,0.0,5.225488151336015,0.0,4.957333333333333,0.0,62.16414939650759,67.12148272984092,56.40460733600078,0.5949831210056205,0.0,-0.5949831210056205,61.17254456475382,2501.676080544361,2244.2780991177447,charge,22.088485826471413,2026-08-05
2026-08-05 07:45:00,VIC1,122.49469,0.12249469,0.0,0.0,0.0,0.0,0.0,0.0,67.12148272984092,67.12148272984092,56.40460733600078,0.0,0.0,0.0,61.17254456475382,2501.676080544361,2244.2780991177447,idle,22.088485826471413,2026-08-05
2026-08-05 07:50:00,VIC1,128.48,0.12847999999999998,0.0,0.0,0.0,0.0,0.0,0.0,67.12148272984092,67.12148272984092,56.40460733600078,0.0,0.0,0.0,61.17254456475382,2501.676080544361,2244.2780991177447,idle,22.088485826471413,2026-08-05
2026-08-05 07:55:00,VIC1,116.06907,0.11606907,0.0,0.0,0.0,0.0,0.0,0.0,67.12148272984092,67.12148272984092,56.40460733600078,0.0,0.0,0.0,61.17254456475382,2501.676080544361,2244.2780991177447,idle,22.088485826471413,2026-08-05
2026-08-05 08:00:00,VIC1,115.0,0.115,62.705857816032186,0.0,5.225488151336015,0.0,4.957333333333333,0.0,67.12148272984092,72.07881606317426,60.570433666532985,0.6009311374036418,0.0,-0.6009311374036418,60.57161342735018,2506.901568695697,2244.2780991177447,charge,22.088485826471413,2026-08-05
2026-08-05 08:05:00,VIC1,135.48,0.13548,0.0,69.0,0.0,5.75,0.0,6.061032181989394,72.07881606317426,66.01778388118487,55.47712931192006,0.0,0.77901,0.77901,61.35062342735018,2506.901568695697,2250.0280991177447,discharge,22.145078097078223,2026-08-05
2026-08-05 08:10:00,VIC1,135.48,0.13548,0.0,69.0,0.0,5.75,0.0,6.061032181989394,66.01778388118487,59.95675169919548,50.38382495730712,0.0,0.77901,0.77901,62.12963342735018,2506.901568695697,2255.7780991177447,discharge,22.201670367685036,2026-08-05
2026-08-05 08:15:00,VIC1,129.89164,0.12989164,0.0,69.0,0.0,5.75,0.0,6.061032181989394,59.95675169919548,53.89571951720608,45.29052060269419,0.0,0.74687693,0.74687693,62.87651035735018,2506.901568695697,2261.5280991177447,discharge,22.258262638291846,2026-08-05
2026-08-05 08:20:00,VIC1,134.47,0.13447,0.0,69.0,0.0,5.75,0.0,6.061032181989394,53.89571951720608,47.834687335216685,40.19721624808125,0.0,0.7732025,0.7732025,63.64971285735018,2506.901568695697,2267.2780991177447,discharge,22.31485490889866,2026-08-05
2026-08-05 08:25:00,VIC1,135.48,0.13548,0.0,69.0,0.0,5.75,0.0,6.061032181989394,47.834687335216685,41.77365515322729,35.10391189346831,0.0,0.77901,0.77901,64.42872285735018,2506.901568695697,2273.0280991177447,discharge,22.37144717950547,2026-08-05
2026-08-05 08:30:00,VIC1,128.48,0.12847999999999998,0.0,0.0,0.0,0.0,0.0,0.0,41.77365515322729,41.77365515322729,35.10391189346831,0.0,0.0,0.0,64.42872285735018,2506.901568695697,2273.0280991177447,idle,22.37144717950547,2026-08-05
2026-08-05 08:35:00,VIC1,133.78119,0.13378119000000002,0.0,69.0,0.0,5.75,0.0,6.061032181989394,41.77365515322729,35.71262297123789,30.01060753885537,0.0,0.7692418425000002,0.7692418425000002,65.19796469985017,2506.901568695697,2278.7780991177447,discharge,22.42803945011228,2026-08-05
2026-08-05 08:40:00,VIC1,133.78119,0.13378119000000002,0.0,69.0,0.0,5.75,0.0,6.061032181989394,35.71262297123789,29.651590789248495,24.91730318424243,0.0,0.7692418425000002,0.7692418425000002,65.96720654235017,2506.901568695697,2284.5280991177447,discharge,22.484631720719094,2026-08-05
2026-08-05 08:45:00,VIC1,128.48,0.12847999999999998,0.0,0.0,0.0,0.0,0.0,0.0,29.651590789248495,29.651590789248495,24.91730318424243,0.0,0.0,0.0,65.96720654235017,2506.901568695697,2284.5280991177447,idle,22.484631720719094,2026-08-05
2026-08-05 08:50:00,VIC1,105.89,0.10589,62.705857816032186,0.0,5.225488151336015,0.0,4.957333333333333,0.0,29.651590789248495,34.608924122581826,29.08312951477464,0.5533269403449707,0.0,-0.5533269403449707,65.4138796020052,2512.1270568470327,2284.5280991177447,charge,22.484631720719094,2026-08-05
2026-08-05 08:55:00,VIC1,105.88,0.10588,62.705857816032186,0.0,5.225488151336015,0.0,4.957333333333333,0.0,34.608924122581826,39.566257455915164,33.24895584530686,0.5532746854634573,0.0,-0.5532746854634573,64.86060491654173,2517.3525449983686,2284.5280991177447,charge,22.484631720719094,2026-08-05
2026-08-05 09:00:00,VIC1,105.88,0.10588,62.705857816032186,0.0,5.225488151336015,0.0,4.957333333333333,0.0,39.566257455915164,44.523590789248495,37.41478217583907,0.5532746854634573,0.0,-0.5532746854634573,64.30733023107827,2522.5780331497044,2284.5280991177447,charge,22.484631720719094,2026-08-05
2026-08-05 09:05:00,VIC1,97.68015,0.09768015,62.705857816032186,0.0,5.225488151336015,0.0,4.957333333333333,0.0,44.523590789248495,49.480924122581825,41.58060850637128,0.5104264664457246,0.0,-0.5104264664457246,63.796903764632546,2527.8035213010403,2284.5280991177447,charge,22.484631720719094,2026-08-05
2026-08-05 09:10:00,VIC1,139.02582,0.13902582000000002,0.0,69.0,0.0,5.75,0.0,6.061032181989394,49.480924122581825,43.41989194059243,36.487304151758345,0.0,0.7993984650000001,0.7993984650000001,64.59630222963254,2527.8035213010403,2290.2780991177447,discharge,22.541223991325904,2026-08-05
2026-08-05 09:15:00,VIC1,139.01,0.13901,0.0,69.0,0.0,5.75,0.0,6.061032181989394,43.41989194059243,37.35885975860303,31.393999797145405,0.0,0.7993075,0.7993075,65.39560972963254,2527.8035213010403,2296.0280991177447,discharge,22.597816261932717,2026-08-05
2026-08-05 09:20:00,VIC1,139.24282,0.13924282,0.0,69.0,0.0,5.75,0.0,6.061032181989394,37.35885975860303,31.29782757661364,26.30069544253247,0.0,0.800646215,0.800646215,66.19625594463254,2527.8035213010403,2301.7780991177447,discharge,22.654408532539527,2026-08-05
2026-08-05 09:25:00,VIC1,133.41479,0.13341479,0.0,69.0,0.0,5.75,0.0,6.061032181989394,31.29782757661364,25.236795394624245,21.207391087919532,0.0,0.7671350425000001,0.7671350425000001,66.96339098713254,2527.8035213010403,2307.5280991177447,discharge,22.711000803146337,2026-08-05
2026-08-05 09:30:00,VIC1,105.56,0.10556,62.705857816032186,0.0,5.225488151336015,0.0,4.957333333333333,0.0,25.236795394624245,30.194128727957576,25.373217418451745,0.5516025292550297,0.0,-0.5516025292550297,66.4117884578775,2533.029009452376,2307.5280991177447,charge,22.711000803146337,2026-08-05
2026-08-05 09:35:00,VIC1,139.1407,0.1391407,0.0,69.0,0.0,5.75,0.0,6.061032181989394,30.194128727957576,24.133096545968183,20.27991306383881,0.0,0.800059025,0.800059025,67.2118474828775,2533.029009452376,2313.2780991177447,discharge,22.76759307375315,2026-08-05
2026-08-05 09:40:00,VIC1,164.55701,0.16455701,0.0,69.0,0.0,5.75,0.0,6.061032181989394,24.133096545968183,18.07206436397879,15.186608709225874,0.0,0.9462028075,0.9462028075,68.1580502903775,2533.029009452376,2319.0280991177447,discharge,22.82418534435996,2026-08-05
2026-08-05 09:45:00,VIC1,139.0,0.139,0.0,69.0,0.0,5.75,0.0,6.061032181989394,18.07206436397879,12.011032181989394,10.093304354612936,0.0,0.79925,0.79925,68.9573002903775,2533.029009452376,2324.7780991177447,discharge,22.88077761496677,2026-08-05
2026-08-05 09:50:00,VIC1,115.77275,0.11577275000000001,0.0,0.0,0.0,0.0,0.0,0.0,12.011032181989394,12.011032181989394,10.093304354612936,0.0,0.0,0.0,68.9573002903775,2533.029009452376,2324.7780991177447,idle,22.88077761496677,2026-08-05
2026-08-05 09:55:00,VIC1,162.85993,0.16285992999999999,0.0,69.0,0.0,5.75,0.0,6.061032181989394,12.011032181989394,5.95,5.0,0.0,0.9364445975,0.9364445975,69.8937448878775,2533.029009452376,2330.5280991177447,discharge,22.937369885573585,2026-08-05
2026-08-05 10:00:00,VIC1,105.56,0.10556,0.0,0.0,0.0,0.0,0.0,0.0,5.95,5.95,5.0,0.0,0.0,0.0,69.8937448878775,2533.029009452376,2330.5280991177447,idle,22.937369885573585,2026-08-05
2026-08-05 10:05:00,VIC1,111.61481,0.11161481000000001,0.0,0.0,0.0,0.0,0.0,0.0,5.95,5.95,5.0,0.0,0.0,0.0,69.8937448878775,2533.029009452376,2330.5280991177447,idle,22.937369885573585,2026-08-05
2026-08-05 10:10:00,VIC1,110.90777,0.11090777,0.0,0.0,0.0,0.0,0.0,0.0,5.95,5.95,5.0,0.0,0.0,0.0,69.8937448878775,2533.029009452376,2330.5280991177447,idle,22.937369885573585,2026-08-05
2026-08-05 10:15:00,VIC1,105.56,0.10556,0.0,0.0,0.0,0.0,0.0,0.0,5.95,5.95,5.0,0.0,0.0,0.0,69.8937448878775,2533.029009452376,2330.5280991177447,idle,22.937369885573585,2026-08-05
2026-08-05 10:20:00,VIC1,105.56,0.10556,0.0,0.0,0.0,0.0,0.0,0.0,5.95,5.95,5.0,0.0,0.0,0.0,69.8937448878775,2533.029009452376,2330.5280991177447,idle,22.937369885573585,2026-08-05
2026-08-05 10:25:00,VIC1,105.56,0.10556,62.705857816032186,0.0,5.225488151336015,0.0,4.957333333333333,0.0,5.95,10.907333333333334,9.165826330532214,0.5516025292550297,0.0,-0.5516025292550297,69.34214235862247,2538.254497603712,2330.5280991177447,charge,22.937369885573585,2026-08-05
2026-08-05 10:30:00,VIC1,99.21,0.09920999999999999,62.705857816032186,0.0,5.225488151336015,0.0,4.957333333333333,0.0,10.907333333333334,15.864666666666666,13.331652661064425,0.518420679494046,0.0,-0.518420679494046,68.82372167912843,2543.479985755048,2330.5280991177447,charge,22.937369885573585,2026-08-05
2026-08-05 10:35:00,VIC1,105.56,0.10556,37.89673547945756,0.0,3.1580612899547966,0.0,2.9959999999999765,0.0,15.864666666666666,18.860666666666642,15.849299719887936,0.3333649497676283,0.0,-0.3333649497676283,68.4903567293608,2546.6380470450026,2330.5280991177447,charge,22.937369885573585,2026-08-05
2026-08-05 10:40:00,VIC1,105.56,0.10556,62.705857816032186,0.0,5.225488151336015,0.0,4.957333333333333,0.0,18.860666666666642,23.817999999999977,20.015126050420147,0.5516025292550297,0.0,-0.5516025292550297,67.93875420010576,2551.8635351963385,2330.5280991177447,charge,22.937369885573585,2026-08-05
2026-08-05 10:45:00,VIC1,101.50119,0.10150118999999999,62.705857816032186,0.0,5.225488151336015,0.0,4.957333333333333,0.0,23.817999999999977,28.775333333333315,24.180952380952363,0.5303932656915056,0.0,-0.5303932656915056,67.40836093441426,2557.0890233476744,2330.5280991177447,charge,22.937369885573585,2026-08-05
2026-08-05 10:50:00,VIC1,99.21,0.09920999999999999,62.705857816032186,0.0,5.225488151336015,0.0,4.957333333333333,0.0,28.775333333333315,33.732666666666645,28.34677871148458,0.518420679494046,0.0,-0.518420679494046,66.88994025492022,2562.31451149901,2330.5280991177447,charge,22.937369885573585,2026-08-05
2026-08-05 10:55:00,VIC1,98.5,0.0985,62.705857816032186,0.0,5.225488151336015,0.0,4.957333333333333,0.0,33.732666666666645,38.689999999999976,32.51260504201679,0.5147105829065975,0.0,-0.5147105829065975,66.37522967201362,2567.539999650346,2330.5280991177447,charge,22.937369885573585,2026-08-05
2026-08-05 11:00:00,VIC1,98.5,0.0985,62.705857816032186,0.0,5.225488151336015,0.0,4.957333333333333,0.0,38.689999999999976,43.64733333333331,36.678431372549,0.5147105829065975,0.0,-0.5147105829065975,65.86051908910702,2572.765487801682,2330.5280991177447,charge,22.937369885573585,2026-08-05
2026-08-05 11:05:00,VIC1,99.0,0.099,62.705857816032186,0.0,5.225488151336015,0.0,4.957333333333333,0.0,43.64733333333331,48.60466666666664,40.84425770308121,0.5173233269822656,0.0,-0.5173233269822656,65.34319576212475,2577.990975953018,2330.5280991177447,charge,22.937369885573585,2026-08-05
2026-08-05 11:10:00,VIC1,105.56,0.10556,62.705857816032186,0.0,5.225488151336015,0.0,4.957333333333333,0.0,48.60466666666664,53.56199999999997,45.01008403361342,0.5516025292550297,0.0,-0.5516025292550297,64.79159323286972,2583.2164641043537,2330.5280991177447,charge,22.937369885573585,2026-08-05
2026-08-05 11:15:00,VIC1,105.54,0.10554000000000001,62.705857816032186,0.0,5.225488151336015,0.0,4.957333333333333,0.0,53.56199999999997,58.5193333333333,49.17591036414563,0.551498019492003,0.0,-0.551498019492003,64.24009521337771,2588.4419522556896,2330.5280991177447,charge,22.937369885573585,2026-08-05
2026-08-05 11:20:00,VIC1,105.34,0.10534,62.705857816032186,0.0,5.225488151336015,0.0,4.957333333333333,0.0,58.5193333333333,63.47666666666663,53.34173669467784,0.5504529218617359,0.0,-0.5504529218617359,63.68964229151598,2593.6674404070254,2330.5280991177447,charge,22.937369885573585,2026-08-05
2026-08-05 11:25:00,VIC1,98.5,0.0985,62.705857816032186,0.0,5.225488151336015,0.0,4.957333333333333,0.0,63.47666666666663,68.43399999999997,57.50756302521006,0.5147105829065975,0.0,-0.5147105829065975,63.174931708609385,2598.8929285583613,2330.5280991177447,charge,22.937369885573585,2026-08-05
2026-08-05 11:30:00,VIC1,98.5,0.0985,62.705857816032186,0.0,5.225488151336015,0.0,4.957333333333333,0.0,68.43399999999997,73.3913333333333,61.67338935574226,0.5147105829065975,0.0,-0.5147105829065975,62.66022112570279,2604.118416709697,2330.5280991177447,charge,22.937369885573585,2026-08-05
2026-08-05 11:35:00,VIC1,105.56,0.10556,62.705857816032186,0.0,5.225488151336015,0.0,4.957333333333333,0.0,73.3913333333333,78.34866666666663,65.83921568627447,0.5516025292550297,0.0,-0.5516025292550297,62.10861859644776,2609.343904861033,2330.5280991177447,charge,22.937369885573585,2026-08-05
2026-08-05 11:40:00,VIC1,105.56,0.10556,62.705857816032186,0.0,5.225488151336015,0.0,4.957333333333333,0.0,78.34866666666663,83.30599999999997,70.0050420168067,0.5516025292550297,0.0,-0.5516025292550297,61.557016067192734,2614.569393012369,2330.5280991177447,charge,22.937369885573585,2026-08-05
2026-08-05 11:45:00,VIC1,105.56,0.10556,62.705857816032186,0.0,5.225488151336015,0.0,4.957333333333333,0.0,83.30599999999997,88.2633333333333,74.17086834733891,0.5516025292550297,0.0,-0.5516025292550297,61.005413537937706,2619.7948811637048,2330.5280991177447,charge,22.937369885573585,2026-08-05
2026-08-05 11:50:00,VIC1,105.56,0.10556,62.705857816032186,0.0,5.225488151336015,0.0,4.957333333333333,0.0,88.2633333333333,93.22066666666665,78.33669467787114,0.5516025292550297,0.0,-0.5516025292550297,60.45381100868268,2625.0203693150406,2330.5280991177447,charge,22.937369885573585,2026-08-05
2026-08-05 11:55:00,VIC1,105.56,0.10556,62.705857816032186,0.0,5.225488151336015,0.0,4.957333333333333,0.0,93.22066666666665,98.17799999999998,82.50252100840335,0.5516025292550297,0.0,-0.5516025292550297,59.90220847942765,2630.2458574663765,2330.5280991177447,charge,22.937369885573585,2026-08-05
2026-08-05 12:00:00,VIC1,110.42,0.11042,0.0,0.0,0.0,0.0,0.0,0.0,98.17799999999998,98.17799999999998,82.50252100840335,0.0,0.0,0.0,59.90220847942765,2630.2458574663765,2330.5280991177447,idle,22.937369885573585,2026-08-05
2026-08-05 12:05:00,VIC1,105.56,0.10556,62.705857816032186,0.0,5.225488151336015,0.0,4.957333333333333,0.0,98.17799999999998,103.13533333333332,86.66834733893556,0.5516025292550297,0.0,-0.5516025292550297,59.35060595017262,2635.4713456177124,2330.5280991177447,charge,22.937369885573585,2026-08-05
2026-08-05 12:10:00,VIC1,110.42,0.11042,0.0,0.0,0.0,0.0,0.0,0.0,103.13533333333332,103.13533333333332,86.66834733893556,0.0,0.0,0.0,59.35060595017262,2635.4713456177124,2330.5280991177447,idle,22.937369885573585,2026-08-05
2026-08-05 12:15:00,VIC1,110.42,0.11042,0.0,0.0,0.0,0.0,0.0,0.0,103.13533333333332,103.13533333333332,86.66834733893556,0.0,0.0,0.0,59.35060595017262,2635.4713456177124,2330.5280991177447,idle,22.937369885573585,2026-08-05
2026-08-05 12:20:00,VIC1,110.42,0.11042,0.0,0.0,0.0,0.0,0.0,0.0,103.13533333333332,103.13533333333332,86.66834733893556,0.0,0.0,0.0,59.35060595017262,2635.4713456177124,2330.5280991177447,idle,22.937369885573585,2026-08-05
2026-08-05 12:25:00,VIC1,110.42,0.11042,0.0,0.0,0.0,0.0,0.0,0.0,103.13533333333332,103.13533333333332,86.66834733893556,0.0,0.0,0.0,59.35060595017262,2635.4713456177124,2330.5280991177447,idle,22.937369885573585,2026-08-05
2026-08-05 12:30:00,VIC1,105.56,0.10556,62.705857816032186,0.0,5.225488151336015,0.0,4.957333333333333,0.0,103.13533333333332,108.09266666666666,90.83417366946777,0.5516025292550297,0.0,-0.5516025292550297,58.79900342091759,2640.696833769048,2330.5280991177447,charge,22.937369885573585,2026-08-05
2026-08-05 12:35:00,VIC1,105.56,0.10556,62.705857816032186,0.0,5.225488151336015,0.0,4.957333333333333,0.0,108.09266666666666,113.05,95.0,0.5516025292550297,0.0,-0.5516025292550297,58.247400891662565,2645.922321920384,2330.5280991177447,charge,22.937369885573585,2026-08-05
2026-08-05 12:40:00,VIC1,110.42,0.11042,0.0,0.0,0.0,0.0,0.0,0.0,113.05,113.05,95.0,0.0,0.0,0.0,58.247400891662565,2645.922321920384,2330.5280991177447,idle,22.937369885573585,2026-08-05
2026-08-05 12:45:00,VIC1,110.42,0.11042,-0.0,0.0,-0.0,0.0,-0.0,0.0,113.05,113.05,95.0,-0.0,0.0,0.0,58.247400891662565,2645.922321920384,2330.5280991177447,idle,22.937369885573585,2026-08-05
2026-08-05 12:50:00,VIC1,111.62445,0.11162445,0.0,0.0,0.0,0.0,0.0,0.0,113.05,113.05,95.0,0.0,0.0,0.0,58.247400891662565,2645.922321920384,2330.5280991177447,idle,22.937369885573585,2026-08-05
2026-08-05 12:55:00,VIC1,124.77371,0.12477371,0.0,69.0,0.0,5.75,0.0,6.061032181989394,113.05,106.98896781801061,89.90669564538707,0.0,0.7174488325,0.7174488325,58.96484972416256,2645.922321920384,2336.2780991177447,discharge,22.993962156180395,2026-08-05
2026-08-05 13:00:00,VIC1,145.42,0.14542,0.0,69.0,0.0,5.75,0.0,6.061032181989394,106.98896781801061,100.92793563602122,84.81339129077413,0.0,0.8361649999999999,0.8361649999999999,59.80101472416256,2645.922321920384,2342.0280991177447,discharge,23.05055442678721,2026-08-05
2026-08-05 13:05:00,VIC1,110.42,0.11042,62.705857816032186,0.0,5.225488151336015,0.0,4.957333333333333,0.0,100.92793563602122,105.88526896935456,88.97921762130635,0.5769984016705229,0.0,-0.5769984016705229,59.22401632249204,2651.14781007172,2342.0280991177447,charge,23.05055442678721,2026-08-05
2026-08-05 13:10:00,VIC1,110.42,0.11042,62.705857816032186,0.0,5.225488151336015,0.0,4.957333333333333,0.0,105.88526896935456,110.84260230268788,93.14504395183856,0.5769984016705229,0.0,-0.5769984016705229,58.64701792082152,2656.373298223056,2342.0280991177447,charge,23.05055442678721,2026-08-05
2026-08-05 13:15:00,VIC1,111.63384,0.11163384000000001,27.921617701268932,0.0,2.326801475105744,0.0,2.2073976973121177,0.0,110.84260230268788,113.05,95.0,0.25974978358371864,0.0,-0.25974978358371864,58.3872681372378,2658.7000996981615,2342.0280991177447,charge,23.05055442678721,2026-08-05
2026-08-05 13:20:00,VIC1,145.42,0.14542,0.0,50.04690424100287,0.0,4.170575353416906,0.0,4.396172423386375,113.05,108.65382757661362,91.30573745933917,0.0,0.6064850678938865,0.6064850678938865,58.99375320513168,2658.7000996981615,2346.1986744711617,discharge,23.091601788350104,2026-08-05
2026-08-05 13:25:00,VIC1,145.42,0.14542,0.0,69.0,0.0,5.75,0.0,6.061032181989394,108.65382757661362,102.59279539462423,86.21243310472624,0.0,0.8361649999999999,0.8361649999999999,59.82991820513168,2658.7000996981615,2351.9486744711617,discharge,23.148194058956918,2026-08-05
2026-08-05 13:30:00,VIC1,148.64,0.14864,0.0,69.0,0.0,5.75,0.0,6.061032181989394,102.59279539462423,96.53176321263484,81.1191287501133,0.0,0.85468,0.85468,60.684598205131685,2658.7000996981615,2357.6986744711617,discharge,23.204786329563728,2026-08-05
2026-08-05 13:35:00,VIC1,143.28494,0.14328494,0.0,0.0,0.0,0.0,0.0,0.0,96.53176321263484,96.53176321263484,81.1191287501133,0.0,0.0,0.0,60.684598205131685,2658.7000996981615,2357.6986744711617,idle,23.204786329563728,2026-08-05
2026-08-05 13:40:00,VIC1,145.42,0.14542,0.0,69.0,0.0,5.75,0.0,6.061032181989394,96.53176321263484,90.47073103064545,76.02582439550038,0.0,0.8361649999999999,0.8361649999999999,61.520763205131686,2658.7000996981615,2363.4486744711617,discharge,23.261378600170538,2026-08-05
2026-08-05 13:45:00,VIC1,159.12863,0.15912863,0.0,69.0,0.0,5.75,0.0,6.061032181989394,90.47073103064545,84.40969884865606,70.93252004088745,0.0,0.9149896224999999,0.9149896224999999,62.43575282763169,2658.7000996981615,2369.1986744711617,discharge,23.31797087077735,2026-08-05
2026-08-05 13:50:00,VIC1,145.42,0.14542,0.0,0.0,0.0,0.0,0.0,0.0,84.40969884865606,84.40969884865606,70.93252004088745,0.0,0.0,0.0,62.43575282763169,2658.7000996981615,2369.1986744711617,idle,23.31797087077735,2026-08-05
2026-08-05 13:55:00,VIC1,145.42,0.14542,0.0,0.0,0.0,0.0,0.0,0.0,84.40969884865606,84.40969884865606,70.93252004088745,0.0,0.0,0.0,62.43575282763169,2658.7000996981615,2369.1986744711617,idle,23.31797087077735,2026-08-05
2026-08-05 14:00:00,VIC1,144.57861,0.14457861,0.0,0.0,0.0,0.0,0.0,0.0,84.40969884865606,84.40969884865606,70.93252004088745,0.0,0.0,0.0,62.43575282763169,2658.7000996981615,2369.1986744711617,idle,23.31797087077735,2026-08-05
2026-08-05 14:05:00,VIC1,134.59,0.13459000000000002,0.0,0.0,0.0,0.0,0.0,0.0,84.40969884865606,84.40969884865606,70.93252004088745,0.0,0.0,0.0,62.43575282763169,2658.7000996981615,2369.1986744711617,idle,23.31797087077735,2026-08-05
2026-08-05 14:10:00,VIC1,105.56,0.10556,62.705857816032186,0.0,5.225488151336015,0.0,4.957333333333333,0.0,84.40969884865606,89.36703218198939,75.09834637141965,0.5516025292550297,0.0,-0.5516025292550297,61.88415029837666,2663.9255878494973,2369.1986744711617,charge,23.31797087077735,2026-08-05
2026-08-05 14:15:00,VIC1,110.42,0.11042,62.705857816032186,0.0,5.225488151336015,0.0,4.957333333333333,0.0,89.36703218198939,94.32436551532273,79.26417270195188,0.5769984016705229,0.0,-0.5769984016705229,61.30715189670614,2669.151076000833,2369.1986744711617,charge,23.31797087077735,2026-08-05
2026-08-05 14:20:00,VIC1,105.56,0.10556,62.705857816032186,0.0,5.225488151336015,0.0,4.957333333333333,0.0,94.32436551532273,99.28169884865605,83.42999903248408,0.5516025292550297,0.0,-0.5516025292550297,60.75554936745111,2674.376564152169,2369.1986744711617,charge,23.31797087077735,2026-08-05
2026-08-05 14:25:00,VIC1,124.0,0.124,62.705857816032186,0.0,5.225488151336015,0.0,4.957333333333333,0.0,99.28169884865605,104.23903218198939,87.59582536301629,0.6479605307656658,0.0,-0.6479605307656658,60.107588836685444,2679.602052303505,2369.1986744711617,charge,23.31797087077735,2026-08-05
2026-08-05 14:30:00,VIC1,155.30632,0.15530632,0.0,69.0,0.0,5.75,0.0,6.061032181989394,104.23903218198939,98.178,82.50252100840336,0.0,0.8930113399999999,0.8930113399999999,61.000600176685445,2679.602052303505,2374.9486744711617,discharge,23.37456314138416,2026-08-05
2026-08-05 14:35:00,VIC1,124.87017,0.12487017,62.705857816032186,0.0,5.225488151336015,0.0,4.957333333333333,0.0,98.178,103.13533333333334,86.66834733893558,0.652507593790314,0.0,-0.652507593790314,60.348092582895134,2684.827540454841,2374.9486744711617,charge,23.37456314138416,2026-08-05
2026-08-05 14:40:00,VIC1,124.0,0.124,62.705857816032186,0.0,5.225488151336015,0.0,4.957333333333333,0.0,103.13533333333334,108.09266666666666,90.83417366946777,0.6479605307656658,0.0,-0.6479605307656658,59.70013205212947,2690.0530286061767,2374.9486744711617,charge,23.37456314138416,2026-08-05
2026-08-05 14:45:00,VIC1,124.00001,0.12400001000000001,62.705857816032186,0.0,5.225488151336015,0.0,4.957333333333333,0.0,108.09266666666666,113.05,95.0,0.6479605830205475,0.0,-0.6479605830205475,59.05217146910892,2695.2785167575125,2374.9486744711617,charge,23.37456314138416,2026-08-05
2026-08-05 14:50:00,VIC1,151.23212,0.15123212000000003,0.0,-0.0,0.0,-0.0,0.0,-0.0,113.05,113.05,95.0,0.0,-0.0,-0.0,59.05217146910892,2695.2785167575125,2374.9486744711617,idle,23.37456314138416,2026-08-05
2026-08-05 14:55:00,VIC1,151.07191,0.15107191,0.0,0.0,0.0,0.0,0.0,0.0,113.05,113.05,95.0,0.0,0.0,0.0,59.05217146910892,2695.2785167575125,2374.9486744711617,idle,23.37456314138416,2026-08-05
2026-08-05 15:00:00,VIC1,165.75018,0.16575018,0.0,69.0,0.0,5.75,0.0,6.061032181989394,113.05,106.98896781801061,89.90669564538707,0.0,0.953063535,0.953063535,60.00523500410892,2695.2785167575125,2380.6986744711617,discharge,23.43115541199097,2026-08-05
2026-08-05 15:05:00,VIC1,164.63861,0.16463861,0.0,69.0,0.0,5.75,0.0,6.061032181989394,106.98896781801061,100.92793563602122,84.81339129077413,0.0,0.9466720074999999,0.9466720074999999,60.95190701160892,2695.2785167575125,2386.4486744711617,discharge,23.487747682597785,2026-08-05
2026-08-05 15:10:00,VIC1,143.23763,0.14323763,27.921617701268932,0.0,2.326801475105744,0.0,2.2073976973121177,0.0,100.92793563602122,103.13533333333334,86.66834733893558,0.3332855287746508,0.0,-0.3332855287746508,60.618621482834264,2697.605318232618,2386.4486744711617,charge,23.487747682597785,2026-08-05
2026-08-05 15:15:00,VIC1,142.14674,0.14214674,62.705857816032186,0.0,5.225488151336015,0.0,4.957333333333333,0.0,103.13533333333334,108.09266666666666,90.83417366946777,0.7427861056210412,0.0,-0.7427861056210412,59.87583537721322,2702.830806383954,2386.4486744711617,charge,23.487747682597785,2026-08-05
2026-08-05 15:20:00,VIC1,142.11723,0.14211723,62.705857816032186,0.0,5.225488151336015,0.0,4.957333333333333,0.0,108.09266666666666,113.05,95.0,0.7426319014656954,0.0,-0.7426319014656954,59.13320347574753,2708.05629453529,2386.4486744711617,charge,23.487747682597785,2026-08-05
2026-08-05 15:25:00,VIC1,162.34567,0.16234567000000003,0.0,-0.0,0.0,-0.0,0.0,-0.0,113.05,113.05,95.0,0.0,-0.0,-0.0,59.13320347574753,2708.05629453529,2386.4486744711617,idle,23.487747682597785,2026-08-05
2026-08-05 15:30:00,VIC1,158.68938,0.15868938,0.0,0.0,0.0,0.0,0.0,0.0,113.05,113.05,95.0,0.0,0.0,0.0,59.13320347574753,2708.05629453529,2386.4486744711617,idle,23.487747682597785,2026-08-05
2026-08-05 15:35:00,VIC1,170.11,0.17011,0.0,-0.0,0.0,-0.0,0.0,-0.0,113.05,113.05,95.0,0.0,-0.0,-0.0,59.13320347574753,2708.05629453529,2386.4486744711617,idle,23.487747682597785,2026-08-05
2026-08-05 15:40:00,VIC1,184.0,0.184,0.0,0.0,0.0,0.0,0.0,0.0,113.05,113.05,95.0,0.0,0.0,0.0,59.13320347574753,2708.05629453529,2386.4486744711617,idle,23.487747682597785,2026-08-05
2026-08-05 15:45:00,VIC1,184.0,0.184,0.0,0.0,0.0,0.0,0.0,0.0,113.05,113.05,95.0,0.0,0.0,0.0,59.13320347574753,2708.05629453529,2386.4486744711617,idle,23.487747682597785,2026-08-05
2026-08-05 15:50:00,VIC1,275.07,0.27507,0.0,69.0,0.0,5.75,0.0,6.061032181989394,113.05,106.98896781801061,89.90669564538707,0.0,1.5816525,1.5816525,60.714855975747525,2708.05629453529,2392.1986744711617,discharge,23.544339953204595,2026-08-05
2026-08-05 15:55:00,VIC1,175.46,0.17546,62.705857816032186,0.0,5.225488151336015,0.0,4.957333333333333,0.0,106.98896781801061,111.94630115134395,94.07252197591927,0.9168641510334172,0.0,-0.9168641510334172,59.79799182471411,2713.281782686626,2392.1986744711617,charge,23.544339953204595,2026-08-05
2026-08-05 16:00:00,VIC1,184.0,0.184,0.0,0.0,0.0,0.0,0.0,0.0,111.94630115134395,111.94630115134395,94.07252197591927,0.0,0.0,0.0,59.79799182471411,2713.281782686626,2392.1986744711617,idle,23.544339953204595,2026-08-05
2026-08-05 16:05:00,VIC1,274.82,0.27482,0.0,69.0,0.0,5.75,0.0,6.061032181989394,111.94630115134395,105.88526896935456,88.97921762130635,0.0,1.5802150000000001,1.5802150000000001,61.37820682471411,2713.281782686626,2397.9486744711617,discharge,23.60093222381141,2026-08-05
2026-08-05 16:10:00,VIC1,175.46,0.17546,62.705857816032186,0.0,5.225488151336015,0.0,4.957333333333333,0.0,105.88526896935456,110.8426023026879,93.14504395183857,0.9168641510334172,0.0,-0.9168641510334172,60.4613426736807,2718.5072708379616,2397.9486744711617,charge,23.60093222381141,2026-08-05
2026-08-05 16:15:00,VIC1,176.46,0.17646,27.92161770126875,0.0,2.326801475105729,0.0,2.2073976973121034,0.0,110.8426023026879,113.05,95.0,0.41058738829715696,0.0,-0.41058738829715696,60.05075528538354,2720.8340723130673,2397.9486744711617,charge,23.60093222381141,2026-08-05
2026-08-05 16:20:00,VIC1,181.09824,0.18109824000000002,0.0,0.0,0.0,0.0,0.0,0.0,113.05,113.05,95.0,0.0,0.0,0.0,60.05075528538354,2720.8340723130673,2397.9486744711617,idle,23.60093222381141,2026-08-05
2026-08-05 16:25:00,VIC1,225.03981,0.22503981,0.0,69.0,0.0,5.75,0.0,6.061032181989394,113.05,106.98896781801061,89.90669564538707,0.0,1.2939789075,1.2939789075,61.344734192883536,2720.8340723130673,2403.6986744711617,discharge,23.65752449441822,2026-08-05
2026-08-05 16:30:00,VIC1,232.48,0.23248,0.0,69.0,0.0,5.75,0.0,6.061032181989394,106.98896781801061,100.92793563602122,84.81339129077413,0.0,1.33676,1.33676,62.681494192883534,2720.8340723130673,2409.4486744711617,discharge,23.71411676502503,2026-08-05
2026-08-05 16:35:00,VIC1,176.46,0.17646,62.705857816032186,0.0,5.225488151336015,0.0,4.957333333333333,0.0,100.92793563602122,105.88526896935456,88.97921762130635,0.9220896391847533,0.0,-0.9220896391847533,61.75940455369878,2726.059560464403,2409.4486744711617,charge,23.71411676502503,2026-08-05
2026-08-05 16:40:00,VIC1,230.47592,0.23047592,0.0,69.0,0.0,5.75,0.0,6.061032181989394,105.88526896935456,99.82423678736517,83.88591326669341,0.0,1.32523654,1.32523654,63.08464109369878,2726.059560464403,2415.1986744711617,discharge,23.770709035631842,2026-08-05
2026-08-05 16:45:00,VIC1,176.46,0.17646,62.705857816032186,0.0,5.225488151336015,0.0,4.957333333333333,0.0,99.82423678736517,104.7815701206985,88.05173959722563,0.9220896391847533,0.0,-0.9220896391847533,62.16255145451402,2731.285048615739,2415.1986744711617,charge,23.770709035631842,2026-08-05
2026-08-05 16:50:00,VIC1,231.97,0.23197,0.0,69.0,0.0,5.75,0.0,6.061032181989394,104.7815701206985,98.72053793870911,82.95843524261271,0.0,1.3338275,1.3338275,63.49637895451402,2731.285048615739,2420.9486744711617,discharge,23.827301306238653,2026-08-05
2026-08-05 16:55:00,VIC1,232.48,0.23248,0.0,69.0,0.0,5.75,0.0,6.061032181989394,98.72053793870911,92.65950575671972,77.86513088799977,0.0,1.33676,1.33676,64.83313895451403,2731.285048615739,2426.6986744711617,discharge,23.883893576845466,2026-08-05
2026-08-05 17:00:00,VIC1,244.69,0.24469,0.0,69.0,0.0,5.75,0.0,6.061032181989394,92.65950575671972,86.59847357473033,72.77182653338684,0.0,1.4069675,1.4069675,66.24010645451402,2731.285048615739,2432.4486744711617,discharge,23.940485847452276,2026-08-05
2026-08-05 17:05:00,VIC1,186.53,0.18653,0.0,0.0,0.0,0.0,0.0,0.0,86.59847357473033,86.59847357473033,72.77182653338684,0.0,0.0,0.0,66.24010645451402,2731.285048615739,2432.4486744711617,idle,23.940485847452276,2026-08-05
2026-08-05 17:10:00,VIC1,187.63,0.18763,0.0,0.0,0.0,0.0,0.0,0.0,86.59847357473033,86.59847357473033,72.77182653338684,0.0,0.0,0.0,66.24010645451402,2731.285048615739,2432.4486744711617,idle,23.940485847452276,2026-08-05
2026-08-05 17:15:00,VIC1,220.77168,0.22077168,0.0,69.0,0.0,5.75,0.0,6.061032181989394,86.59847357473033,80.53744139274094,67.6785221787739,0.0,1.26943716,1.26943716,67.50954361451402,2731.285048615739,2438.1986744711617,discharge,23.997078118059086,2026-08-05
2026-08-05 17:20:00,VIC1,215.31389,0.21531388999999998,0.0,69.0,0.0,5.75,0.0,6.061032181989394,80.53744139274094,74.47640921075156,62.585217824160964,0.0,1.2380548674999998,1.2380548674999998,68.74759848201401,2731.285048615739,2443.9486744711617,discharge,24.0536703886659,2026-08-05
2026-08-05 17:25:00,VIC1,244.10993,0.24410993,0.0,69.0,0.0,5.75,0.0,6.061032181989394,74.47640921075156,68.41537702876217,57.49191346954804,0.0,1.4036320975,1.4036320975,70.151230579514,2731.285048615739,2449.6986744711617,discharge,24.11026265927271,2026-08-05
2026-08-05 17:30:00,VIC1,241.48,0.24148,0.0,69.0,0.0,5.75,0.0,6.061032181989394,68.41537702876217,62.35434484677277,52.3986091149351,0.0,1.38851,1.38851,71.539740579514,2731.285048615739,2455.4486744711617,discharge,24.166854929879523,2026-08-05
2026-08-05 17:35:00,VIC1,186.53,0.18653,53.201868085135025,0.0,4.433489007094585,0.0,4.205976973121189,0.0,62.35434484677277,66.56032181989396,55.93304354612938,0.826978704493353,0.0,-0.826978704493353,70.71276187502065,2735.7185376228335,2455.4486744711617,charge,24.166854929879523,2026-08-05
2026-08-05 17:40:00,VIC1,187.63,0.18763,0.0,0.0,0.0,0.0,0.0,0.0,66.56032181989396,66.56032181989396,55.93304354612938,0.0,0.0,0.0,70.71276187502065,2735.7185376228335,2455.4486744711617,idle,24.166854929879523,2026-08-05
2026-08-05 17:45:00,VIC1,259.30027,0.25930027,0.0,69.0,0.0,5.75,0.0,6.061032181989394,66.56032181989396,60.49928963790456,50.83973919151644,0.0,1.4909765525,1.4909765525,72.20373842752065,2735.7185376228335,2461.1986744711617,discharge,24.223447200486333,2026-08-05
2026-08-05 17:50:00,VIC1,187.63,0.18763,0.0,0.0,0.0,0.0,0.0,0.0,60.49928963790456,60.49928963790456,50.83973919151644,0.0,0.0,0.0,72.20373842752065,2735.7185376228335,2461.1986744711617,idle,24.223447200486333,2026-08-05
2026-08-05 17:55:00,VIC1,249.02736,0.24902736,0.0,69.0,0.0,5.75,0.0,6.061032181989394,60.49928963790456,54.43825745591516,45.7464348369035,0.0,1.43190732,1.43190732,73.63564574752064,2735.7185376228335,2466.9486744711617,discharge,24.280039471093144,2026-08-05
2026-08-05 18:00:00,VIC1,252.42359,0.25242359,0.0,69.0,0.0,5.75,0.0,6.061032181989394,54.43825745591516,48.37722527392577,40.653130482290564,0.0,1.4514356425,1.4514356425,75.08708139002064,2735.7185376228335,2472.6986744711617,discharge,24.336631741699957,2026-08-05
2026-08-05 18:05:00,VIC1,187.63,0.18763,0.0,0.0,0.0,0.0,0.0,0.0,48.37722527392577,48.37722527392577,40.653130482290564,0.0,0.0,0.0,75.08708139002064,2735.7185376228335,2472.6986744711617,idle,24.336631741699957,2026-08-05
2026-08-05 18:10:00,VIC1,241.48,0.24148,0.0,69.0,0.0,5.75,0.0,6.061032181989394,48.37722527392577,42.31619309193637,35.559826127677624,0.0,1.38851,1.38851,76.47559139002064,2735.7185376228335,2478.4486744711617,discharge,24.393224012306767,2026-08-05
2026-08-05 18:15:00,VIC1,232.48,0.23248,0.0,69.0,0.0,5.75,0.0,6.061032181989394,42.31619309193637,36.25516090994697,30.46652177306468,0.0,1.33676,1.33676,77.81235139002064,2735.7185376228335,2484.1986744711617,discharge,24.449816282913577,2026-08-05
2026-08-05 18:20:00,VIC1,241.48,0.24148,0.0,69.0,0.0,5.75,0.0,6.061032181989394,36.25516090994697,30.194128727957576,25.373217418451745,0.0,1.38851,1.38851,79.20086139002063,2735.7185376228335,2489.9486744711617,discharge,24.50640855352039,2026-08-05
2026-08-05 18:25:00,VIC1,188.99199,0.18899199,0.0,0.0,0.0,0.0,0.0,0.0,30.194128727957576,30.194128727957576,25.373217418451745,0.0,0.0,0.0,79.20086139002063,2735.7185376228335,2489.9486744711617,idle,24.50640855352039,2026-08-05
2026-08-05 18:30:00,VIC1,221.11442,0.22111442,0.0,69.0,0.0,5.75,0.0,6.061032181989394,30.194128727957576,24.133096545968183,20.27991306383881,0.0,1.271407915,1.271407915,80.47226930502063,2735.7185376228335,2495.6986744711617,discharge,24.5630008241272,2026-08-05
2026-08-05 18:35:00,VIC1,248.076,0.248076,0.0,69.0,0.0,5.75,0.0,6.061032181989394,24.133096545968183,18.07206436397879,15.186608709225874,0.0,1.426437,1.426437,81.89870630502062,2735.7185376228335,2501.4486744711617,discharge,24.619593094734014,2026-08-05
2026-08-05 18:40:00,VIC1,220.91224,0.22091224,0.0,69.0,0.0,5.75,0.0,6.061032181989394,18.07206436397879,12.011032181989394,10.093304354612936,0.0,1.27024538,1.27024538,83.16895168502063,2735.7185376228335,2507.1986744711617,discharge,24.676185365340825,2026-08-05
2026-08-05 18:45:00,VIC1,190.69892,0.19069892,0.0,0.0,0.0,0.0,0.0,0.0,12.011032181989394,12.011032181989394,10.093304354612936,0.0,0.0,0.0,83.16895168502063,2735.7185376228335,2507.1986744711617,idle,24.676185365340825,2026-08-05
2026-08-05 18:50:00,VIC1,202.63859,0.20263859,0.0,0.0,0.0,0.0,0.0,0.0,12.011032181989394,12.011032181989394,10.093304354612936,0.0,0.0,0.0,83.16895168502063,2735.7185376228335,2507.1986744711617,idle,24.676185365340825,2026-08-05
2026-08-05 18:55:00,VIC1,211.61645,0.21161644999999998,0.0,69.0,0.0,5.75,0.0,6.061032181989394,12.011032181989394,5.95,5.0,0.0,1.2167945875,1.2167945875,84.38574627252063,2735.7185376228335,2512.9486744711617,discharge,24.732777635947635,2026-08-05
2026-08-05 19:00:00,VIC1,202.24653,0.20224653,0.0,0.0,0.0,0.0,0.0,0.0,5.95,5.95,5.0,0.0,0.0,0.0,84.38574627252063,2735.7185376228335,2512.9486744711617,idle,24.732777635947635,2026-08-05
2026-08-05 19:05:00,VIC1,187.48,0.18747999999999998,0.0,-0.0,0.0,-0.0,0.0,-0.0,5.95,5.95,5.0,0.0,-0.0,-0.0,84.38574627252063,2735.7185376228335,2512.9486744711617,idle,24.732777635947635,2026-08-05
2026-08-05 19:10:00,VIC1,186.53,0.18653,0.0,0.0,0.0,0.0,0.0,0.0,5.95,5.95,5.0,0.0,0.0,0.0,84.38574627252063,2735.7185376228335,2512.9486744711617,idle,24.732777635947635,2026-08-05
2026-08-05 19:15:00,VIC1,174.18423,0.17418423000000002,0.0,0.0,0.0,0.0,0.0,0.0,5.95,5.95,5.0,0.0,0.0,0.0,84.38574627252063,2735.7185376228335,2512.9486744711617,idle,24.732777635947635,2026-08-05
2026-08-05 19:20:00,VIC1,184.00002,0.18400002000000001,0.0,-0.0,0.0,-0.0,0.0,-0.0,5.95,5.95,5.0,0.0,-0.0,-0.0,84.38574627252063,2735.7185376228335,2512.9486744711617,idle,24.732777635947635,2026-08-05
2026-08-05 19:25:00,VIC1,177.50332,0.17750332,0.0,0.0,0.0,0.0,0.0,0.0,5.95,5.95,5.0,0.0,0.0,0.0,84.38574627252063,2735.7185376228335,2512.9486744711617,idle,24.732777635947635,2026-08-05
2026-08-05 19:30:00,VIC1,176.46,0.17646,0.0,0.0,0.0,0.0,0.0,0.0,5.95,5.95,5.0,0.0,0.0,0.0,84.38574627252063,2735.7185376228335,2512.9486744711617,idle,24.732777635947635,2026-08-05
2026-08-05 19:35:00,VIC1,184.00002,0.18400002000000001,0.0,-0.0,0.0,-0.0,0.0,-0.0,5.95,5.95,5.0,0.0,-0.0,-0.0,84.38574627252063,2735.7185376228335,2512.9486744711617,idle,24.732777635947635,2026-08-05
2026-08-05 19:40:00,VIC1,176.46,0.17646,0.0,0.0,0.0,0.0,0.0,0.0,5.95,5.95,5.0,0.0,0.0,0.0,84.38574627252063,2735.7185376228335,2512.9486744711617,idle,24.732777635947635,2026-08-05
2026-08-05 19:45:00,VIC1,164.13759,0.16413759,0.0,0.0,0.0,0.0,0.0,0.0,5.95,5.95,5.0,0.0,0.0,0.0,84.38574627252063,2735.7185376228335,2512.9486744711617,idle,24.732777635947635,2026-08-05
2026-08-05 19:50:00,VIC1,170.61638,0.17061637999999998,0.0,0.0,0.0,0.0,0.0,0.0,5.95,5.95,5.0,0.0,0.0,0.0,84.38574627252063,2735.7185376228335,2512.9486744711617,idle,24.732777635947635,2026-08-05
2026-08-05 19:55:00,VIC1,172.39922,0.17239922000000002,0.0,0.0,0.0,0.0,0.0,0.0,5.95,5.95,5.0,0.0,0.0,0.0,84.38574627252063,2735.7185376228335,2512.9486744711617,idle,24.732777635947635,2026-08-05
2026-08-05 20:00:00,VIC1,163.24,0.16324000000000002,-0.0,0.0,-0.0,0.0,-0.0,0.0,5.95,5.95,5.0,-0.0,0.0,0.0,84.38574627252063,2735.7185376228335,2512.9486744711617,idle,24.732777635947635,2026-08-05
2026-08-05 20:05:00,VIC1,173.90055,0.17390055000000001,0.0,0.0,0.0,0.0,0.0,0.0,5.95,5.95,5.0,0.0,0.0,0.0,84.38574627252063,2735.7185376228335,2512.9486744711617,idle,24.732777635947635,2026-08-05
2026-08-05 20:10:00,VIC1,174.54602,0.17454602,0.0,0.0,0.0,0.0,0.0,0.0,5.95,5.95,5.0,0.0,0.0,0.0,84.38574627252063,2735.7185376228335,2512.9486744711617,idle,24.732777635947635,2026-08-05
2026-08-05 20:15:00,VIC1,171.03347,0.17103347,0.0,0.0,0.0,0.0,0.0,0.0,5.95,5.95,5.0,0.0,0.0,0.0,84.38574627252063,2735.7185376228335,2512.9486744711617,idle,24.732777635947635,2026-08-05
2026-08-05 20:20:00,VIC1,167.48,0.16748,0.0,0.0,0.0,0.0,0.0,0.0,5.95,5.95,5.0,0.0,0.0,0.0,84.38574627252063,2735.7185376228335,2512.9486744711617,idle,24.732777635947635,2026-08-05
2026-08-05 20:25:00,VIC1,167.79,0.16779,0.0,0.0,0.0,0.0,0.0,0.0,5.95,5.95,5.0,0.0,0.0,0.0,84.38574627252063,2735.7185376228335,2512.9486744711617,idle,24.732777635947635,2026-08-05
2026-08-05 20:30:00,VIC1,167.68,0.16768000000000002,0.0,0.0,0.0,0.0,0.0,0.0,5.95,5.95,5.0,0.0,0.0,0.0,84.38574627252063,2735.7185376228335,2512.9486744711617,idle,24.732777635947635,2026-08-05
2026-08-05 20:35:00,VIC1,169.52533,0.16952533,0.0,0.0,0.0,0.0,0.0,0.0,5.95,5.95,5.0,0.0,0.0,0.0,84.38574627252063,2735.7185376228335,2512.9486744711617,idle,24.732777635947635,2026-08-05
2026-08-05 20:40:00,VIC1,167.48,0.16748,0.0,0.0,0.0,0.0,0.0,0.0,5.95,5.95,5.0,0.0,0.0,0.0,84.38574627252063,2735.7185376228335,2512.9486744711617,idle,24.732777635947635,2026-08-05
2026-08-05 20:45:00,VIC1,157.5507,0.15755070000000002,0.0,0.0,0.0,0.0,0.0,0.0,5.95,5.95,5.0,0.0,0.0,0.0,84.38574627252063,2735.7185376228335,2512.9486744711617,idle,24.732777635947635,2026-08-05
2026-08-05 20:50:00,VIC1,166.88371,0.16688371000000002,0.0,-0.0,0.0,-0.0,0.0,-0.0,5.95,5.95,5.0,0.0,-0.0,-0.0,84.38574627252063,2735.7185376228335,2512.9486744711617,idle,24.732777635947635,2026-08-05
2026-08-05 20:55:00,VIC1,162.66817,0.16266817,0.0,0.0,0.0,0.0,0.0,0.0,5.95,5.95,5.0,0.0,0.0,0.0,84.38574627252063,2735.7185376228335,2512.9486744711617,idle,24.732777635947635,2026-08-05
2026-08-05 21:00:00,VIC1,144.60697,0.14460697,62.705857816032186,0.0,5.225488151336015,0.0,4.957333333333333,0.0,5.95,10.907333333333334,9.165826330532214,0.7556420083356026,0.0,-0.7556420083356026,83.63010426418504,2740.9440257741694,2512.9486744711617,charge,24.732777635947635,2026-08-05
2026-08-05 21:05:00,VIC1,166.40727,0.16640727000000002,0.0,56.43527203442897,0.0,4.702939336202414,0.0,4.957333333333334,10.907333333333334,5.95,5.0,0.0,0.782603295913056,0.782603295913056,84.4127075600981,2740.9440257741694,2517.651613807364,discharge,24.77906459517577,2026-08-05
2026-08-05 21:10:00,VIC1,163.24,0.16324000000000002,0.0,-0.0,0.0,-0.0,0.0,-0.0,5.95,5.95,5.0,0.0,-0.0,-0.0,84.4127075600981,2740.9440257741694,2517.651613807364,idle,24.77906459517577,2026-08-05
2026-08-05 21:15:00,VIC1,163.24,0.16324000000000002,0.0,0.0,0.0,0.0,0.0,0.0,5.95,5.95,5.0,0.0,0.0,0.0,84.4127075600981,2740.9440257741694,2517.651613807364,idle,24.77906459517577,2026-08-05
2026-08-05 21:20:00,VIC1,161.81175,0.16181175,0.0,0.0,0.0,0.0,0.0,0.0,5.95,5.95,5.0,0.0,0.0,0.0,84.4127075600981,2740.9440257741694,2517.651613807364,idle,24.77906459517577,2026-08-05
2026-08-05 21:25:00,VIC1,163.24,0.16324000000000002,0.0,0.0,0.0,0.0,0.0,0.0,5.95,5.95,5.0,0.0,0.0,0.0,84.4127075600981,2740.9440257741694,2517.651613807364,idle,24.77906459517577,2026-08-05
2026-08-05 21:30:00,VIC1,140.64267,0.14064267000000003,62.705857816032186,0.0,5.225488151336015,0.0,4.957333333333333,0.0,5.95,10.907333333333334,9.165826330532214,0.7349266056572614,0.0,-0.7349266056572614,83.67778095444083,2746.1695139255053,2517.651613807364,charge,24.77906459517577,2026-08-05
2026-08-05 21:35:00,VIC1,162.42588,0.16242588000000002,0.0,56.43527203442897,0.0,4.702939336202414,0.0,4.957333333333334,10.907333333333334,5.95,5.0,0.0,0.7638790602692931,0.7638790602692931,84.44166001471012,2746.1695139255053,2522.354553143566,discharge,24.825351554403905,2026-08-05
2026-08-05 21:40:00,VIC1,139.45278,0.13945278,62.705857816032186,0.0,5.225488151336015,0.0,4.957333333333333,0.0,5.95,10.907333333333334,9.165826330532214,0.728708849560868,0.0,-0.728708849560868,83.71295116514925,2751.395002076841,2522.354553143566,charge,24.825351554403905,2026-08-05
2026-08-05 21:45:00,VIC1,157.28809,0.15728809000000002,0.0,56.43527203442897,0.0,4.702939336202414,0.0,4.957333333333334,10.907333333333334,5.95,5.0,0.0,0.7397163455771456,0.7397163455771456,84.4526675107264,2751.395002076841,2527.0574924797684,discharge,24.871638513632043,2026-08-05
2026-08-05 21:50:00,VIC1,140.0763,0.14007630000000001,0.0,0.0,0.0,0.0,0.0,0.0,5.95,5.95,5.0,0.0,0.0,0.0,84.4526675107264,2751.395002076841,2527.0574924797684,idle,24.871638513632043,2026-08-05
2026-08-05 21:55:00,VIC1,140.20541,0.14020541,0.0,0.0,0.0,0.0,0.0,0.0,5.95,5.95,5.0,0.0,0.0,0.0,84.4526675107264,2751.395002076841,2527.0574924797684,idle,24.871638513632043,2026-08-05
2026-08-05 22:00:00,VIC1,126.02114,0.12602114,62.705857816032186,0.0,5.225488151336015,0.0,4.957333333333333,0.0,5.95,10.907333333333334,9.165826330532214,0.6585219738878572,0.0,-0.6585219738878572,83.79414553683854,2756.620490228177,2527.0574924797684,charge,24.871638513632043,2026-08-05
2026-08-05 22:05:00,VIC1,136.21845,0.13621845,0.0,0.0,0.0,0.0,0.0,0.0,10.907333333333334,10.907333333333334,9.165826330532214,0.0,0.0,0.0,83.79414553683854,2756.620490228177,2527.0574924797684,idle,24.871638513632043,2026-08-05
2026-08-05 22:10:00,VIC1,139.60057,0.13960057,0.0,0.0,0.0,0.0,0.0,0.0,10.907333333333334,10.907333333333334,9.165826330532214,0.0,0.0,0.0,83.79414553683854,2756.620490228177,2527.0574924797684,idle,24.871638513632043,2026-08-05
2026-08-05 22:15:00,VIC1,128.75105,0.12875105,62.705857816032186,0.0,5.225488151336015,0.0,4.957333333333333,0.0,10.907333333333334,15.864666666666666,13.331652661064425,0.6727870862470708,0.0,-0.6727870862470708,83.12135845059147,2761.845978379513,2527.0574924797684,charge,24.871638513632043,2026-08-05
2026-08-05 22:20:00,VIC1,140.64246,0.14064246,0.0,0.0,0.0,0.0,0.0,0.0,15.864666666666666,15.864666666666666,13.331652661064425,0.0,0.0,0.0,83.12135845059147,2761.845978379513,2527.0574924797684,idle,24.871638513632043,2026-08-05
2026-08-05 22:25:00,VIC1,138.1331,0.1381331,0.0,0.0,0.0,0.0,0.0,0.0,15.864666666666666,15.864666666666666,13.331652661064425,0.0,0.0,0.0,83.12135845059147,2761.845978379513,2527.0574924797684,idle,24.871638513632043,2026-08-05
2026-08-05 22:30:00,VIC1,132.45592,0.13245592,0.0,0.0,0.0,0.0,0.0,0.0,15.864666666666666,15.864666666666666,13.331652661064425,0.0,0.0,0.0,83.12135845059147,2761.845978379513,2527.0574924797684,idle,24.871638513632043,2026-08-05
2026-08-05 22:35:00,VIC1,138.88051,0.13888050999999998,0.0,0.0,0.0,0.0,0.0,0.0,15.864666666666666,15.864666666666666,13.331652661064425,0.0,0.0,0.0,83.12135845059147,2761.845978379513,2527.0574924797684,idle,24.871638513632043,2026-08-05
2026-08-05 22:40:00,VIC1,146.4894,0.1464894,0.0,43.87054406885792,0.0,3.6558786724048264,0.0,3.853634484677272,15.864666666666666,12.011032181989394,10.093304354612936,0.0,0.5355474731933796,0.5355474731933796,83.65690592378485,2761.845978379513,2530.7133711521733,discharge,24.9076201614815,2026-08-05
2026-08-05 22:45:00,VIC1,147.83703,0.14783703,0.0,69.0,0.0,5.75,0.0,6.061032181989394,12.011032181989394,5.95,5.0,0.0,0.8500629225,0.8500629225,84.50696884628485,2761.845978379513,2536.4633711521733,discharge,24.964212432088313,2026-08-05
2026-08-05 22:50:00,VIC1,127.47,0.12747,13.9608088506345,0.0,1.163400737552875,0.0,1.1036988486560617,0.0,5.95,7.053698848656062,5.927478024080724,0.14829869201586499,0.0,-0.14829869201586499,84.35867015426898,2763.0093791170657,2536.4633711521733,charge,24.964212432088313,2026-08-05
2026-08-05 22:55:00,VIC1,127.79451,0.12779451,0.0,0.0,0.0,0.0,0.0,0.0,7.053698848656062,7.053698848656062,5.927478024080724,0.0,0.0,0.0,84.35867015426898,2763.0093791170657,2536.4633711521733,idle,24.964212432088313,2026-08-05
2026-08-05 23:00:00,VIC1,118.4878,0.11848779999999999,62.705857816032186,0.0,5.225488151336015,0.0,4.957333333333333,0.0,7.053698848656062,12.011032181989394,10.093304354612936,0.6191565949778715,0.0,-0.6191565949778715,83.73951355929111,2768.2348672684016,2536.4633711521733,charge,24.964212432088313,2026-08-05
2026-08-05 23:05:00,VIC1,135.30497,0.13530497,0.0,0.0,0.0,0.0,0.0,0.0,12.011032181989394,12.011032181989394,10.093304354612936,0.0,0.0,0.0,83.73951355929111,2768.2348672684016,2536.4633711521733,idle,24.964212432088313,2026-08-05
2026-08-05 23:10:00,VIC1,148.42855,0.14842855,0.0,69.0,0.0,5.75,0.0,6.061032181989394,12.011032181989394,5.95,5.0,0.0,0.8534641624999999,0.8534641624999999,84.59297772179112,2768.2348672684016,2542.2133711521733,discharge,25.020804702695123,2026-08-05
2026-08-05 23:15:00,VIC1,137.30386,0.13730386,0.0,0.0,0.0,0.0,0.0,0.0,5.95,5.95,5.0,0.0,0.0,0.0,84.59297772179112,2768.2348672684016,2542.2133711521733,idle,25.020804702695123,2026-08-05
2026-08-05 23:20:00,VIC1,125.65669,0.12565669,0.0,0.0,0.0,0.0,0.0,0.0,5.95,5.95,5.0,0.0,0.0,0.0,84.59297772179112,2768.2348672684016,2542.2133711521733,idle,25.020804702695123,2026-08-05
2026-08-05 23:25:00,VIC1,114.89434,0.11489434,13.9608088506345,0.0,1.163400737552875,0.0,1.1036988486560617,0.0,5.95,7.053698848656062,5.927478024080724,0.1336681598966508,0.0,-0.1336681598966508,84.45930956189446,2769.3982680059544,2542.2133711521733,charge,25.020804702695123,2026-08-05
2026-08-05 23:30:00,VIC1,116.84581,0.11684581000000001,0.0,0.0,0.0,0.0,0.0,0.0,7.053698848656062,7.053698848656062,5.927478024080724,0.0,0.0,0.0,84.45930956189446,2769.3982680059544,2542.2133711521733,idle,25.020804702695123,2026-08-05
2026-08-05 23:35:00,VIC1,111.86428,0.11186428,62.705857816032186,0.0,5.225488151336015,0.0,4.957333333333333,0.0,7.053698848656062,12.011032181989394,10.093304354612936,0.5845454696977344,0.0,-0.5845454696977344,83.87476409219673,2774.6237561572902,2542.2133711521733,charge,25.020804702695123,2026-08-05
2026-08-05 23:40:00,VIC1,132.78578,0.13278578,0.0,69.0,0.0,5.75,0.0,6.061032181989394,12.011032181989394,5.95,5.0,0.0,0.7635182349999999,0.7635182349999999,84.63828232719673,2774.6237561572902,2547.9633711521733,discharge,25.077396973301934,2026-08-05
2026-08-05 23:45:00,VIC1,108.177,0.10817700000000001,62.705857816032186,0.0,5.225488151336015,0.0,4.957333333333333,0.0,5.95,10.907333333333334,9.165826330532214,0.5652776317470761,0.0,-0.5652776317470761,84.07300469544965,2779.849244308626,2547.9633711521733,charge,25.077396973301934,2026-08-05
2026-08-05 23:50:00,VIC1,108.08985,0.10808985,62.705857816032186,0.0,5.225488151336015,0.0,4.957333333333333,0.0,10.907333333333334,15.864666666666665,13.331652661064425,0.5648222304546872,0.0,-0.5648222304546872,83.50818246499497,2785.074732459962,2547.9633711521733,charge,25.077396973301934,2026-08-05
2026-08-05 23:55:00,VIC1,129.99532,0.12999532,0.0,69.0,0.0,5.75,0.0,6.061032181989394,15.864666666666665,9.803634484677271,8.238348306451488,0.0,0.74747309,0.74747309,84.25565555499497,2785.074732459962,2553.7133711521733,discharge,25.133989243908747,2026-08-05
2026-08-06 00:00:00,VIC1,98.01,0.09801000000000001,62.705857816032186,0.0,5.225488151336015,0.0,4.957333333333333,0.0,9.803634484677271,14.760967818010604,12.4041746369837,0.5121500937124429,0.0,-0.5121500937124429,83.74350546128252,2790.300220611298,2553.7133711521733,charge,25.133989243908747,2026-08-05
2026-08-06 00:05:00,VIC1,108.85595,0.10885595,58.95573076723291,0.0,4.912977563936075,0.0,4.6608597586030545,0.0,14.760967818010604,19.42182757661366,16.320863509759377,0.5348068400509473,0.0,-0.5348068400509473,83.20869862123158,2795.213198175234,2553.7133711521733,charge,25.133989243908747,2026-08-06
2026-08-06 00:10:00,VIC1,164.0,0.164,0.0,69.0,0.0,5.75,0.0,6.061032181989394,19.42182757661366,13.360795394624265,11.22755915514644,0.0,0.9430000000000001,0.9430000000000001,84.15169862123157,2795.213198175234,2559.4633711521733,discharge,25.190581514515557,2026-08-06
2026-08-06 00:15:00,VIC1,127.06049,0.12706049,0.0,69.0,0.0,5.75,0.0,6.061032181989394,13.360795394624265,7.299763212634872,6.134254800533506,0.0,0.7305978175,0.7305978175,84.88229643873157,2795.213198175234,2565.2133711521733,discharge,25.24717378512237,2026-08-06
2026-08-06 00:20:00,VIC1,105.56,0.10556,62.705857816032186,0.0,5.225488151336015,0.0,4.957333333333333,0.0,7.299763212634872,12.257096545968205,10.300081131065717,0.5516025292550297,0.0,-0.5516025292550297,84.33069390947654,2800.43868632657,2565.2133711521733,charge,25.24717378512237,2026-08-06
2026-08-06 00:25:00,VIC1,105.39408,0.10539408,62.705857816032186,0.0,5.225488151336015,0.0,4.957333333333333,0.0,12.257096545968205,17.214429879301537,14.46590746159793,0.5507355162609601,0.0,-0.5507355162609601,83.77995839321558,2805.664174477906,2565.2133711521733,charge,25.24717378512237,2026-08-06
2026-08-06 00:30:00,VIC1,103.69197,0.10369197,62.705857816032186,0.0,5.225488151336015,0.0,4.957333333333333,0.0,17.214429879301537,22.171763212634872,18.631733792130145,0.5418411606236895,0.0,-0.5418411606236895,83.23811723259189,2810.8896626292417,2565.2133711521733,charge,25.24717378512237,2026-08-06
2026-08-06 00:35:00,VIC1,108.24,0.10824,62.705857816032186,0.0,5.225488151336015,0.0,4.957333333333333,0.0,22.171763212634872,27.129096545968203,22.797560122662354,0.5656068375006102,0.0,-0.5656068375006102,82.67251039509128,2816.1151507805776,2565.2133711521733,charge,25.24717378512237,2026-08-06
2026-08-06 00:40:00,VIC1,108.95683,0.10895683,0.0,0.0,0.0,0.0,0.0,0.0,27.129096545968203,27.129096545968203,22.797560122662354,0.0,0.0,0.0,82.67251039509128,2816.1151507805776,2565.2133711521733,idle,25.24717378512237,2026-08-06
2026-08-06 00:45:00,VIC1,105.56,0.10556,62.705857816032186,0.0,5.225488151336015,0.0,4.957333333333333,0.0,27.129096545968203,32.086429879301534,26.963386453194566,0.5516025292550297,0.0,-0.5516025292550297,82.12090786583624,2821.3406389319134,2565.2133711521733,charge,25.24717378512237,2026-08-06
2026-08-06 00:50:00,VIC1,110.4,0.11040000000000001,0.0,0.0,0.0,0.0,0.0,0.0,32.086429879301534,32.086429879301534,26.963386453194566,0.0,0.0,0.0,82.12090786583624,2821.3406389319134,2565.2133711521733,idle,25.24717378512237,2026-08-06
2026-08-06 00:55:00,VIC1,117.10192,0.11710192000000001,0.0,0.0,0.0,0.0,0.0,0.0,32.086429879301534,32.086429879301534,26.963386453194566,0.0,0.0,0.0,82.12090786583624,2821.3406389319134,2565.2133711521733,idle,25.24717378512237,2026-08-06
2026-08-06 01:00:00,VIC1,105.56,0.10556,62.705857816032186,0.0,5.225488151336015,0.0,4.957333333333333,0.0,32.086429879301534,37.04376321263487,31.129212783726786,0.5516025292550297,0.0,-0.5516025292550297,81.56930533658121,2826.5661270832493,2565.2133711521733,charge,25.24717378512237,2026-08-06
2026-08-06 01:05:00,VIC1,106.93743,0.10693743000000001,62.705857816032186,0.0,5.225488151336015,0.0,4.957333333333333,0.0,37.04376321263487,42.0010965459682,35.29503911425899,0.5588002733993246,0.0,-0.5588002733993246,81.01050506318188,2831.791615234585,2565.2133711521733,charge,25.24717378512237,2026-08-06
2026-08-06 01:10:00,VIC1,105.56,0.10556,62.705857816032186,0.0,5.225488151336015,0.0,4.957333333333333,0.0,42.0010965459682,46.958429879301534,39.4608654447912,0.5516025292550297,0.0,-0.5516025292550297,80.45890253392685,2837.017103385921,2565.2133711521733,charge,25.24717378512237,2026-08-06
2026-08-06 01:15:00,VIC1,110.4,0.11040000000000001,0.0,0.0,0.0,0.0,0.0,0.0,46.958429879301534,46.958429879301534,39.4608654447912,0.0,0.0,0.0,80.45890253392685,2837.017103385921,2565.2133711521733,idle,25.24717378512237,2026-08-06
2026-08-06 01:20:00,VIC1,105.77965,0.10577965,62.705857816032186,0.0,5.225488151336015,0.0,4.957333333333333,0.0,46.958429879301534,51.915763212634864,43.626691775323415,0.5527503077274707,0.0,-0.5527503077274707,79.90615222619938,2842.242591537257,2565.2133711521733,charge,25.24717378512237,2026-08-06
2026-08-06 01:25:00,VIC1,105.56,0.10556,62.705857816032186,0.0,5.225488151336015,0.0,4.957333333333333,0.0,51.915763212634864,56.873096545968195,47.79251810585563,0.5516025292550297,0.0,-0.5516025292550297,79.35454969694435,2847.4680796885928,2565.2133711521733,charge,25.24717378512237,2026-08-06
2026-08-06 01:30:00,VIC1,110.4,0.11040000000000001,0.0,0.0,0.0,0.0,0.0,0.0,56.873096545968195,56.873096545968195,47.79251810585563,0.0,0.0,0.0,79.35454969694435,2847.4680796885928,2565.2133711521733,idle,25.24717378512237,2026-08-06
2026-08-06 01:35:00,VIC1,130.76747,0.13076747,0.0,69.0,0.0,5.75,0.0,6.061032181989394,56.873096545968195,50.8120643639788,42.69921375124269,0.0,0.7519129525,0.7519129525,80.10646264944435,2847.4680796885928,2570.9633711521733,discharge,25.30376605572918,2026-08-06
2026-08-06 01:40:00,VIC1,110.4,0.11040000000000001,0.0,0.0,0.0,0.0,0.0,0.0,50.8120643639788,50.8120643639788,42.69921375124269,0.0,0.0,0.0,80.10646264944435,2847.4680796885928,2570.9633711521733,idle,25.30376605572918,2026-08-06
2026-08-06 01:45:00,VIC1,110.4,0.11040000000000001,0.0,0.0,0.0,0.0,0.0,0.0,50.8120643639788,50.8120643639788,42.69921375124269,0.0,0.0,0.0,80.10646264944435,2847.4680796885928,2570.9633711521733,idle,25.30376605572918,2026-08-06
2026-08-06 01:50:00,VIC1,122.27581,0.12227581000000001,0.0,69.0,0.0,5.75,0.0,6.061032181989394,50.8120643639788,44.7510321819894,37.60590939662975,0.0,0.7030859075000001,0.7030859075000001,80.80954855694435,2847.4680796885928,2576.7133711521733,discharge,25.36035832633599,2026-08-06
2026-08-06 01:55:00,VIC1,111.9649,0.1119649,0.0,0.0,0.0,0.0,0.0,0.0,44.7510321819894,44.7510321819894,37.60590939662975,0.0,0.0,0.0,80.80954855694435,2847.4680796885928,2576.7133711521733,idle,25.36035832633599,2026-08-06
2026-08-06 02:00:00,VIC1,102.80561,0.10280561,62.705857816032186,0.0,5.225488151336015,0.0,4.957333333333333,0.0,44.7510321819894,49.70836551532273,41.77173572716196,0.5372094969458714,0.0,-0.5372094969458714,80.27233905999847,2852.6935678399286,2576.7133711521733,charge,25.36035832633599,2026-08-06
2026-08-06 02:05:00,VIC1,110.4,0.11040000000000001,0.0,0.0,0.0,0.0,0.0,0.0,49.70836551532273,49.70836551532273,41.77173572716196,0.0,0.0,0.0,80.27233905999847,2852.6935678399286,2576.7133711521733,idle,25.36035832633599,2026-08-06
2026-08-06 02:10:00,VIC1,123.20001,0.12320001000000001,0.0,69.0,0.0,5.75,0.0,6.061032181989394,49.70836551532273,43.647333333333336,36.67843137254902,0.0,0.7084000575000001,0.7084000575000001,80.98073911749847,2852.6935678399286,2582.4633711521733,discharge,25.416950596942804,2026-08-06
2026-08-06 02:15:00,VIC1,110.4,0.11040000000000001,0.0,0.0,0.0,0.0,0.0,0.0,43.647333333333336,43.647333333333336,36.67843137254902,0.0,0.0,0.0,80.98073911749847,2852.6935678399286,2582.4633711521733,idle,25.416950596942804,2026-08-06
2026-08-06 02:20:00,VIC1,110.4,0.11040000000000001,0.0,0.0,0.0,0.0,0.0,0.0,43.647333333333336,43.647333333333336,36.67843137254902,0.0,0.0,0.0,80.98073911749847,2852.6935678399286,2582.4633711521733,idle,25.416950596942804,2026-08-06
2026-08-06 02:25:00,VIC1,110.4,0.11040000000000001,0.0,0.0,0.0,0.0,0.0,0.0,43.647333333333336,43.647333333333336,36.67843137254902,0.0,0.0,0.0,80.98073911749847,2852.6935678399286,2582.4633711521733,idle,25.416950596942804,2026-08-06
2026-08-06 02:30:00,VIC1,110.4,0.11040000000000001,0.0,0.0,0.0,0.0,0.0,0.0,43.647333333333336,43.647333333333336,36.67843137254902,0.0,0.0,0.0,80.98073911749847,2852.6935678399286,2582.4633711521733,idle,25.416950596942804,2026-08-06
2026-08-06 02:35:00,VIC1,107.41283,0.10741283,62.705857816032186,0.0,5.225488151336015,0.0,4.957333333333333,0.0,43.647333333333336,48.60466666666667,40.84425770308123,0.5612844704664697,0.0,-0.5612844704664697,80.419454647032,2857.9190559912645,2582.4633711521733,charge,25.416950596942804,2026-08-06
2026-08-06 02:40:00,VIC1,107.37312,0.10737312,62.705857816032186,0.0,5.225488151336015,0.0,4.957333333333333,0.0,48.60466666666667,53.562,45.010084033613445,0.5610769663319801,0.0,-0.5610769663319801,79.85837768070002,2863.1445441426004,2582.4633711521733,charge,25.416950596942804,2026-08-06
2026-08-06 02:45:00,VIC1,100.37385,0.10037385,62.705857816032186,0.0,5.225488151336015,0.0,4.957333333333333,0.0,53.562,58.51933333333333,49.17591036414565,0.5245023638789785,0.0,-0.5245023638789785,79.33387531682104,2868.370032293936,2582.4633711521733,charge,25.416950596942804,2026-08-06
2026-08-06 02:50:00,VIC1,105.56,0.10556,62.705857816032186,0.0,5.225488151336015,0.0,4.957333333333333,0.0,58.51933333333333,63.47666666666666,53.34173669467786,0.5516025292550297,0.0,-0.5516025292550297,78.782272787566,2873.595520445272,2582.4633711521733,charge,25.416950596942804,2026-08-06
2026-08-06 02:55:00,VIC1,107.34707,0.10734707,62.705857816032186,0.0,5.225488151336015,0.0,4.957333333333333,0.0,63.47666666666666,68.43399999999998,57.507563025210075,0.5609408423656378,0.0,-0.5609408423656378,78.22133194520036,2878.821008596608,2582.4633711521733,charge,25.416950596942804,2026-08-06
2026-08-06 03:00:00,VIC1,101.32552,0.10132552,62.705857816032186,0.0,5.225488151336015,0.0,4.957333333333333,0.0,68.43399999999998,73.39133333333332,61.673389355742295,0.5294753041879604,0.0,-0.5294753041879604,77.69185664101241,2884.046496747944,2582.4633711521733,charge,25.416950596942804,2026-08-06
2026-08-06 03:05:00,VIC1,105.56,0.10556,62.705857816032186,0.0,5.225488151336015,0.0,4.957333333333333,0.0,73.39133333333332,78.34866666666666,65.8392156862745,0.5516025292550297,0.0,-0.5516025292550297,77.14025411175737,2889.2719848992797,2582.4633711521733,charge,25.416950596942804,2026-08-06
2026-08-06 03:10:00,VIC1,109.02951,0.10902951000000001,0.0,0.0,0.0,0.0,0.0,0.0,78.34866666666666,78.34866666666666,65.8392156862745,0.0,0.0,0.0,77.14025411175737,2889.2719848992797,2582.4633711521733,idle,25.416950596942804,2026-08-06
2026-08-06 03:15:00,VIC1,109.0096,0.10900960000000001,0.0,0.0,0.0,0.0,0.0,0.0,78.34866666666666,78.34866666666666,65.8392156862745,0.0,0.0,0.0,77.14025411175737,2889.2719848992797,2582.4633711521733,idle,25.416950596942804,2026-08-06
2026-08-06 03:20:00,VIC1,110.4,0.11040000000000001,0.0,0.0,0.0,0.0,0.0,0.0,78.34866666666666,78.34866666666666,65.8392156862745,0.0,0.0,0.0,77.14025411175737,2889.2719848992797,2582.4633711521733,idle,25.416950596942804,2026-08-06
2026-08-06 03:25:00,VIC1,109.86998,0.10986998,0.0,0.0,0.0,0.0,0.0,0.0,78.34866666666666,78.34866666666666,65.8392156862745,0.0,0.0,0.0,77.14025411175737,2889.2719848992797,2582.4633711521733,idle,25.416950596942804,2026-08-06
2026-08-06 03:30:00,VIC1,110.4,0.11040000000000001,0.0,0.0,0.0,0.0,0.0,0.0,78.34866666666666,78.34866666666666,65.8392156862745,0.0,0.0,0.0,77.14025411175737,2889.2719848992797,2582.4633711521733,idle,25.416950596942804,2026-08-06
2026-08-06 03:35:00,VIC1,110.4,0.11040000000000001,0.0,0.0,0.0,0.0,0.0,0.0,78.34866666666666,78.34866666666666,65.8392156862745,0.0,0.0,0.0,77.14025411175737,2889.2719848992797,2582.4633711521733,idle,25.416950596942804,2026-08-06
2026-08-06 03:40:00,VIC1,108.85412,0.10885412,62.705857816032186,0.0,5.225488151336015,0.0,4.957333333333333,0.0,78.34866666666666,83.306,70.00504201680671,0.5688159142841087,0.0,-0.5688159142841087,76.57143819747327,2894.4974730506156,2582.4633711521733,charge,25.416950596942804,2026-08-06
2026-08-06 03:45:00,VIC1,115.96334,0.11596334,0.0,0.0,0.0,0.0,0.0,0.0,83.306,83.306,70.00504201680671,0.0,0.0,0.0,76.57143819747327,2894.4974730506156,2582.4633711521733,idle,25.416950596942804,2026-08-06
2026-08-06 03:50:00,VIC1,109.67937,0.10967937000000001,0.0,0.0,0.0,0.0,0.0,0.0,83.306,83.306,70.00504201680671,0.0,0.0,0.0,76.57143819747327,2894.4974730506156,2582.4633711521733,idle,25.416950596942804,2026-08-06
2026-08-06 03:55:00,VIC1,107.87504,0.10787504,62.705857816032186,0.0,5.225488151336015,0.0,4.957333333333333,0.0,83.306,88.26333333333334,74.17086834733894,0.5636997433448987,0.0,-0.5636997433448987,76.00773845412837,2899.7229612019514,2582.4633711521733,charge,25.416950596942804,2026-08-06
2026-08-06 04:00:00,VIC1,106.97093,0.10697092999999999,62.705857816032186,0.0,5.225488151336015,0.0,4.957333333333333,0.0,88.26333333333334,93.22066666666666,78.33669467787115,0.5589753272523943,0.0,-0.5589753272523943,75.44876312687597,2904.9484493532873,2582.4633711521733,charge,25.416950596942804,2026-08-06
2026-08-06 04:05:00,VIC1,107.86,0.10786,62.705857816032186,0.0,5.225488151336015,0.0,4.957333333333333,0.0,93.22066666666666,98.178,82.50252100840336,0.5636211520031026,0.0,-0.5636211520031026,74.88514197487287,2910.173937504623,2582.4633711521733,charge,25.416950596942804,2026-08-06
2026-08-06 04:10:00,VIC1,109.0,0.109,0.0,0.0,0.0,0.0,0.0,0.0,98.178,98.178,82.50252100840336,0.0,0.0,0.0,74.88514197487287,2910.173937504623,2582.4633711521733,idle,25.416950596942804,2026-08-06
2026-08-06 04:15:00,VIC1,106.20667,0.10620667,62.705857816032186,0.0,5.225488151336015,0.0,4.957333333333333,0.0,98.178,103.13533333333334,86.66834733893558,0.5549816956778543,0.0,-0.5549816956778543,74.33016027919501,2915.399425655959,2582.4633711521733,charge,25.416950596942804,2026-08-06
2026-08-06 04:20:00,VIC1,106.21824,0.10621823999999999,62.705857816032186,0.0,5.225488151336015,0.0,4.957333333333333,0.0,103.13533333333334,108.09266666666666,90.83417366946777,0.5550421545757651,0.0,-0.5550421545757651,73.77511812461925,2920.624913807295,2582.4633711521733,charge,25.416950596942804,2026-08-06
2026-08-06 04:25:00,VIC1,109.0,0.109,0.0,0.0,0.0,0.0,0.0,0.0,108.09266666666666,108.09266666666666,90.83417366946777,0.0,0.0,0.0,73.77511812461925,2920.624913807295,2582.4633711521733,idle,25.416950596942804,2026-08-06
2026-08-06 04:30:00,VIC1,105.56,0.10556,62.705857816032186,0.0,5.225488151336015,0.0,4.957333333333333,0.0,108.09266666666666,113.05,95.0,0.5516025292550297,0.0,-0.5516025292550297,73.22351559536422,2925.8504019586308,2582.4633711521733,charge,25.416950596942804,2026-08-06
2026-08-06 04:35:00,VIC1,109.0,0.109,0.0,0.0,0.0,0.0,0.0,0.0,113.05,113.05,95.0,0.0,0.0,0.0,73.22351559536422,2925.8504019586308,2582.4633711521733,idle,25.416950596942804,2026-08-06
2026-08-06 04:40:00,VIC1,109.0,0.109,0.0,0.0,0.0,0.0,0.0,0.0,113.05,113.05,95.0,0.0,0.0,0.0,73.22351559536422,2925.8504019586308,2582.4633711521733,idle,25.416950596942804,2026-08-06
2026-08-06 04:45:00,VIC1,109.0,0.109,0.0,0.0,0.0,0.0,0.0,0.0,113.05,113.05,95.0,0.0,0.0,0.0,73.22351559536422,2925.8504019586308,2582.4633711521733,idle,25.416950596942804,2026-08-06
2026-08-06 04:50:00,VIC1,109.0,0.109,0.0,0.0,0.0,0.0,0.0,0.0,113.05,113.05,95.0,0.0,0.0,0.0,73.22351559536422,2925.8504019586308,2582.4633711521733,idle,25.416950596942804,2026-08-06
2026-08-06 04:55:00,VIC1,109.0,0.109,-0.0,0.0,-0.0,0.0,-0.0,0.0,113.05,113.05,95.0,-0.0,0.0,0.0,73.22351559536422,2925.8504019586308,2582.4633711521733,idle,25.416950596942804,2026-08-06
2026-08-06 05:00:00,VIC1,109.0,0.109,-0.0,0.0,-0.0,0.0,-0.0,0.0,113.05,113.05,95.0,-0.0,0.0,0.0,73.22351559536422,2925.8504019586308,2582.4633711521733,idle,25.416950596942804,2026-08-06
2026-08-06 05:05:00,VIC1,117.98861,0.11798861,0.0,0.0,0.0,0.0,0.0,0.0,113.05,113.05,95.0,0.0,0.0,0.0,73.22351559536422,2925.8504019586308,2582.4633711521733,idle,25.416950596942804,2026-08-06
2026-08-06 05:10:00,VIC1,122.78914,0.12278914,0.0,0.0,0.0,0.0,0.0,0.0,113.05,113.05,95.0,0.0,0.0,0.0,73.22351559536422,2925.8504019586308,2582.4633711521733,idle,25.416950596942804,2026-08-06
2026-08-06 05:15:00,VIC1,128.18555,0.12818555,0.0,-0.0,0.0,-0.0,0.0,-0.0,113.05,113.05,95.0,0.0,-0.0,-0.0,73.22351559536422,2925.8504019586308,2582.4633711521733,idle,25.416950596942804,2026-08-06
2026-08-06 05:20:00,VIC1,120.45334,0.12045334,0.0,0.0,0.0,0.0,0.0,0.0,113.05,113.05,95.0,0.0,0.0,0.0,73.22351559536422,2925.8504019586308,2582.4633711521733,idle,25.416950596942804,2026-08-06
2026-08-06 05:25:00,VIC1,138.20546,0.13820546,0.0,-0.0,0.0,-0.0,0.0,-0.0,113.05,113.05,95.0,0.0,-0.0,-0.0,73.22351559536422,2925.8504019586308,2582.4633711521733,idle,25.416950596942804,2026-08-06
2026-08-06 05:30:00,VIC1,131.2476,0.13124760000000002,0.0,0.0,0.0,0.0,0.0,0.0,113.05,113.05,95.0,0.0,0.0,0.0,73.22351559536422,2925.8504019586308,2582.4633711521733,idle,25.416950596942804,2026-08-06
2026-08-06 05:35:00,VIC1,128.31681,0.12831681,0.0,0.0,0.0,0.0,0.0,0.0,113.05,113.05,95.0,0.0,0.0,0.0,73.22351559536422,2925.8504019586308,2582.4633711521733,idle,25.416950596942804,2026-08-06
2026-08-06 05:40:00,VIC1,138.80511,0.13880511,0.0,0.0,0.0,0.0,0.0,0.0,113.05,113.05,95.0,0.0,0.0,0.0,73.22351559536422,2925.8504019586308,2582.4633711521733,idle,25.416950596942804,2026-08-06
2026-08-06 05:45:00,VIC1,146.42004,0.14642004,0.0,56.43527203442902,0.0,4.702939336202418,0.0,4.957333333333338,113.05,108.09266666666666,90.83417366946777,0.0,0.6886045657243315,0.6886045657243315,73.91212016108855,2925.8504019586308,2587.1663104883755,discharge,25.463237556170938,2026-08-06
2026-08-06 05:50:00,VIC1,141.73886,0.14173886,0.0,0.0,0.0,0.0,0.0,0.0,108.09266666666666,108.09266666666666,90.83417366946777,0.0,0.0,0.0,73.91212016108855,2925.8504019586308,2587.1663104883755,idle,25.463237556170938,2026-08-06
2026-08-06 05:55:00,VIC1,136.4564,0.1364564,0.0,0.0,0.0,0.0,0.0,0.0,108.09266666666666,108.09266666666666,90.83417366946777,0.0,0.0,0.0,73.91212016108855,2925.8504019586308,2587.1663104883755,idle,25.463237556170938,2026-08-06
2026-08-06 06:00:00,VIC1,146.42,0.14642,0.0,0.0,0.0,0.0,0.0,0.0,108.09266666666666,108.09266666666666,90.83417366946777,0.0,0.0,0.0,73.91212016108855,2925.8504019586308,2587.1663104883755,idle,25.463237556170938,2026-08-06
2026-08-06 06:05:00,VIC1,146.42,0.14642,0.0,0.0,0.0,0.0,0.0,0.0,108.09266666666666,108.09266666666666,90.83417366946777,0.0,0.0,0.0,73.91212016108855,2925.8504019586308,2587.1663104883755,idle,25.463237556170938,2026-08-06
2026-08-06 06:10:00,VIC1,131.10406,0.13110406,62.705857816032186,0.0,5.225488151336015,0.0,4.957333333333333,0.0,108.09266666666666,113.05,95.0,0.685082712122046,0.0,-0.685082712122046,73.22703744896651,2931.0758901099666,2587.1663104883755,charge,25.463237556170938,2026-08-06
2026-08-06 06:15:00,VIC1,176.46,0.17646,0.0,33.68304668894945,0.0,2.8069205574124543,0.0,2.95875405752426,113.05,110.09124594247574,92.51365205250062,0.0,0.4953092015610017,0.4953092015610017,73.72234665052751,2931.0758901099666,2589.973231045788,discharge,25.490863644476487,2026-08-06
2026-08-06 06:20:00,VIC1,184.0,0.184,0.0,69.0,0.0,5.75,0.0,6.061032181989394,110.09124594247574,104.03021376048635,87.42034769788769,0.0,1.058,1.058,74.78034665052752,2931.0758901099666,2595.723231045788,discharge,25.5474559150833,2026-08-06
2026-08-06 06:25:00,VIC1,147.5112,0.1475112,62.705857816032186,0.0,5.225488151336015,0.0,4.957333333333333,0.0,104.03021376048635,108.98754709381969,91.5861740284199,0.7708180277893573,0.0,-0.7708180277893573,74.00952862273816,2936.3013782613025,2595.723231045788,charge,25.5474559150833,2026-08-06
2026-08-06 06:30:00,VIC1,176.79005,0.17679005,0.0,69.0,0.0,5.75,0.0,6.061032181989394,108.98754709381969,102.9265149118303,86.49286967380696,0.0,1.0165427875,1.0165427875,75.02607141023816,2936.3013782613025,2601.473231045788,discharge,25.60404818569011,2026-08-06
2026-08-06 06:35:00,VIC1,183.51036,0.18351035999999998,0.0,69.0,0.0,5.75,0.0,6.061032181989394,102.9265149118303,96.8654827298409,81.39956531919404,0.0,1.05518457,1.05518457,76.08125598023815,2936.3013782613025,2607.223231045788,discharge,25.660640456296925,2026-08-06
2026-08-06 06:40:00,VIC1,183.48,0.18348,0.0,69.0,0.0,5.75,0.0,6.061032181989394,96.8654827298409,90.80445054785152,76.30626096458111,0.0,1.05501,1.05501,77.13626598023815,2936.3013782613025,2612.973231045788,discharge,25.717232726903735,2026-08-06
2026-08-06 06:45:00,VIC1,166.84918,0.16684917999999999,0.0,0.0,0.0,0.0,0.0,0.0,90.80445054785152,90.80445054785152,76.30626096458111,0.0,0.0,0.0,77.13626598023815,2936.3013782613025,2612.973231045788,idle,25.717232726903735,2026-08-06
2026-08-06 06:50:00,VIC1,186.53,0.18653,0.0,69.0,0.0,5.75,0.0,6.061032181989394,90.80445054785152,84.74341836586213,71.21295660996817,0.0,1.0725475,1.0725475,78.20881348023815,2936.3013782613025,2618.723231045788,discharge,25.773824997510545,2026-08-06
2026-08-06 06:55:00,VIC1,197.6523,0.1976523,0.0,69.0,0.0,5.75,0.0,6.061032181989394,84.74341836586213,78.68238618387274,66.11965225535525,0.0,1.136500725,1.136500725,79.34531420523815,2936.3013782613025,2624.473231045788,discharge,25.83041726811736,2026-08-06
2026-08-06 07:00:00,VIC1,217.09074,0.21709074,0.0,69.0,0.0,5.75,0.0,6.061032181989394,78.68238618387274,72.62135400188335,61.02634790074231,0.0,1.248271755,1.248271755,80.59358596023816,2936.3013782613025,2630.223231045788,discharge,25.88700953872417,2026-08-06
2026-08-06 07:05:00,VIC1,222.55023,0.22255023000000002,0.0,69.0,0.0,5.75,0.0,6.061032181989394,72.62135400188335,66.56032181989396,55.93304354612938,0.0,1.2796638225,1.2796638225,81.87324978273816,2936.3013782613025,2635.973231045788,discharge,25.943601809330982,2026-08-06
2026-08-06 07:10:00,VIC1,217.42083,0.21742083,0.0,69.0,0.0,5.75,0.0,6.061032181989394,66.56032181989396,60.49928963790456,50.83973919151644,0.0,1.2501697725,1.2501697725,83.12341955523816,2936.3013782613025,2641.723231045788,discharge,26.000194079937792,2026-08-06
2026-08-06 07:15:00,VIC1,221.54538,0.22154538,0.0,69.0,0.0,5.75,0.0,6.061032181989394,60.49928963790456,54.43825745591516,45.7464348369035,0.0,1.273885935,1.273885935,84.39730549023815,2936.3013782613025,2647.473231045788,discharge,26.056786350544602,2026-08-06
2026-08-06 07:20:00,VIC1,281.2262,0.28122620000000004,0.0,69.0,0.0,5.75,0.0,6.061032181989394,54.43825745591516,48.37722527392577,40.653130482290564,0.0,1.6170506500000001,1.6170506500000001,86.01435614023815,2936.3013782613025,2653.223231045788,discharge,26.113378621151416,2026-08-06
2026-08-06 07:25:00,VIC1,273.22894,0.27322894000000003,0.0,69.0,0.0,5.75,0.0,6.061032181989394,48.37722527392577,42.31619309193637,35.559826127677624,0.0,1.5710664050000003,1.5710664050000003,87.58542254523815,2936.3013782613025,2658.973231045788,discharge,26.169970891758226,2026-08-06
2026-08-06 07:30:00,VIC1,273.55934,0.27355934000000004,0.0,69.0,0.0,5.75,0.0,6.061032181989394,42.31619309193637,36.25516090994697,30.46652177306468,0.0,1.5729662050000002,1.5729662050000002,89.15838875023815,2936.3013782613025,2664.723231045788,discharge,26.226563162365036,2026-08-06
2026-08-06 07:35:00,VIC1,274.07468,0.27407468,0.0,69.0,0.0,5.75,0.0,6.061032181989394,36.25516090994697,30.194128727957576,25.373217418451745,0.0,1.57592941,1.57592941,90.73431816023815,2936.3013782613025,2670.473231045788,discharge,26.28315543297185,2026-08-06
2026-08-06 07:40:00,VIC1,270.05449,0.27005449,0.0,69.0,0.0,5.75,0.0,6.061032181989394,30.194128727957576,24.133096545968183,20.27991306383881,0.0,1.5528133174999998,1.5528133174999998,92.28713147773814,2936.3013782613025,2676.223231045788,discharge,26.33974770357866,2026-08-06
2026-08-06 07:45:00,VIC1,277.32,0.27732,0.0,69.0,0.0,5.75,0.0,6.061032181989394,24.133096545968183,18.07206436397879,15.186608709225874,0.0,1.5945900000000002,1.5945900000000002,93.88172147773814,2936.3013782613025,2681.973231045788,discharge,26.396339974185473,2026-08-06
2026-08-06 07:50:00,VIC1,239.48,0.23948,0.0,69.0,0.0,5.75,0.0,6.061032181989394,18.07206436397879,12.011032181989394,10.093304354612936,0.0,1.37701,1.37701,95.25873147773814,2936.3013782613025,2687.723231045788,discharge,26.452932244792283,2026-08-06
2026-08-06 07:55:00,VIC1,184.06012,0.18406012000000002,0.0,69.0,0.0,5.75,0.0,6.061032181989394,12.011032181989394,5.95,5.0,0.0,1.0583456900000001,1.0583456900000001,96.31707716773813,2936.3013782613025,2693.473231045788,discharge,26.509524515399093,2026-08-06
2026-08-06 08:00:00,VIC1,176.46,0.17646,0.0,0.0,0.0,0.0,0.0,0.0,5.95,5.95,5.0,0.0,0.0,0.0,96.31707716773813,2936.3013782613025,2693.473231045788,idle,26.509524515399093,2026-08-06
2026-08-06 08:05:00,VIC1,145.24688,0.14524688,0.0,0.0,0.0,0.0,0.0,0.0,5.95,5.95,5.0,0.0,0.0,0.0,96.31707716773813,2936.3013782613025,2693.473231045788,idle,26.509524515399093,2026-08-06
2026-08-06 08:10:00,VIC1,133.68331,0.13368331,-0.0,0.0,-0.0,0.0,-0.0,0.0,5.95,5.95,5.0,-0.0,0.0,0.0,96.31707716773813,2936.3013782613025,2693.473231045788,idle,26.509524515399093,2026-08-06
2026-08-06 08:15:00,VIC1,123.99697,0.12399697000000001,-0.0,0.0,-0.0,0.0,-0.0,0.0,5.95,5.95,5.0,-0.0,0.0,0.0,96.31707716773813,2936.3013782613025,2693.473231045788,idle,26.509524515399093,2026-08-06
2026-08-06 08:20:00,VIC1,115.0,0.115,0.0,-0.0,0.0,-0.0,0.0,-0.0,5.95,5.95,5.0,0.0,-0.0,-0.0,96.31707716773813,2936.3013782613025,2693.473231045788,idle,26.509524515399093,2026-08-06
2026-08-06 08:25:00,VIC1,105.28382,0.10528382000000001,0.0,0.0,0.0,0.0,0.0,0.0,5.95,5.95,5.0,0.0,0.0,0.0,96.31707716773813,2936.3013782613025,2693.473231045788,idle,26.509524515399093,2026-08-06
2026-08-06 08:30:00,VIC1,98.85275,0.09885275,0.0,0.0,0.0,0.0,0.0,0.0,5.95,5.95,5.0,0.0,0.0,0.0,96.31707716773813,2936.3013782613025,2693.473231045788,idle,26.509524515399093,2026-08-06
2026-08-06 08:35:00,VIC1,109.0,0.109,0.0,-0.0,0.0,-0.0,0.0,-0.0,5.95,5.95,5.0,0.0,-0.0,-0.0,96.31707716773813,2936.3013782613025,2693.473231045788,idle,26.509524515399093,2026-08-06
2026-08-06 08:40:00,VIC1,97.53314,0.09753314,0.0,0.0,0.0,0.0,0.0,0.0,5.95,5.95,5.0,0.0,0.0,0.0,96.31707716773813,2936.3013782613025,2693.473231045788,idle,26.509524515399093,2026-08-06
2026-08-06 08:45:00,VIC1,98.45632,0.09845632000000001,0.0,0.0,0.0,0.0,0.0,0.0,5.95,5.95,5.0,0.0,0.0,0.0,96.31707716773813,2936.3013782613025,2693.473231045788,idle,26.509524515399093,2026-08-06
2026-08-06 08:50:00,VIC1,98.74777,0.09874777,0.0,0.0,0.0,0.0,0.0,0.0,5.95,5.95,5.0,0.0,0.0,0.0,96.31707716773813,2936.3013782613025,2693.473231045788,idle,26.509524515399093,2026-08-06
2026-08-06 08:55:00,VIC1,97.01369,0.09701369,0.0,0.0,0.0,0.0,0.0,0.0,5.95,5.95,5.0,0.0,0.0,0.0,96.31707716773813,2936.3013782613025,2693.473231045788,idle,26.509524515399093,2026-08-06
2026-08-06 09:00:00,VIC1,94.94493,0.09494493,0.0,0.0,0.0,0.0,0.0,0.0,5.95,5.95,5.0,0.0,0.0,0.0,96.31707716773813,2936.3013782613025,2693.473231045788,idle,26.509524515399093,2026-08-06
2026-08-06 09:05:00,VIC1,98.44766,0.09844766,0.0,0.0,0.0,0.0,0.0,0.0,5.95,5.95,5.0,0.0,0.0,0.0,96.31707716773813,2936.3013782613025,2693.473231045788,idle,26.509524515399093,2026-08-06
2026-08-06 09:10:00,VIC1,101.3502,0.1013502,0.0,0.0,0.0,0.0,0.0,0.0,5.95,5.95,5.0,0.0,0.0,0.0,96.31707716773813,2936.3013782613025,2693.473231045788,idle,26.509524515399093,2026-08-06
2026-08-06 09:15:00,VIC1,97.77261,0.09777261,0.0,0.0,0.0,0.0,0.0,0.0,5.95,5.95,5.0,0.0,0.0,0.0,96.31707716773813,2936.3013782613025,2693.473231045788,idle,26.509524515399093,2026-08-06
2026-08-06 09:20:00,VIC1,98.38015,0.09838015,0.0,0.0,0.0,0.0,0.0,0.0,5.95,5.95,5.0,0.0,0.0,0.0,96.31707716773813,2936.3013782613025,2693.473231045788,idle,26.509524515399093,2026-08-06
2026-08-06 09:25:00,VIC1,99.18793,0.09918793,0.0,0.0,0.0,0.0,0.0,0.0,5.95,5.95,5.0,0.0,0.0,0.0,96.31707716773813,2936.3013782613025,2693.473231045788,idle,26.509524515399093,2026-08-06
2026-08-06 09:30:00,VIC1,96.10777,0.09610777000000001,0.0,0.0,0.0,0.0,0.0,0.0,5.95,5.95,5.0,0.0,0.0,0.0,96.31707716773813,2936.3013782613025,2693.473231045788,idle,26.509524515399093,2026-08-06
2026-08-06 09:35:00,VIC1,91.7454,0.0917454,-0.0,0.0,-0.0,0.0,-0.0,0.0,5.95,5.95,5.0,-0.0,0.0,0.0,96.31707716773813,2936.3013782613025,2693.473231045788,idle,26.509524515399093,2026-08-06
2026-08-06 09:40:00,VIC1,92.29291,0.09229291,0.0,0.0,0.0,0.0,0.0,0.0,5.95,5.95,5.0,0.0,0.0,0.0,96.31707716773813,2936.3013782613025,2693.473231045788,idle,26.509524515399093,2026-08-06
2026-08-06 09:45:00,VIC1,80.5,0.0805,0.0,0.0,0.0,0.0,0.0,0.0,5.95,5.95,5.0,0.0,0.0,0.0,96.31707716773813,2936.3013782613025,2693.473231045788,idle,26.509524515399093,2026-08-06
2026-08-06 09:50:00,VIC1,79.48,0.07948000000000001,-0.0,0.0,-0.0,0.0,-0.0,0.0,5.95,5.95,5.0,-0.0,0.0,0.0,96.31707716773813,2936.3013782613025,2693.473231045788,idle,26.509524515399093,2026-08-06
2026-08-06 09:55:00,VIC1,79.05277,0.07905277,0.0,0.0,0.0,0.0,0.0,0.0,5.95,5.95,5.0,0.0,0.0,0.0,96.31707716773813,2936.3013782613025,2693.473231045788,idle,26.509524515399093,2026-08-06
2026-08-06 10:00:00,VIC1,70.32,0.07032,62.705857816032186,0.0,5.225488151336015,0.0,4.957333333333333,0.0,5.95,10.907333333333334,9.165826330532214,0.36745632680194856,0.0,-0.36745632680194856,95.94962084093619,2941.5268664126384,2693.473231045788,charge,26.509524515399093,2026-08-06
2026-08-06 10:05:00,VIC1,84.92,0.08492000000000001,0.0,56.43527203442897,0.0,4.702939336202414,0.0,4.957333333333334,10.907333333333334,5.95,5.0,0.0,0.39937360843030906,0.39937360843030906,96.3489944493665,2941.5268664126384,2698.1761703819902,discharge,26.55581147462723,2026-08-06
2026-08-06 10:10:00,VIC1,84.92,0.08492000000000001,0.0,0.0,0.0,0.0,0.0,0.0,5.95,5.95,5.0,0.0,0.0,0.0,96.3489944493665,2941.5268664126384,2698.1761703819902,idle,26.55581147462723,2026-08-06
2026-08-06 10:15:00,VIC1,77.42075,0.07742075,0.0,0.0,0.0,0.0,0.0,0.0,5.95,5.95,5.0,0.0,0.0,0.0,96.3489944493665,2941.5268664126384,2698.1761703819902,idle,26.55581147462723,2026-08-06
2026-08-06 10:20:00,VIC1,70.32,0.07032,0.0,0.0,0.0,0.0,0.0,0.0,5.95,5.95,5.0,0.0,0.0,0.0,96.3489944493665,2941.5268664126384,2698.1761703819902,idle,26.55581147462723,2026-08-06
2026-08-06 10:25:00,VIC1,70.32,0.07032,0.0,0.0,0.0,0.0,0.0,0.0,5.95,5.95,5.0,0.0,0.0,0.0,96.3489944493665,2941.5268664126384,2698.1761703819902,idle,26.55581147462723,2026-08-06
2026-08-06 10:30:00,VIC1,69.45775,0.06945775000000001,-0.0,0.0,-0.0,0.0,-0.0,0.0,5.95,5.95,5.0,-0.0,0.0,0.0,96.3489944493665,2941.5268664126384,2698.1761703819902,idle,26.55581147462723,2026-08-06
2026-08-06 10:35:00,VIC1,66.41027,0.06641027,62.705857816032186,0.0,5.225488151336015,0.0,4.957333333333333,0.0,5.95,10.907333333333334,9.165826330532214,0.3470260790120256,0.0,-0.3470260790120256,96.00196837035448,2946.752354563974,2698.1761703819902,charge,26.55581147462723,2026-08-06
2026-08-06 10:40:00,VIC1,69.2252,0.0692252,0.0,0.0,0.0,0.0,0.0,0.0,10.907333333333334,10.907333333333334,9.165826330532214,0.0,0.0,0.0,96.00196837035448,2946.752354563974,2698.1761703819902,idle,26.55581147462723,2026-08-06
2026-08-06 10:45:00,VIC1,63.2028,0.0632028,62.705857816032186,0.0,5.225488151336015,0.0,4.957333333333333,0.0,10.907333333333334,15.864666666666666,13.331652661064425,0.3302654825312599,0.0,-0.3302654825312599,95.67170288782322,2951.97784271531,2698.1761703819902,charge,26.55581147462723,2026-08-06
2026-08-06 10:50:00,VIC1,56.57664,0.05657664,62.705857816032186,0.0,5.225488151336015,0.0,4.957333333333333,0.0,15.864666666666666,20.822,17.497478991596637,0.29564056196240324,0.0,-0.29564056196240324,95.37606232586081,2957.203330866646,2698.1761703819902,charge,26.55581147462723,2026-08-06
2026-08-06 10:55:00,VIC1,61.10816,0.06110816,62.705857816032186,0.0,5.225488151336015,0.0,4.957333333333333,0.0,20.822,25.779333333333334,21.66330532212885,0.31931996602994545,0.0,-0.31931996602994545,95.05674235983086,2962.428819017982,2698.1761703819902,charge,26.55581147462723,2026-08-06
2026-08-06 11:00:00,VIC1,59.66235,0.05966235,62.705857816032186,0.0,5.225488151336015,0.0,4.957333333333333,0.0,25.779333333333334,30.736666666666665,25.829131652661065,0.31176490300586235,0.0,-0.31176490300586235,94.744977456825,2967.6543071693177,2698.1761703819902,charge,26.55581147462723,2026-08-06
2026-08-06 11:05:00,VIC1,75.4,0.07540000000000001,0.0,6.176360172144787,0.0,0.5146966810120656,0.0,0.5425379387090885,30.736666666666665,30.194128727957576,25.373217418451745,0.0,0.038808129748309744,0.038808129748309744,94.7837855865733,2967.6543071693177,2698.6908670630023,discharge,26.56087718834067,2026-08-06
2026-08-06 11:10:00,VIC1,78.08,0.07808,0.0,69.0,0.0,5.75,0.0,6.061032181989394,30.194128727957576,24.133096545968183,20.27991306383881,0.0,0.44895999999999997,0.44895999999999997,95.2327455865733,2967.6543071693177,2704.4408670630023,discharge,26.61746945894748,2026-08-06
2026-08-06 11:15:00,VIC1,81.87192,0.08187192,0.0,69.0,0.0,5.75,0.0,6.061032181989394,24.133096545968183,18.07206436397879,15.186608709225874,0.0,0.47076354,0.47076354,95.7035091265733,2967.6543071693177,2710.1908670630023,discharge,26.674061729554293,2026-08-06
2026-08-06 11:20:00,VIC1,68.89197,0.06889197,0.0,0.0,0.0,0.0,0.0,0.0,18.07206436397879,18.07206436397879,15.186608709225874,0.0,0.0,0.0,95.7035091265733,2967.6543071693177,2710.1908670630023,idle,26.674061729554293,2026-08-06
2026-08-06 11:25:00,VIC1,75.4,0.07540000000000001,0.0,69.0,0.0,5.75,0.0,6.061032181989394,18.07206436397879,12.011032181989394,10.093304354612936,0.0,0.43355000000000005,0.43355000000000005,96.13705912657329,2967.6543071693177,2715.9408670630023,discharge,26.730654000161103,2026-08-06
2026-08-06 11:30:00,VIC1,81.11164,0.08111164,0.0,69.0,0.0,5.75,0.0,6.061032181989394,12.011032181989394,5.95,5.0,0.0,0.46639193,0.46639193,96.60345105657329,2967.6543071693177,2721.6908670630023,discharge,26.787246270767913,2026-08-06
2026-08-06 11:35:00,VIC1,74.83379,0.07483379,0.0,0.0,0.0,0.0,0.0,0.0,5.95,5.95,5.0,0.0,0.0,0.0,96.60345105657329,2967.6543071693177,2721.6908670630023,idle,26.787246270767913,2026-08-06
2026-08-06 11:40:00,VIC1,65.74389,0.06574389,0.0,-0.0,0.0,-0.0,0.0,-0.0,5.95,5.95,5.0,0.0,-0.0,-0.0,96.60345105657329,2967.6543071693177,2721.6908670630023,idle,26.787246270767913,2026-08-06
2026-08-06 11:45:00,VIC1,64.0,0.064,0.0,-0.0,0.0,-0.0,0.0,-0.0,5.95,5.95,5.0,0.0,-0.0,-0.0,96.60345105657329,2967.6543071693177,2721.6908670630023,idle,26.787246270767913,2026-08-06
2026-08-06 11:50:00,VIC1,59.47423,0.05947423,0.0,0.0,0.0,0.0,0.0,0.0,5.95,5.95,5.0,0.0,0.0,0.0,96.60345105657329,2967.6543071693177,2721.6908670630023,idle,26.787246270767913,2026-08-06
2026-08-06 11:55:00,VIC1,61.67596,0.06167596,0.0,0.0,0.0,0.0,0.0,0.0,5.95,5.95,5.0,0.0,0.0,0.0,96.60345105657329,2967.6543071693177,2721.6908670630023,idle,26.787246270767913,2026-08-06
2026-08-06 12:00:00,VIC1,59.26,0.05926,0.0,0.0,0.0,0.0,0.0,0.0,5.95,5.95,5.0,0.0,0.0,0.0,96.60345105657329,2967.6543071693177,2721.6908670630023,idle,26.787246270767913,2026-08-06
2026-08-06 12:05:00,VIC1,49.42,0.049420000000000006,62.705857816032186,0.0,5.225488151336015,0.0,4.957333333333333,0.0,5.95,10.907333333333334,9.165826330532214,0.2582436244390259,0.0,-0.2582436244390259,96.34520743213426,2972.8797953206536,2721.6908670630023,charge,26.787246270767913,2026-08-06
2026-08-06 12:10:00,VIC1,56.91166,0.056911659999999996,0.0,56.43527203442897,0.0,4.702939336202414,0.0,4.957333333333334,10.907333333333334,5.95,5.0,0.0,0.26765208450257744,0.26765208450257744,96.61285951663683,2972.8797953206536,2726.3938063992045,discharge,26.83353322999605,2026-08-06
2026-08-06 12:15:00,VIC1,49.29,0.04929,62.705857816032186,0.0,5.225488151336015,0.0,4.957333333333333,0.0,5.95,10.907333333333334,9.165826330532214,0.2575643109793522,0.0,-0.2575643109793522,96.35529520565748,2978.1052834719894,2726.3938063992045,charge,26.83353322999605,2026-08-06
2026-08-06 12:20:00,VIC1,49.25004,0.04925004,62.705857816032186,0.0,5.225488151336015,0.0,4.957333333333333,0.0,10.907333333333334,15.864666666666666,13.331652661064425,0.2573555004728248,0.0,-0.2573555004728248,96.09793970518466,2983.3307716233253,2726.3938063992045,charge,26.83353322999605,2026-08-06
2026-08-06 12:25:00,VIC1,45.24,0.04524,62.70585781603217,0.0,5.225488151336014,0.0,4.957333333333332,0.0,15.864666666666666,20.822,17.497478991596637,0.2364010839664413,0.0,-0.2364010839664413,95.86153862121822,2988.556259774661,2726.3938063992045,charge,26.83353322999605,2026-08-06
2026-08-06 12:30:00,VIC1,25.42,0.02542,62.70585781603217,0.0,5.225488151336014,0.0,4.957333333333332,0.0,20.822,25.77933333333333,21.66330532212885,0.1328319088069615,0.0,-0.1328319088069615,95.72870671241125,2993.781747925997,2726.3938063992045,charge,26.83353322999605,2026-08-06
2026-08-06 12:35:00,VIC1,45.24,0.04524,62.705857816032186,0.0,5.225488151336015,0.0,4.957333333333333,0.0,25.77933333333333,30.736666666666665,25.829131652661065,0.23640108396644133,0.0,-0.23640108396644133,95.49230562844481,2999.007236077333,2726.3938063992045,charge,26.83353322999605,2026-08-06
2026-08-06 12:40:00,VIC1,45.24,0.04524,62.705857816032186,0.0,5.225488151336015,0.0,4.957333333333333,0.0,30.736666666666665,35.693999999999996,29.99495798319327,0.23640108396644133,0.0,-0.23640108396644133,95.25590454447837,3004.2327242286688,2726.3938063992045,charge,26.83353322999605,2026-08-06
2026-08-06 12:45:00,VIC1,32.22592,0.032225920000000005,62.705857816032186,0.0,5.225488151336015,0.0,4.957333333333333,0.0,35.693999999999996,40.651333333333326,34.160784313725486,0.16839616312590233,0.0,-0.16839616312590233,95.08750838135246,3009.4582123800046,2726.3938063992045,charge,26.83353322999605,2026-08-06
2026-08-06 12:50:00,VIC1,44.82474,0.04482474,62.705857816032186,0.0,5.225488151336015,0.0,4.957333333333333,0.0,40.651333333333326,45.608666666666664,38.326610644257705,0.23423114775671755,0.0,-0.23423114775671755,94.85327723359575,3014.6837005313405,2726.3938063992045,charge,26.83353322999605,2026-08-06
2026-08-06 12:55:00,VIC1,42.32612,0.04232612,62.705857816032186,0.0,5.225488151336015,0.0,4.957333333333333,0.0,45.608666666666664,50.565999999999995,42.49243697478991,0.22117463855202635,0.0,-0.22117463855202635,94.63210259504372,3019.9091886826764,2726.3938063992045,charge,26.83353322999605,2026-08-06
2026-08-06 13:00:00,VIC1,45.24,0.04524,62.705857816032186,0.0,5.225488151336015,0.0,4.957333333333333,0.0,50.565999999999995,55.523333333333326,46.65826330532212,0.23640108396644133,0.0,-0.23640108396644133,94.39570151107728,3025.134676834012,2726.3938063992045,charge,26.83353322999605,2026-08-06
2026-08-06 13:05:00,VIC1,46.81437,0.04681437,62.705857816032186,0.0,5.225488151336015,0.0,4.957333333333333,0.0,55.523333333333326,60.48066666666666,50.82408963585433,0.24462793574726022,0.0,-0.24462793574726022,94.15107357533002,3030.360164985348,2726.3938063992045,charge,26.83353322999605,2026-08-06
2026-08-06 13:10:00,VIC1,46.9369,0.046936900000000004,62.705857816032186,0.0,5.225488151336015,0.0,4.957333333333333,0.0,60.48066666666666,65.438,54.98991596638656,0.24526821481044342,0.0,-0.24526821481044342,93.90580536051958,3035.585653136684,2726.3938063992045,charge,26.83353322999605,2026-08-06
2026-08-06 13:15:00,VIC1,25.25,0.02525,62.705857816032186,0.0,5.225488151336015,0.0,4.957333333333333,0.0,65.438,70.39533333333334,59.15574229691878,0.1319435758212344,0.0,-0.1319435758212344,93.77386178469834,3040.81114128802,2726.3938063992045,charge,26.83353322999605,2026-08-06
2026-08-06 13:20:00,VIC1,25.42,0.02542,62.705857816032186,0.0,5.225488151336015,0.0,4.957333333333333,0.0,70.39533333333334,75.35266666666668,63.321568627450986,0.13283190880696152,0.0,-0.13283190880696152,93.64102987589138,3046.0366294393557,2726.3938063992045,charge,26.83353322999605,2026-08-06
2026-08-06 13:25:00,VIC1,25.24,0.02524,62.705857816032186,0.0,5.225488151336015,0.0,4.957333333333333,0.0,75.35266666666668,80.31,67.4873949579832,0.13189132093972103,0.0,-0.13189132093972103,93.50913855495166,3051.2621175906916,2726.3938063992045,charge,26.83353322999605,2026-08-06
2026-08-06 13:30:00,VIC1,24.68,0.02468,62.705857816032186,0.0,5.225488151336015,0.0,4.957333333333333,0.0,80.31,85.26733333333334,71.65322128851541,0.12896504757497285,0.0,-0.12896504757497285,93.38017350737668,3056.4876057420274,2726.3938063992045,charge,26.83353322999605,2026-08-06
2026-08-06 13:35:00,VIC1,25.33,0.02533,62.705857816032186,0.0,5.225488151336015,0.0,4.957333333333333,0.0,85.26733333333334,90.22466666666666,75.81904761904762,0.13236161487334125,0.0,-0.13236161487334125,93.24781189250334,3061.7130938933633,2726.3938063992045,charge,26.83353322999605,2026-08-06
2026-08-06 13:40:00,VIC1,25.42,0.02542,62.705857816032186,0.0,5.225488151336015,0.0,4.957333333333333,0.0,90.22466666666666,95.182,79.98487394957984,0.13283190880696152,0.0,-0.13283190880696152,93.11497998369637,3066.938582044699,2726.3938063992045,charge,26.83353322999605,2026-08-06
2026-08-06 13:45:00,VIC1,49.42,0.049420000000000006,51.857544330092175,0.0,4.321462027507681,0.0,4.099698848656047,0.0,95.182,99.28169884865605,83.42999903248408,0.21356665339942962,0.0,-0.21356665339942962,92.90141333029695,3071.2600440722067,2726.3938063992045,charge,26.83353322999605,2026-08-06
2026-08-06 13:50:00,VIC1,64.0,0.064,0.0,69.0,0.0,5.75,0.0,6.061032181989394,99.28169884865605,93.22066666666666,78.33669467787115,0.0,0.368,0.368,93.26941333029694,3071.2600440722067,2732.1438063992045,discharge,26.89012550060286,2026-08-06
2026-08-06 13:55:00,VIC1,25.42,0.02542,62.705857816032186,0.0,5.225488151336015,0.0,4.957333333333333,0.0,93.22066666666666,98.17799999999998,82.50252100840335,0.13283190880696152,0.0,-0.13283190880696152,93.13658142148998,3076.4855322235426,2732.1438063992045,charge,26.89012550060286,2026-08-06
2026-08-06 14:00:00,VIC1,27.68,0.02768,62.705857816032186,0.0,5.225488151336015,0.0,4.957333333333333,0.0,98.17799999999998,103.13533333333332,86.66834733893556,0.1446415120289809,0.0,-0.1446415120289809,92.991939909461,3081.7110203748784,2732.1438063992045,charge,26.89012550060286,2026-08-06
2026-08-06 14:05:00,VIC1,25.42,0.02542,62.705857816032186,0.0,5.225488151336015,0.0,4.957333333333333,0.0,103.13533333333332,108.09266666666666,90.83417366946777,0.13283190880696152,0.0,-0.13283190880696152,92.85910800065403,3086.9365085262143,2732.1438063992045,charge,26.89012550060286,2026-08-06
2026-08-06 14:10:00,VIC1,54.79872,0.05479872,0.0,0.0,0.0,0.0,0.0,0.0,108.09266666666666,108.09266666666666,90.83417366946777,0.0,0.0,0.0,92.85910800065403,3086.9365085262143,2732.1438063992045,idle,26.89012550060286,2026-08-06
2026-08-06 14:15:00,VIC1,52.74583,0.05274583,0.0,0.0,0.0,0.0,0.0,0.0,108.09266666666666,108.09266666666666,90.83417366946777,0.0,0.0,0.0,92.85910800065403,3086.9365085262143,2732.1438063992045,idle,26.89012550060286,2026-08-06
2026-08-06 14:20:00,VIC1,42.78535,0.04278535,62.705857816032186,0.0,5.225488151336015,0.0,4.957333333333333,0.0,108.09266666666666,113.05,95.0,0.22357433947576438,0.0,-0.22357433947576438,92.63553366117827,3092.16199667755,2732.1438063992045,charge,26.89012550060286,2026-08-06
2026-08-06 14:25:00,VIC1,53.54687,0.053546869999999996,0.0,0.0,0.0,0.0,0.0,0.0,113.05,113.05,95.0,0.0,0.0,0.0,92.63553366117827,3092.16199667755,2732.1438063992045,idle,26.89012550060286,2026-08-06
2026-08-06 14:30:00,VIC1,65.99137,0.06599137000000001,0.0,-0.0,0.0,-0.0,0.0,-0.0,113.05,113.05,95.0,0.0,-0.0,-0.0,92.63553366117827,3092.16199667755,2732.1438063992045,idle,26.89012550060286,2026-08-06
2026-08-06 14:35:00,VIC1,64.48955,0.06448954999999999,0.0,0.0,0.0,0.0,0.0,0.0,113.05,113.05,95.0,0.0,0.0,0.0,92.63553366117827,3092.16199667755,2732.1438063992045,idle,26.89012550060286,2026-08-06
2026-08-06 14:40:00,VIC1,70.8352,0.0708352,0.0,-0.0,0.0,-0.0,0.0,-0.0,113.05,113.05,95.0,0.0,-0.0,-0.0,92.63553366117827,3092.16199667755,2732.1438063992045,idle,26.89012550060286,2026-08-06
2026-08-06 14:45:00,VIC1,75.4,0.07540000000000001,0.0,-0.0,0.0,-0.0,0.0,-0.0,113.05,113.05,95.0,0.0,-0.0,-0.0,92.63553366117827,3092.16199667755,2732.1438063992045,idle,26.89012550060286,2026-08-06
2026-08-06 14:50:00,VIC1,80.5,0.0805,0.0,-0.0,0.0,-0.0,0.0,-0.0,113.05,113.05,95.0,0.0,-0.0,-0.0,92.63553366117827,3092.16199667755,2732.1438063992045,idle,26.89012550060286,2026-08-06
2026-08-06 14:55:00,VIC1,95.20705,0.09520705,0.0,56.43527203442902,0.0,4.702939336202418,0.0,4.957333333333338,113.05,108.09266666666666,90.83417366946777,0.0,0.44775298052879037,0.44775298052879037,93.08328664170706,3092.16199667755,2736.846745735407,discharge,26.936412459830997,2026-08-06
2026-08-06 15:00:00,VIC1,84.89753,0.08489753,62.705857816032186,0.0,5.225488151336015,0.0,4.957333333333333,0.0,108.09266666666666,113.05,95.0,0.44363103709269386,0.0,-0.44363103709269386,92.63965560461436,3097.387484828886,2736.846745735407,charge,26.936412459830997,2026-08-06
2026-08-06 15:05:00,VIC1,90.91376,0.09091376,0.0,0.0,0.0,0.0,0.0,0.0,113.05,113.05,95.0,0.0,0.0,0.0,92.63965560461436,3097.387484828886,2736.846745735407,idle,26.936412459830997,2026-08-06
2026-08-06 15:10:00,VIC1,99.0,0.099,0.0,-0.0,0.0,-0.0,0.0,-0.0,113.05,113.05,95.0,0.0,-0.0,-0.0,92.63965560461436,3097.387484828886,2736.846745735407,idle,26.936412459830997,2026-08-06
2026-08-06 15:15:00,VIC1,92.31152,0.09231152000000001,0.0,0.0,0.0,0.0,0.0,0.0,113.05,113.05,95.0,0.0,0.0,0.0,92.63965560461436,3097.387484828886,2736.846745735407,idle,26.936412459830997,2026-08-06
2026-08-06 15:20:00,VIC1,91.70325,0.09170325,0.0,0.0,0.0,0.0,0.0,0.0,113.05,113.05,95.0,0.0,0.0,0.0,92.63965560461436,3097.387484828886,2736.846745735407,idle,26.936412459830997,2026-08-06
2026-08-06 15:25:00,VIC1,95.68829,0.09568829,0.0,0.0,0.0,0.0,0.0,0.0,113.05,113.05,95.0,0.0,0.0,0.0,92.63965560461436,3097.387484828886,2736.846745735407,idle,26.936412459830997,2026-08-06
2026-08-06 15:30:00,VIC1,93.86013,0.09386013,0.0,0.0,0.0,0.0,0.0,0.0,113.05,113.05,95.0,0.0,0.0,0.0,92.63965560461436,3097.387484828886,2736.846745735407,idle,26.936412459830997,2026-08-06
2026-08-06 15:35:00,VIC1,93.43234,0.09343234,0.0,0.0,0.0,0.0,0.0,0.0,113.05,113.05,95.0,0.0,0.0,0.0,92.63965560461436,3097.387484828886,2736.846745735407,idle,26.936412459830997,2026-08-06
2026-08-06 15:40:00,VIC1,94.76804,0.09476804,0.0,0.0,0.0,0.0,0.0,0.0,113.05,113.05,95.0,0.0,0.0,0.0,92.63965560461436,3097.387484828886,2736.846745735407,idle,26.936412459830997,2026-08-06
2026-08-06 15:45:00,VIC1,96.07535,0.09607535,0.0,0.0,0.0,0.0,0.0,0.0,113.05,113.05,95.0,0.0,0.0,0.0,92.63965560461436,3097.387484828886,2736.846745735407,idle,26.936412459830997,2026-08-06
2026-08-06 15:50:00,VIC1,95.72714,0.09572714,0.0,0.0,0.0,0.0,0.0,0.0,113.05,113.05,95.0,0.0,0.0,0.0,92.63965560461436,3097.387484828886,2736.846745735407,idle,26.936412459830997,2026-08-06
2026-08-06 15:55:00,VIC1,95.44572,0.09544572,0.0,0.0,0.0,0.0,0.0,0.0,113.05,113.05,95.0,0.0,0.0,0.0,92.63965560461436,3097.387484828886,2736.846745735407,idle,26.936412459830997,2026-08-06
2026-08-06 16:00:00,VIC1,93.98214,0.09398214,0.0,0.0,0.0,0.0,0.0,0.0,113.05,113.05,95.0,0.0,0.0,0.0,92.63965560461436,3097.387484828886,2736.846745735407,idle,26.936412459830997,2026-08-06
2026-08-06 16:05:00,VIC1,95.44864,0.09544864,0.0,0.0,0.0,0.0,0.0,0.0,113.05,113.05,95.0,0.0,0.0,0.0,92.63965560461436,3097.387484828886,2736.846745735407,idle,26.936412459830997,2026-08-06
2026-08-06 16:10:00,VIC1,96.97427,0.09697427,-0.0,0.0,-0.0,0.0,-0.0,0.0,113.05,113.05,95.0,-0.0,0.0,0.0,92.63965560461436,3097.387484828886,2736.846745735407,idle,26.936412459830997,2026-08-06
2026-08-06 16:15:00,VIC1,98.06738,0.09806738,-0.0,0.0,-0.0,0.0,-0.0,0.0,113.05,113.05,95.0,-0.0,0.0,0.0,92.63965560461436,3097.387484828886,2736.846745735407,idle,26.936412459830997,2026-08-06
2026-08-06 16:20:00,VIC1,98.99224,0.09899224,0.0,0.0,0.0,0.0,0.0,0.0,113.05,113.05,95.0,0.0,0.0,0.0,92.63965560461436,3097.387484828886,2736.846745735407,idle,26.936412459830997,2026-08-06
2026-08-06 16:25:00,VIC1,109.0,0.109,0.0,56.43527203442902,0.0,4.702939336202418,0.0,4.957333333333338,113.05,108.09266666666666,90.83417366946777,0.0,0.5126203876460635,0.5126203876460635,93.15227599226043,3097.387484828886,2741.549685071609,discharge,26.98269941905913,2026-08-06
2026-08-06 16:30:00,VIC1,109.0,0.109,0.0,0.0,0.0,0.0,0.0,0.0,108.09266666666666,108.09266666666666,90.83417366946777,0.0,0.0,0.0,93.15227599226043,3097.387484828886,2741.549685071609,idle,26.98269941905913,2026-08-06
2026-08-06 16:35:00,VIC1,92.32189,0.09232189,62.705857816032186,0.0,5.225488151336015,0.0,4.957333333333333,0.0,108.09266666666666,113.05,95.0,0.48242694230394695,0.0,-0.48242694230394695,92.66984904995648,3102.612972980222,2741.549685071609,charge,26.98269941905913,2026-08-06
2026-08-06 16:40:00,VIC1,101.89079,0.10189079,0.0,0.0,0.0,0.0,0.0,0.0,113.05,113.05,95.0,0.0,0.0,0.0,92.66984904995648,3102.612972980222,2741.549685071609,idle,26.98269941905913,2026-08-06
2026-08-06 16:45:00,VIC1,116.43172,0.11643172,0.0,-0.0,0.0,-0.0,0.0,-0.0,113.05,113.05,95.0,0.0,-0.0,-0.0,92.66984904995648,3102.612972980222,2741.549685071609,idle,26.98269941905913,2026-08-06
2026-08-06 16:50:00,VIC1,113.63855,0.11363854999999999,0.0,0.0,0.0,0.0,0.0,0.0,113.05,113.05,95.0,0.0,0.0,0.0,92.66984904995648,3102.612972980222,2741.549685071609,idle,26.98269941905913,2026-08-06
2026-08-06 16:55:00,VIC1,112.6093,0.11260930000000001,0.0,0.0,0.0,0.0,0.0,0.0,113.05,113.05,95.0,0.0,0.0,0.0,92.66984904995648,3102.612972980222,2741.549685071609,idle,26.98269941905913,2026-08-06
2026-08-06 17:00:00,VIC1,111.55254,0.11155253999999999,0.0,0.0,0.0,0.0,0.0,0.0,113.05,113.05,95.0,0.0,0.0,0.0,92.66984904995648,3102.612972980222,2741.549685071609,idle,26.98269941905913,2026-08-06
2026-08-06 17:05:00,VIC1,115.0,0.115,0.0,0.0,0.0,0.0,0.0,0.0,113.05,113.05,95.0,0.0,0.0,0.0,92.66984904995648,3102.612972980222,2741.549685071609,idle,26.98269941905913,2026-08-06
2026-08-06 17:10:00,VIC1,117.67229,0.11767229000000001,0.0,0.0,0.0,0.0,0.0,0.0,113.05,113.05,95.0,0.0,0.0,0.0,92.66984904995648,3102.612972980222,2741.549685071609,idle,26.98269941905913,2026-08-06
2026-08-06 17:15:00,VIC1,125.93233,0.12593233,0.0,69.0,0.0,5.75,0.0,6.061032181989394,113.05,106.98896781801061,89.90669564538707,0.0,0.7241108975,0.7241108975,93.39395994745648,3102.612972980222,2747.299685071609,discharge,27.039291689665944,2026-08-06
2026-08-06 17:20:00,VIC1,115.44864,0.11544864,0.0,0.0,0.0,0.0,0.0,0.0,106.98896781801061,106.98896781801061,89.90669564538707,0.0,0.0,0.0,93.39395994745648,3102.612972980222,2747.299685071609,idle,27.039291689665944,2026-08-06
2026-08-06 17:25:00,VIC1,132.29375,0.13229375,0.0,69.0,0.0,5.75,0.0,6.061032181989394,106.98896781801061,100.92793563602122,84.81339129077413,0.0,0.7606890624999999,0.7606890624999999,94.15464900995649,3102.612972980222,2753.049685071609,discharge,27.095883960272754,2026-08-06
2026-08-06 17:30:00,VIC1,140.03173,0.14003173000000002,0.0,69.0,0.0,5.75,0.0,6.061032181989394,100.92793563602122,94.86690345403183,79.72008693616121,0.0,0.8051824475000001,0.8051824475000001,94.95983145745649,3102.612972980222,2758.799685071609,discharge,27.152476230879564,2026-08-06
2026-08-06 17:35:00,VIC1,122.33545,0.12233545,0.0,0.0,0.0,0.0,0.0,0.0,94.86690345403183,94.86690345403183,79.72008693616121,0.0,0.0,0.0,94.95983145745649,3102.612972980222,2758.799685071609,idle,27.152476230879564,2026-08-06
2026-08-06 17:40:00,VIC1,120.2993,0.12029930000000001,0.0,0.0,0.0,0.0,0.0,0.0,94.86690345403183,94.86690345403183,79.72008693616121,0.0,0.0,0.0,94.95983145745649,3102.612972980222,2758.799685071609,idle,27.152476230879564,2026-08-06
2026-08-06 17:45:00,VIC1,128.19596,0.12819596000000003,0.0,69.0,0.0,5.75,0.0,6.061032181989394,94.86690345403183,88.80587127204244,74.62678258154827,0.0,0.7371267700000002,0.7371267700000002,95.69695822745649,3102.612972980222,2764.549685071609,discharge,27.209068501486378,2026-08-06
2026-08-06 17:50:00,VIC1,144.13376,0.14413376,0.0,69.0,0.0,5.75,0.0,6.061032181989394,88.80587127204244,82.74483909005305,69.53347822693533,0.0,0.82876912,0.82876912,96.5257273474565,3102.612972980222,2770.299685071609,discharge,27.265660772093188,2026-08-06
2026-08-06 17:55:00,VIC1,129.05861,0.12905861,0.0,69.0,0.0,5.75,0.0,6.061032181989394,82.74483909005305,76.68380690806366,64.4401738723224,0.0,0.7420870074999999,0.7420870074999999,97.2678143549565,3102.612972980222,2776.049685071609,discharge,27.322253042699998,2026-08-06
2026-08-06 18:00:00,VIC1,124.72167,0.12472167,0.0,0.0,0.0,0.0,0.0,0.0,76.68380690806366,76.68380690806366,64.4401738723224,0.0,0.0,0.0,97.2678143549565,3102.612972980222,2776.049685071609,idle,27.322253042699998,2026-08-06
2026-08-06 18:05:00,VIC1,124.87296,0.12487296,0.0,0.0,0.0,0.0,0.0,0.0,76.68380690806366,76.68380690806366,64.4401738723224,0.0,0.0,0.0,97.2678143549565,3102.612972980222,2776.049685071609,idle,27.322253042699998,2026-08-06
2026-08-06 18:10:00,VIC1,134.48,0.13448,0.0,69.0,0.0,5.75,0.0,6.061032181989394,76.68380690806366,70.62277472607427,59.346869517709465,0.0,0.77326,0.77326,98.04107435495649,3102.612972980222,2781.799685071609,discharge,27.37884531330681,2026-08-06
2026-08-06 18:15:00,VIC1,125.05487,0.12505486999999998,0.0,69.0,0.0,5.75,0.0,6.061032181989394,70.62277472607427,64.56174254408488,54.25356516309654,0.0,0.7190655024999999,0.7190655024999999,98.7601398574565,3102.612972980222,2787.549685071609,discharge,27.43543758391362,2026-08-06
2026-08-06 18:20:00,VIC1,126.26593,0.12626593,0.0,69.0,0.0,5.75,0.0,6.061032181989394,64.56174254408488,58.50071036209548,49.1602608084836,0.0,0.7260290975,0.7260290975,99.4861689549565,3102.612972980222,2793.299685071609,discharge,27.492029854520435,2026-08-06
2026-08-06 18:25:00,VIC1,125.06099,0.12506099,0.0,69.0,0.0,5.75,0.0,6.061032181989394,58.50071036209548,52.439678180106085,44.06695645387066,0.0,0.7191006925000001,0.7191006925000001,100.2052696474565,3102.612972980222,2799.049685071609,discharge,27.548622125127245,2026-08-06
2026-08-06 18:30:00,VIC1,126.26349,0.12626349,0.0,69.0,0.0,5.75,0.0,6.061032181989394,52.439678180106085,46.37864599811669,38.97365209925772,0.0,0.7260150675,0.7260150675,100.9312847149565,3102.612972980222,2804.799685071609,discharge,27.605214395734055,2026-08-06
2026-08-06 18:35:00,VIC1,125.45993,0.12545993,0.0,69.0,0.0,5.75,0.0,6.061032181989394,46.37864599811669,40.31761381612729,33.88034774464479,0.0,0.7213945975,0.7213945975,101.6526793124565,3102.612972980222,2810.549685071609,discharge,27.66180666634087,2026-08-06
2026-08-06 18:40:00,VIC1,129.80589,0.12980589,0.0,69.0,0.0,5.75,0.0,6.061032181989394,40.31761381612729,34.256581634137895,28.787043390031847,0.0,0.7463838675000001,0.7463838675000001,102.3990631799565,3102.612972980222,2816.299685071609,discharge,27.71839893694768,2026-08-06
2026-08-06 18:45:00,VIC1,125.41079,0.12541079000000002,0.0,69.0,0.0,5.75,0.0,6.061032181989394,34.256581634137895,28.1955494521485,23.693739035418908,0.0,0.7211120425000002,0.7211120425000002,103.1201752224565,3102.612972980222,2822.049685071609,discharge,27.774991207554493,2026-08-06
2026-08-06 18:50:00,VIC1,123.94592,0.12394592,0.0,0.0,0.0,0.0,0.0,0.0,28.1955494521485,28.1955494521485,23.693739035418908,0.0,0.0,0.0,103.1201752224565,3102.612972980222,2822.049685071609,idle,27.774991207554493,2026-08-06
2026-08-06 18:55:00,VIC1,138.42709,0.13842709,0.0,69.0,0.0,5.75,0.0,6.061032181989394,28.1955494521485,22.134517270159108,18.600434680805975,0.0,0.7959557675,0.7959557675,103.9161309899565,3102.612972980222,2827.799685071609,discharge,27.831583478161303,2026-08-06
2026-08-06 19:00:00,VIC1,113.77268,0.11377268,0.0,0.0,0.0,0.0,0.0,0.0,22.134517270159108,22.134517270159108,18.600434680805975,0.0,0.0,0.0,103.9161309899565,3102.612972980222,2827.799685071609,idle,27.831583478161303,2026-08-06
2026-08-06 19:05:00,VIC1,113.09272,0.11309272000000001,0.0,0.0,0.0,0.0,0.0,0.0,22.134517270159108,22.134517270159108,18.600434680805975,0.0,0.0,0.0,103.9161309899565,3102.612972980222,2827.799685071609,idle,27.831583478161303,2026-08-06
2026-08-06 19:10:00,VIC1,115.0,0.115,0.0,0.0,0.0,0.0,0.0,0.0,22.134517270159108,22.134517270159108,18.600434680805975,0.0,0.0,0.0,103.9161309899565,3102.612972980222,2827.799685071609,idle,27.831583478161303,2026-08-06
2026-08-06 19:15:00,VIC1,111.98,0.11198000000000001,62.705857816032186,0.0,5.225488151336015,0.0,4.957333333333333,0.0,22.134517270159108,27.09185060349244,22.766261011338184,0.5851501631866071,0.0,-0.5851501631866071,103.33098082676989,3107.838461131558,2827.799685071609,charge,27.831583478161303,2026-08-06
2026-08-06 19:20:00,VIC1,108.4322,0.10843219999999999,62.705857816032186,0.0,5.225488151336015,0.0,4.957333333333333,0.0,27.09185060349244,32.04918393682577,26.932087341870396,0.566611176323297,0.0,-0.566611176323297,102.7643696504466,3113.0639492828936,2827.799685071609,charge,27.831583478161303,2026-08-06
2026-08-06 19:25:00,VIC1,112.59463,0.11259463,0.0,0.0,0.0,0.0,0.0,0.0,32.04918393682577,32.04918393682577,26.932087341870396,0.0,0.0,0.0,102.7643696504466,3113.0639492828936,2827.799685071609,idle,27.831583478161303,2026-08-06
2026-08-06 19:30:00,VIC1,110.94778,0.11094778,62.705857816032186,0.0,5.225488151336015,0.0,4.957333333333333,0.0,32.04918393682577,37.0065172701591,31.097913672402605,0.5797563098070349,0.0,-0.5797563098070349,102.18461334063956,3118.2894374342295,2827.799685071609,charge,27.831583478161303,2026-08-06
2026-08-06 19:35:00,VIC1,113.49292,0.11349292,0.0,0.0,0.0,0.0,0.0,0.0,37.0065172701591,37.0065172701591,31.097913672402605,0.0,0.0,0.0,102.18461334063956,3118.2894374342295,2827.799685071609,idle,27.831583478161303,2026-08-06
2026-08-06 19:40:00,VIC1,112.31049,0.11231049,62.705857816032186,0.0,5.225488151336015,0.0,4.957333333333333,0.0,37.0065172701591,41.96385060349243,35.26374000293482,0.586877134765742,0.0,-0.586877134765742,101.59773620587382,3123.5149255855654,2827.799685071609,charge,27.831583478161303,2026-08-06
2026-08-06 19:45:00,VIC1,113.27917,0.11327917,0.0,0.0,0.0,0.0,0.0,0.0,41.96385060349243,41.96385060349243,35.26374000293482,0.0,0.0,0.0,101.59773620587382,3123.5149255855654,2827.799685071609,idle,27.831583478161303,2026-08-06
2026-08-06 19:50:00,VIC1,115.0,0.115,0.0,0.0,0.0,0.0,0.0,0.0,41.96385060349243,41.96385060349243,35.26374000293482,0.0,0.0,0.0,101.59773620587382,3123.5149255855654,2827.799685071609,idle,27.831583478161303,2026-08-06
2026-08-06 19:55:00,VIC1,121.38695,0.12138695000000001,0.0,0.0,0.0,0.0,0.0,0.0,41.96385060349243,41.96385060349243,35.26374000293482,0.0,0.0,0.0,101.59773620587382,3123.5149255855654,2827.799685071609,idle,27.831583478161303,2026-08-06
2026-08-06 20:00:00,VIC1,121.23643,0.12123643,0.0,0.0,0.0,0.0,0.0,0.0,41.96385060349243,41.96385060349243,35.26374000293482,0.0,0.0,0.0,101.59773620587382,3123.5149255855654,2827.799685071609,idle,27.831583478161303,2026-08-06
2026-08-06 20:05:00,VIC1,120.18041,0.12018041,0.0,0.0,0.0,0.0,0.0,0.0,41.96385060349243,41.96385060349243,35.26374000293482,0.0,0.0,0.0,101.59773620587382,3123.5149255855654,2827.799685071609,idle,27.831583478161303,2026-08-06
2026-08-06 20:10:00,VIC1,111.98,0.11198000000000001,62.705857816032186,0.0,5.225488151336015,0.0,4.957333333333333,0.0,41.96385060349243,46.92118393682576,39.42956633346702,0.5851501631866071,0.0,-0.5851501631866071,101.0125860426872,3128.7404137369012,2827.799685071609,charge,27.831583478161303,2026-08-06
2026-08-06 20:15:00,VIC1,121.00135,0.12100135000000001,0.0,0.0,0.0,0.0,0.0,0.0,46.92118393682576,46.92118393682576,39.42956633346702,0.0,0.0,0.0,101.0125860426872,3128.7404137369012,2827.799685071609,idle,27.831583478161303,2026-08-06
2026-08-06 20:20:00,VIC1,123.00617,0.12300617,0.0,0.0,0.0,0.0,0.0,0.0,46.92118393682576,46.92118393682576,39.42956633346702,0.0,0.0,0.0,101.0125860426872,3128.7404137369012,2827.799685071609,idle,27.831583478161303,2026-08-06
2026-08-06 20:25:00,VIC1,123.96393,0.12396393000000001,0.0,0.0,0.0,0.0,0.0,0.0,46.92118393682576,46.92118393682576,39.42956633346702,0.0,0.0,0.0,101.0125860426872,3128.7404137369012,2827.799685071609,idle,27.831583478161303,2026-08-06
2026-08-06 20:30:00,VIC1,123.87301,0.12387300999999999,0.0,0.0,0.0,0.0,0.0,0.0,46.92118393682576,46.92118393682576,39.42956633346702,0.0,0.0,0.0,101.0125860426872,3128.7404137369012,2827.799685071609,idle,27.831583478161303,2026-08-06
2026-08-06 20:35:00,VIC1,125.73155,0.12573155,0.0,69.0,0.0,5.75,0.0,6.061032181989394,46.92118393682576,40.860151754836366,34.33626197885409,0.0,0.7229564125,0.7229564125,101.7355424551872,3128.7404137369012,2833.549685071609,discharge,27.888175748768113,2026-08-06
2026-08-06 20:40:00,VIC1,127.48,0.12748,0.0,69.0,0.0,5.75,0.0,6.061032181989394,40.860151754836366,34.79911957284697,29.24295762424115,0.0,0.73301,0.73301,102.4685524551872,3128.7404137369012,2839.299685071609,discharge,27.944768019374926,2026-08-06
2026-08-06 20:45:00,VIC1,109.73119,0.10973119,62.705857816032186,0.0,5.225488151336015,0.0,4.957333333333333,0.0,34.79911957284697,39.7564529061803,33.40878395477336,0.573399033177001,0.0,-0.573399033177001,101.8951534220102,3133.965901888237,2839.299685071609,charge,27.944768019374926,2026-08-06
2026-08-06 20:50:00,VIC1,121.80007,0.12180007000000001,0.0,0.0,0.0,0.0,0.0,0.0,39.7564529061803,39.7564529061803,33.40878395477336,0.0,0.0,0.0,101.8951534220102,3133.965901888237,2839.299685071609,idle,27.944768019374926,2026-08-06
2026-08-06 20:55:00,VIC1,122.66258,0.12266258000000001,0.0,0.0,0.0,0.0,0.0,0.0,39.7564529061803,39.7564529061803,33.40878395477336,0.0,0.0,0.0,101.8951534220102,3133.965901888237,2839.299685071609,idle,27.944768019374926,2026-08-06
2026-08-06 21:00:00,VIC1,123.52905,0.12352905,0.0,0.0,0.0,0.0,0.0,0.0,39.7564529061803,39.7564529061803,33.40878395477336,0.0,0.0,0.0,101.8951534220102,3133.965901888237,2839.299685071609,idle,27.944768019374926,2026-08-06
2026-08-06 21:05:00,VIC1,122.55548,0.12255548000000001,0.0,0.0,0.0,0.0,0.0,0.0,39.7564529061803,39.7564529061803,33.40878395477336,0.0,0.0,0.0,101.8951534220102,3133.965901888237,2839.299685071609,idle,27.944768019374926,2026-08-06
2026-08-06 21:10:00,VIC1,125.40674,0.12540674,0.0,69.0,0.0,5.75,0.0,6.061032181989394,39.7564529061803,33.6954207241909,28.31547960016042,0.0,0.7210887549999999,0.7210887549999999,102.6162421770102,3133.965901888237,2845.049685071609,discharge,28.001360289981736,2026-08-06
2026-08-06 21:15:00,VIC1,122.75516,0.12275516,0.0,0.0,0.0,0.0,0.0,0.0,33.6954207241909,33.6954207241909,28.31547960016042,0.0,0.0,0.0,102.6162421770102,3133.965901888237,2845.049685071609,idle,28.001360289981736,2026-08-06
2026-08-06 21:20:00,VIC1,121.96912,0.12196912,0.0,0.0,0.0,0.0,0.0,0.0,33.6954207241909,33.6954207241909,28.31547960016042,0.0,0.0,0.0,102.6162421770102,3133.965901888237,2845.049685071609,idle,28.001360289981736,2026-08-06
2026-08-06 21:25:00,VIC1,123.39688,0.12339688,0.0,0.0,0.0,0.0,0.0,0.0,33.6954207241909,33.6954207241909,28.31547960016042,0.0,0.0,0.0,102.6162421770102,3133.965901888237,2845.049685071609,idle,28.001360289981736,2026-08-06
2026-08-06 21:30:00,VIC1,127.48,0.12748,0.0,69.0,0.0,5.75,0.0,6.061032181989394,33.6954207241909,27.63438854220151,23.22217524554749,0.0,0.73301,0.73301,103.34925217701019,3133.965901888237,2850.799685071609,discharge,28.05795256058855,2026-08-06
2026-08-06 21:35:00,VIC1,124.12675,0.12412675000000001,0.0,0.0,0.0,0.0,0.0,0.0,27.63438854220151,27.63438854220151,23.22217524554749,0.0,0.0,0.0,103.34925217701019,3133.965901888237,2850.799685071609,idle,28.05795256058855,2026-08-06
2026-08-06 21:40:00,VIC1,121.28014,0.12128014000000001,0.0,0.0,0.0,0.0,0.0,0.0,27.63438854220151,27.63438854220151,23.22217524554749,0.0,0.0,0.0,103.34925217701019,3133.965901888237,2850.799685071609,idle,28.05795256058855,2026-08-06
2026-08-06 21:45:00,VIC1,125.93767,0.12593767,0.0,69.0,0.0,5.75,0.0,6.061032181989394,27.63438854220151,21.573356360212117,18.12887089093455,0.0,0.7241416025,0.7241416025,104.07339377951018,3133.965901888237,2856.549685071609,discharge,28.11454483119536,2026-08-06
2026-08-06 21:50:00,VIC1,124.87756,0.12487756,0.0,27.294678895522942,0.0,2.274556574626912,0.0,2.3975931475772647,21.573356360212117,19.175763212634852,16.1140867333066,0.0,0.28404107512136667,0.28404107512136667,104.35743485463155,3133.965901888237,2858.824241646236,discharge,28.13693132183567,2026-08-06
2026-08-06 21:55:00,VIC1,124.90462,0.12490462,0.0,69.0,0.0,5.75,0.0,6.061032181989394,19.175763212634852,13.114731030645457,11.02078237869366,0.0,0.718201565,0.718201565,105.07563641963155,3133.965901888237,2864.574241646236,discharge,28.193523592442485,2026-08-06
2026-08-06 22:00:00,VIC1,111.98,0.11198000000000001,62.705857816032186,0.0,5.225488151336015,0.0,4.957333333333333,0.0,13.114731030645457,18.07206436397879,15.186608709225874,0.5851501631866071,0.0,-0.5851501631866071,104.49048625644494,3139.191390039573,2864.574241646236,charge,28.193523592442485,2026-08-06
2026-08-06 22:05:00,VIC1,125.72074,0.12572074,0.0,69.0,0.0,5.75,0.0,6.061032181989394,18.07206436397879,12.011032181989394,10.093304354612936,0.0,0.7228942549999999,0.7228942549999999,105.21338051144494,3139.191390039573,2870.324241646236,discharge,28.250115863049295,2026-08-06
2026-08-06 22:10:00,VIC1,127.97263,0.12797263,0.0,69.0,0.0,5.75,0.0,6.061032181989394,12.011032181989394,5.95,5.0,0.0,0.7358426225,0.7358426225,105.94922313394494,3139.191390039573,2876.074241646236,discharge,28.306708133656105,2026-08-06
2026-08-06 22:15:00,VIC1,120.65561,0.12065561,0.0,0.0,0.0,0.0,0.0,0.0,5.95,5.95,5.0,0.0,0.0,0.0,105.94922313394494,3139.191390039573,2876.074241646236,idle,28.306708133656105,2026-08-06
2026-08-06 22:20:00,VIC1,120.52138,0.12052138,0.0,0.0,0.0,0.0,0.0,0.0,5.95,5.95,5.0,0.0,0.0,0.0,105.94922313394494,3139.191390039573,2876.074241646236,idle,28.306708133656105,2026-08-06
2026-08-06 22:25:00,VIC1,122.26741,0.12226741,0.0,0.0,0.0,0.0,0.0,0.0,5.95,5.95,5.0,0.0,0.0,0.0,105.94922313394494,3139.191390039573,2876.074241646236,idle,28.306708133656105,2026-08-06
2026-08-06 22:30:00,VIC1,121.36774,0.12136774,0.0,0.0,0.0,0.0,0.0,0.0,5.95,5.95,5.0,0.0,0.0,0.0,105.94922313394494,3139.191390039573,2876.074241646236,idle,28.306708133656105,2026-08-06
2026-08-06 22:35:00,VIC1,124.19851,0.12419851,0.0,0.0,0.0,0.0,0.0,0.0,5.95,5.95,5.0,0.0,0.0,0.0,105.94922313394494,3139.191390039573,2876.074241646236,idle,28.306708133656105,2026-08-06
2026-08-06 22:40:00,VIC1,123.11821,0.12311821,0.0,0.0,0.0,0.0,0.0,0.0,5.95,5.95,5.0,0.0,0.0,0.0,105.94922313394494,3139.191390039573,2876.074241646236,idle,28.306708133656105,2026-08-06
2026-08-06 22:45:00,VIC1,121.03633,0.12103633000000001,0.0,0.0,0.0,0.0,0.0,0.0,5.95,5.95,5.0,0.0,0.0,0.0,105.94922313394494,3139.191390039573,2876.074241646236,idle,28.306708133656105,2026-08-06
2026-08-06 22:50:00,VIC1,120.09292,0.12009292,0.0,0.0,0.0,0.0,0.0,0.0,5.95,5.95,5.0,0.0,0.0,0.0,105.94922313394494,3139.191390039573,2876.074241646236,idle,28.306708133656105,2026-08-06
2026-08-06 22:55:00,VIC1,113.60722,0.11360722,0.0,0.0,0.0,0.0,0.0,0.0,5.95,5.95,5.0,0.0,0.0,0.0,105.94922313394494,3139.191390039573,2876.074241646236,idle,28.306708133656105,2026-08-06
2026-08-06 23:00:00,VIC1,105.24285,0.10524285000000001,13.9608088506345,0.0,1.163400737552875,0.0,1.1036988486560617,0.0,5.95,7.053698848656062,5.927478024080724,0.1224396093121666,0.0,-0.1224396093121666,105.82678352463277,3140.354790777126,2876.074241646236,charge,28.306708133656105,2026-08-06
2026-08-06 23:05:00,VIC1,100.31258,0.10031258,62.705857816032186,0.0,5.225488151336015,0.0,4.957333333333333,0.0,7.053698848656062,12.011032181989394,10.093304354612936,0.5241821982199462,0.0,-0.5241821982199462,105.30260132641283,3145.5802789284617,2876.074241646236,charge,28.306708133656105,2026-08-06
2026-08-06 23:10:00,VIC1,117.88616,0.11788616,0.0,69.0,0.0,5.75,0.0,6.061032181989394,12.011032181989394,5.95,5.0,0.0,0.67784542,0.67784542,105.98044674641282,3145.5802789284617,2881.824241646236,discharge,28.36330040426292,2026-08-06
2026-08-06 23:15:00,VIC1,111.98,0.11198000000000001,0.0,0.0,0.0,0.0,0.0,0.0,5.95,5.95,5.0,0.0,0.0,0.0,105.98044674641282,3145.5802789284617,2881.824241646236,idle,28.36330040426292,2026-08-06
2026-08-06 23:20:00,VIC1,103.02461,0.10302461,62.705857816032186,0.0,5.225488151336015,0.0,4.957333333333333,0.0,5.95,10.907333333333332,9.165826330532212,0.5383538788510139,0.0,-0.5383538788510139,105.44209286756181,3150.8057670797975,2881.824241646236,charge,28.36330040426292,2026-08-06
2026-08-06 23:25:00,VIC1,102.2366,0.1022366,62.705857816032186,0.0,5.225488151336015,0.0,4.957333333333333,0.0,10.907333333333332,15.864666666666665,13.331652661064425,0.5342361419328796,0.0,-0.5342361419328796,104.90785672562893,3156.0312552311334,2881.824241646236,charge,28.36330040426292,2026-08-06
2026-08-06 23:30:00,VIC1,107.04658,0.10704658,0.0,0.0,0.0,0.0,0.0,0.0,15.864666666666665,15.864666666666665,13.331652661064425,0.0,0.0,0.0,104.90785672562893,3156.0312552311334,2881.824241646236,idle,28.36330040426292,2026-08-06
2026-08-06 23:35:00,VIC1,101.9666,0.1019666,62.705857816032186,0.0,5.225488151336015,0.0,4.957333333333333,0.0,15.864666666666665,20.821999999999996,17.497478991596633,0.5328252601320189,0.0,-0.5328252601320189,104.37503146549692,3161.2567433824693,2881.824241646236,charge,28.36330040426292,2026-08-06
2026-08-06 23:40:00,VIC1,129.69602,0.12969602,0.0,69.0,0.0,5.75,0.0,6.061032181989394,20.821999999999996,14.760967818010602,12.404174636983699,0.0,0.7457521149999999,0.7457521149999999,105.12078358049692,3161.2567433824693,2887.574241646236,discharge,28.41989267486973,2026-08-06
2026-08-06 23:45:00,VIC1,100.08309,0.10008309,62.705857816032186,0.0,5.225488151336015,0.0,4.957333333333333,0.0,14.760967818010602,19.718301151343937,16.570000967515913,0.522983000944096,0.0,-0.522983000944096,104.59780057955282,3166.482231533805,2887.574241646236,charge,28.41989267486973,2026-08-06
2026-08-06 23:50:00,VIC1,103.35238,0.10335238,62.705857816032186,0.0,5.225488151336015,0.0,4.957333333333333,0.0,19.718301151343937,24.675634484677268,20.73582729804812,0.5400666371023773,0.0,-0.5400666371023773,104.05773394245045,3171.707719685141,2887.574241646236,charge,28.41989267486973,2026-08-06
2026-08-06 23:55:00,VIC1,103.21532,0.10321532000000001,62.705857816032186,0.0,5.225488151336015,0.0,4.957333333333333,0.0,24.675634484677268,29.6329678180106,24.901653628580338,0.5393504316963553,0.0,-0.5393504316963553,103.5183835107541,3176.933207836477,2887.574241646236,charge,28.41989267486973,2026-08-06
2026-08-07 00:00:00,VIC1,103.23836,0.10323836,62.705857816032186,0.0,5.225488151336015,0.0,4.957333333333333,0.0,29.6329678180106,34.59030115134393,29.067479959112546,0.539470826943362,0.0,-0.539470826943362,102.97891268381075,3182.1586959878127,2887.574241646236,charge,28.41989267486973,2026-08-06
2026-08-07 00:05:00,VIC1,99.21,0.09920999999999999,62.705857816032186,0.0,5.225488151336015,0.0,4.957333333333333,0.0,34.59030115134393,39.54763448467726,33.23330628964475,0.518420679494046,0.0,-0.518420679494046,102.4604920043167,3187.3841841391486,2887.574241646236,charge,28.41989267486973,2026-08-07
2026-08-07 00:10:00,VIC1,105.56,0.10556,0.0,0.0,0.0,0.0,0.0,0.0,39.54763448467726,39.54763448467726,33.23330628964475,0.0,0.0,0.0,102.4604920043167,3187.3841841391486,2887.574241646236,idle,28.41989267486973,2026-08-07
2026-08-07 00:15:00,VIC1,99.21,0.09920999999999999,62.705857816032186,0.0,5.225488151336015,0.0,4.957333333333333,0.0,39.54763448467726,44.50496781801059,37.399132620176964,0.518420679494046,0.0,-0.518420679494046,101.94207132482266,3192.6096722904845,2887.574241646236,charge,28.41989267486973,2026-08-07
2026-08-07 00:20:00,VIC1,105.56,0.10556,0.0,0.0,0.0,0.0,0.0,0.0,44.50496781801059,44.50496781801059,37.399132620176964,0.0,0.0,0.0,101.94207132482266,3192.6096722904845,2887.574241646236,idle,28.41989267486973,2026-08-07
2026-08-07 00:25:00,VIC1,115.0,0.115,0.0,0.0,0.0,0.0,0.0,0.0,44.50496781801059,44.50496781801059,37.399132620176964,0.0,0.0,0.0,101.94207132482266,3192.6096722904845,2887.574241646236,idle,28.41989267486973,2026-08-07
2026-08-07 00:30:00,VIC1,99.21,0.09920999999999999,62.705857816032186,0.0,5.225488151336015,0.0,4.957333333333333,0.0,44.50496781801059,49.46230115134393,41.56495895070918,0.518420679494046,0.0,-0.518420679494046,101.42365064532862,3197.8351604418203,2887.574241646236,charge,28.41989267486973,2026-08-07
2026-08-07 00:35:00,VIC1,99.21,0.09920999999999999,62.705857816032186,0.0,5.225488151336015,0.0,4.957333333333333,0.0,49.46230115134393,54.41963448467726,45.730785281241396,0.518420679494046,0.0,-0.518420679494046,100.90522996583458,3203.060648593156,2887.574241646236,charge,28.41989267486973,2026-08-07
2026-08-07 00:40:00,VIC1,105.56,0.10556,0.0,0.0,0.0,0.0,0.0,0.0,54.41963448467726,54.41963448467726,45.730785281241396,0.0,0.0,0.0,100.90522996583458,3203.060648593156,2887.574241646236,idle,28.41989267486973,2026-08-07
2026-08-07 00:45:00,VIC1,99.21,0.09920999999999999,62.705857816032186,0.0,5.225488151336015,0.0,4.957333333333333,0.0,54.41963448467726,59.37696781801059,49.89661161177361,0.518420679494046,0.0,-0.518420679494046,100.38680928634054,3208.286136744492,2887.574241646236,charge,28.41989267486973,2026-08-07
2026-08-07 00:50:00,VIC1,105.56,0.10556,0.0,0.0,0.0,0.0,0.0,0.0,59.37696781801059,59.37696781801059,49.89661161177361,0.0,0.0,0.0,100.38680928634054,3208.286136744492,2887.574241646236,idle,28.41989267486973,2026-08-07
2026-08-07 00:55:00,VIC1,110.7004,0.1107004,0.0,0.0,0.0,0.0,0.0,0.0,59.37696781801059,59.37696781801059,49.89661161177361,0.0,0.0,0.0,100.38680928634054,3208.286136744492,2887.574241646236,idle,28.41989267486973,2026-08-07
2026-08-07 01:00:00,VIC1,99.21,0.09920999999999999,62.705857816032186,0.0,5.225488151336015,0.0,4.957333333333333,0.0,59.37696781801059,64.33430115134392,54.06243794230582,0.518420679494046,0.0,-0.518420679494046,99.8683886068465,3213.511624895828,2887.574241646236,charge,28.41989267486973,2026-08-07
2026-08-07 01:05:00,VIC1,109.0,0.109,0.0,0.0,0.0,0.0,0.0,0.0,64.33430115134392,64.33430115134392,54.06243794230582,0.0,0.0,0.0,99.8683886068465,3213.511624895828,2887.574241646236,idle,28.41989267486973,2026-08-07
2026-08-07 01:10:00,VIC1,109.0,0.109,0.0,0.0,0.0,0.0,0.0,0.0,64.33430115134392,64.33430115134392,54.06243794230582,0.0,0.0,0.0,99.8683886068465,3213.511624895828,2887.574241646236,idle,28.41989267486973,2026-08-07
2026-08-07 01:15:00,VIC1,108.45641,0.10845641,0.0,0.0,0.0,0.0,0.0,0.0,64.33430115134392,64.33430115134392,54.06243794230582,0.0,0.0,0.0,99.8683886068465,3213.511624895828,2887.574241646236,idle,28.41989267486973,2026-08-07
2026-08-07 01:20:00,VIC1,109.0,0.109,0.0,0.0,0.0,0.0,0.0,0.0,64.33430115134392,64.33430115134392,54.06243794230582,0.0,0.0,0.0,99.8683886068465,3213.511624895828,2887.574241646236,idle,28.41989267486973,2026-08-07
2026-08-07 01:25:00,VIC1,109.0,0.109,0.0,0.0,0.0,0.0,0.0,0.0,64.33430115134392,64.33430115134392,54.06243794230582,0.0,0.0,0.0,99.8683886068465,3213.511624895828,2887.574241646236,idle,28.41989267486973,2026-08-07
2026-08-07 01:30:00,VIC1,99.21,0.09920999999999999,62.705857816032186,0.0,5.225488151336015,0.0,4.957333333333333,0.0,64.33430115134392,69.29163448467726,58.22826427283804,0.518420679494046,0.0,-0.518420679494046,99.34996792735245,3218.737113047164,2887.574241646236,charge,28.41989267486973,2026-08-07
2026-08-07 01:35:00,VIC1,106.57244,0.10657244,0.0,0.0,0.0,0.0,0.0,0.0,69.29163448467726,69.29163448467726,58.22826427283804,0.0,0.0,0.0,99.34996792735245,3218.737113047164,2887.574241646236,idle,28.41989267486973,2026-08-07
2026-08-07 01:40:00,VIC1,105.56,0.10556,0.0,0.0,0.0,0.0,0.0,0.0,69.29163448467726,69.29163448467726,58.22826427283804,0.0,0.0,0.0,99.34996792735245,3218.737113047164,2887.574241646236,idle,28.41989267486973,2026-08-07
2026-08-07 01:45:00,VIC1,105.56,0.10556,0.0,0.0,0.0,0.0,0.0,0.0,69.29163448467726,69.29163448467726,58.22826427283804,0.0,0.0,0.0,99.34996792735245,3218.737113047164,2887.574241646236,idle,28.41989267486973,2026-08-07
2026-08-07 01:50:00,VIC1,102.9445,0.10294450000000001,62.705857816032186,0.0,5.225488151336015,0.0,4.957333333333333,0.0,69.29163448467726,74.2489678180106,62.39409060337026,0.5379352649952105,0.0,-0.5379352649952105,98.81203266235724,3223.9626011984997,2887.574241646236,charge,28.41989267486973,2026-08-07
2026-08-07 01:55:00,VIC1,104.95776,0.10495776,62.705857816032186,0.0,5.225488151336015,0.0,4.957333333333333,0.0,74.2489678180106,79.20630115134394,66.55991693390246,0.5484555312707692,0.0,-0.5484555312707692,98.26357713108646,3229.1880893498355,2887.574241646236,charge,28.41989267486973,2026-08-07
2026-08-07 02:00:00,VIC1,99.21,0.09920999999999999,62.705857816032186,0.0,5.225488151336015,0.0,4.957333333333333,0.0,79.20630115134394,84.16363448467726,70.72574326443467,0.518420679494046,0.0,-0.518420679494046,97.74515645159242,3234.4135775011714,2887.574241646236,charge,28.41989267486973,2026-08-07
2026-08-07 02:05:00,VIC1,102.6611,0.1026611,62.705857816032186,0.0,5.225488151336015,0.0,4.957333333333333,0.0,84.16363448467726,89.1209678180106,74.8915695949669,0.5364543616531218,0.0,-0.5364543616531218,97.2087020899393,3239.6390656525073,2887.574241646236,charge,28.41989267486973,2026-08-07
2026-08-07 02:10:00,VIC1,108.19541,0.10819540999999999,0.0,0.0,0.0,0.0,0.0,0.0,89.1209678180106,89.1209678180106,74.8915695949669,0.0,0.0,0.0,97.2087020899393,3239.6390656525073,2887.574241646236,idle,28.41989267486973,2026-08-07
2026-08-07 02:15:00,VIC1,105.56,0.10556,0.0,0.0,0.0,0.0,0.0,0.0,89.1209678180106,89.1209678180106,74.8915695949669,0.0,0.0,0.0,97.2087020899393,3239.6390656525073,2887.574241646236,idle,28.41989267486973,2026-08-07
2026-08-07 02:20:00,VIC1,108.92754,0.10892753999999999,0.0,0.0,0.0,0.0,0.0,0.0,89.1209678180106,89.1209678180106,74.8915695949669,0.0,0.0,0.0,97.2087020899393,3239.6390656525073,2887.574241646236,idle,28.41989267486973,2026-08-07
2026-08-07 02:25:00,VIC1,99.21,0.09920999999999999,62.705857816032186,0.0,5.225488151336015,0.0,4.957333333333333,0.0,89.1209678180106,94.07830115134394,79.05739592549911,0.518420679494046,0.0,-0.518420679494046,96.69028141044525,3244.864553803843,2887.574241646236,charge,28.41989267486973,2026-08-07
2026-08-07 02:30:00,VIC1,105.56,0.10556,0.0,0.0,0.0,0.0,0.0,0.0,94.07830115134394,94.07830115134394,79.05739592549911,0.0,0.0,0.0,96.69028141044525,3244.864553803843,2887.574241646236,idle,28.41989267486973,2026-08-07
2026-08-07 02:35:00,VIC1,109.0,0.109,0.0,0.0,0.0,0.0,0.0,0.0,94.07830115134394,94.07830115134394,79.05739592549911,0.0,0.0,0.0,96.69028141044525,3244.864553803843,2887.574241646236,idle,28.41989267486973,2026-08-07
2026-08-07 02:40:00,VIC1,109.0,0.109,0.0,0.0,0.0,0.0,0.0,0.0,94.07830115134394,94.07830115134394,79.05739592549911,0.0,0.0,0.0,96.69028141044525,3244.864553803843,2887.574241646236,idle,28.41989267486973,2026-08-07
2026-08-07 02:45:00,VIC1,105.56,0.10556,0.0,0.0,0.0,0.0,0.0,0.0,94.07830115134394,94.07830115134394,79.05739592549911,0.0,0.0,0.0,96.69028141044525,3244.864553803843,2887.574241646236,idle,28.41989267486973,2026-08-07
2026-08-07 02:50:00,VIC1,99.21,0.09920999999999999,62.705857816032186,0.0,5.225488151336015,0.0,4.957333333333333,0.0,94.07830115134394,99.03563448467727,83.22322225603132,0.518420679494046,0.0,-0.518420679494046,96.17186073095121,3250.090041955179,2887.574241646236,charge,28.41989267486973,2026-08-07
2026-08-07 02:55:00,VIC1,99.0,0.099,62.705857816032186,0.0,5.225488151336015,0.0,4.957333333333333,0.0,99.03563448467727,103.9929678180106,87.38904858656352,0.5173233269822656,0.0,-0.5173233269822656,95.65453740396894,3255.315530106515,2887.574241646236,charge,28.41989267486973,2026-08-07
2026-08-07 03:00:00,VIC1,105.18356,0.10518356,51.85754433009236,0.0,4.321462027507696,0.0,4.099698848656061,0.0,103.9929678180106,108.09266666666666,90.83417366946777,0.4545467604580774,0.0,-0.4545467604580774,95.19999064351087,3259.6369921340224,2887.574241646236,charge,28.41989267486973,2026-08-07
2026-08-07 03:05:00,VIC1,105.03724,0.10503724,62.705857816032186,0.0,5.225488151336015,0.0,4.957333333333333,0.0,108.09266666666666,113.05,95.0,0.5488708530690374,0.0,-0.5488708530690374,94.65111979044184,3264.8624802853583,2887.574241646236,charge,28.41989267486973,2026-08-07
2026-08-07 03:10:00,VIC1,107.85067,0.10785067,0.0,0.0,0.0,0.0,0.0,0.0,113.05,113.05,95.0,0.0,0.0,0.0,94.65111979044184,3264.8624802853583,2887.574241646236,idle,28.41989267486973,2026-08-07
2026-08-07 03:15:00,VIC1,109.60095,0.10960095,0.0,0.0,0.0,0.0,0.0,0.0,113.05,113.05,95.0,0.0,0.0,0.0,94.65111979044184,3264.8624802853583,2887.574241646236,idle,28.41989267486973,2026-08-07
2026-08-07 03:20:00,VIC1,109.0,0.109,0.0,0.0,0.0,0.0,0.0,0.0,113.05,113.05,95.0,0.0,0.0,0.0,94.65111979044184,3264.8624802853583,2887.574241646236,idle,28.41989267486973,2026-08-07
2026-08-07 03:25:00,VIC1,109.0,0.109,0.0,0.0,0.0,0.0,0.0,0.0,113.05,113.05,95.0,0.0,0.0,0.0,94.65111979044184,3264.8624802853583,2887.574241646236,idle,28.41989267486973,2026-08-07
2026-08-07 03:30:00,VIC1,109.0,0.109,0.0,0.0,0.0,0.0,0.0,0.0,113.05,113.05,95.0,0.0,0.0,0.0,94.65111979044184,3264.8624802853583,2887.574241646236,idle,28.41989267486973,2026-08-07
2026-08-07 03:35:00,VIC1,109.0,0.109,0.0,0.0,0.0,0.0,0.0,0.0,113.05,113.05,95.0,0.0,0.0,0.0,94.65111979044184,3264.8624802853583,2887.574241646236,idle,28.41989267486973,2026-08-07
2026-08-07 03:40:00,VIC1,107.02066,0.10702066,0.0,0.0,0.0,0.0,0.0,0.0,113.05,113.05,95.0,0.0,0.0,0.0,94.65111979044184,3264.8624802853583,2887.574241646236,idle,28.41989267486973,2026-08-07
2026-08-07 03:45:00,VIC1,105.56,0.10556,-0.0,0.0,-0.0,0.0,-0.0,0.0,113.05,113.05,95.0,-0.0,0.0,0.0,94.65111979044184,3264.8624802853583,2887.574241646236,idle,28.41989267486973,2026-08-07
2026-08-07 03:50:00,VIC1,109.0,0.109,0.0,0.0,0.0,0.0,0.0,0.0,113.05,113.05,95.0,0.0,0.0,0.0,94.65111979044184,3264.8624802853583,2887.574241646236,idle,28.41989267486973,2026-08-07
2026-08-07 03:55:00,VIC1,111.42,0.11142,0.0,0.0,0.0,0.0,0.0,0.0,113.05,113.05,95.0,0.0,0.0,0.0,94.65111979044184,3264.8624802853583,2887.574241646236,idle,28.41989267486973,2026-08-07
2026-08-07 04:00:00,VIC1,109.0,0.109,0.0,0.0,0.0,0.0,0.0,0.0,113.05,113.05,95.0,0.0,0.0,0.0,94.65111979044184,3264.8624802853583,2887.574241646236,idle,28.41989267486973,2026-08-07
2026-08-07 04:05:00,VIC1,149.41,0.14941,0.0,69.0,0.0,5.75,0.0,6.061032181989394,113.05,106.98896781801061,89.90669564538707,0.0,0.8591074999999999,0.8591074999999999,95.51022729044183,3264.8624802853583,2893.324241646236,discharge,28.476484945476543,2026-08-07
2026-08-07 04:10:00,VIC1,110.75418,0.11075418000000001,0.0,0.0,0.0,0.0,0.0,0.0,106.98896781801061,106.98896781801061,89.90669564538707,0.0,0.0,0.0,95.51022729044183,3264.8624802853583,2893.324241646236,idle,28.476484945476543,2026-08-07
2026-08-07 04:15:00,VIC1,151.95,0.15195,0.0,69.0,0.0,5.75,0.0,6.061032181989394,106.98896781801061,100.92793563602122,84.81339129077413,0.0,0.8737125,0.8737125,96.38393979044183,3264.8624802853583,2899.074241646236,discharge,28.533077216083353,2026-08-07
2026-08-07 04:20:00,VIC1,109.0,0.109,0.0,0.0,0.0,0.0,0.0,0.0,100.92793563602122,100.92793563602122,84.81339129077413,0.0,0.0,0.0,96.38393979044183,3264.8624802853583,2899.074241646236,idle,28.533077216083353,2026-08-07
2026-08-07 04:25:00,VIC1,132.25436,0.13225436,0.0,69.0,0.0,5.75,0.0,6.061032181989394,100.92793563602122,94.86690345403183,79.72008693616121,0.0,0.76046257,0.76046257,97.14440236044183,3264.8624802853583,2904.824241646236,discharge,28.589669486690163,2026-08-07
2026-08-07 04:30:00,VIC1,108.69692,0.10869692,0.0,0.0,0.0,0.0,0.0,0.0,94.86690345403183,94.86690345403183,79.72008693616121,0.0,0.0,0.0,97.14440236044183,3264.8624802853583,2904.824241646236,idle,28.589669486690163,2026-08-07
2026-08-07 04:35:00,VIC1,111.8491,0.1118491,0.0,0.0,0.0,0.0,0.0,0.0,94.86690345403183,94.86690345403183,79.72008693616121,0.0,0.0,0.0,97.14440236044183,3264.8624802853583,2904.824241646236,idle,28.589669486690163,2026-08-07
2026-08-07 04:40:00,VIC1,109.0,0.109,0.0,0.0,0.0,0.0,0.0,0.0,94.86690345403183,94.86690345403183,79.72008693616121,0.0,0.0,0.0,97.14440236044183,3264.8624802853583,2904.824241646236,idle,28.589669486690163,2026-08-07
2026-08-07 04:45:00,VIC1,132.2322,0.13223220000000002,0.0,69.0,0.0,5.75,0.0,6.061032181989394,94.86690345403183,88.80587127204244,74.62678258154827,0.0,0.7603351500000002,0.7603351500000002,97.90473751044183,3264.8624802853583,2910.574241646236,discharge,28.646261757296976,2026-08-07
2026-08-07 04:50:00,VIC1,112.02481,0.11202481,0.0,0.0,0.0,0.0,0.0,0.0,88.80587127204244,88.80587127204244,74.62678258154827,0.0,0.0,0.0,97.90473751044183,3264.8624802853583,2910.574241646236,idle,28.646261757296976,2026-08-07
2026-08-07 04:55:00,VIC1,109.0,0.109,0.0,0.0,0.0,0.0,0.0,0.0,88.80587127204244,88.80587127204244,74.62678258154827,0.0,0.0,0.0,97.90473751044183,3264.8624802853583,2910.574241646236,idle,28.646261757296976,2026-08-07
2026-08-07 05:00:00,VIC1,107.83427,0.10783427000000001,55.843235402537864,0.0,4.653602950211488,0.0,4.414795394624235,0.0,88.80587127204244,93.22066666666667,78.33669467787115,0.5018178770059022,0.0,-0.5018178770059022,97.40291963343593,3269.5160832355696,2910.574241646236,charge,28.646261757296976,2026-08-07
2026-08-07 05:05:00,VIC1,109.0,0.109,0.0,0.0,0.0,0.0,0.0,0.0,93.22066666666667,93.22066666666667,78.33669467787115,0.0,0.0,0.0,97.40291963343593,3269.5160832355696,2910.574241646236,idle,28.646261757296976,2026-08-07
2026-08-07 05:10:00,VIC1,109.0,0.109,0.0,0.0,0.0,0.0,0.0,0.0,93.22066666666667,93.22066666666667,78.33669467787115,0.0,0.0,0.0,97.40291963343593,3269.5160832355696,2910.574241646236,idle,28.646261757296976,2026-08-07
2026-08-07 05:15:00,VIC1,105.56,0.10556,62.705857816032186,0.0,5.225488151336015,0.0,4.957333333333333,0.0,93.22066666666667,98.17800000000001,82.50252100840338,0.5516025292550297,0.0,-0.5516025292550297,96.8513171041809,3274.7415713869054,2910.574241646236,charge,28.646261757296976,2026-08-07
2026-08-07 05:20:00,VIC1,100.45202,0.10045202,62.705857816032186,0.0,5.225488151336015,0.0,4.957333333333333,0.0,98.17800000000001,103.13533333333334,86.66834733893558,0.5249108402877685,0.0,-0.5249108402877685,96.32640626389312,3279.9670595382413,2910.574241646236,charge,28.646261757296976,2026-08-07
2026-08-07 05:25:00,VIC1,109.0,0.109,0.0,0.0,0.0,0.0,0.0,0.0,103.13533333333334,103.13533333333334,86.66834733893558,0.0,0.0,0.0,96.32640626389312,3279.9670595382413,2910.574241646236,idle,28.646261757296976,2026-08-07
2026-08-07 05:30:00,VIC1,107.58,0.10758,62.705857816032186,0.0,5.225488151336015,0.0,4.957333333333333,0.0,103.13533333333334,108.09266666666666,90.83417366946777,0.5621580153207285,0.0,-0.5621580153207285,95.76424824857239,3285.192547689577,2910.574241646236,charge,28.646261757296976,2026-08-07
2026-08-07 05:35:00,VIC1,105.56,0.10556,62.705857816032186,0.0,5.225488151336015,0.0,4.957333333333333,0.0,108.09266666666666,113.05,95.0,0.5516025292550297,0.0,-0.5516025292550297,95.21264571931735,3290.418035840913,2910.574241646236,charge,28.646261757296976,2026-08-07
2026-08-07 05:40:00,VIC1,112.27658,0.11227658,0.0,0.0,0.0,0.0,0.0,0.0,113.05,113.05,95.0,0.0,0.0,0.0,95.21264571931735,3290.418035840913,2910.574241646236,idle,28.646261757296976,2026-08-07
2026-08-07 05:45:00,VIC1,109.86385,0.10986385,0.0,0.0,0.0,0.0,0.0,0.0,113.05,113.05,95.0,0.0,0.0,0.0,95.21264571931735,3290.418035840913,2910.574241646236,idle,28.646261757296976,2026-08-07
2026-08-07 05:50:00,VIC1,109.0,0.109,0.0,0.0,0.0,0.0,0.0,0.0,113.05,113.05,95.0,0.0,0.0,0.0,95.21264571931735,3290.418035840913,2910.574241646236,idle,28.646261757296976,2026-08-07
2026-08-07 05:55:00,VIC1,115.0,0.115,0.0,0.0,0.0,0.0,0.0,0.0,113.05,113.05,95.0,0.0,0.0,0.0,95.21264571931735,3290.418035840913,2910.574241646236,idle,28.646261757296976,2026-08-07
2026-08-07 06:00:00,VIC1,124.0,0.124,0.0,0.0,0.0,0.0,0.0,0.0,113.05,113.05,95.0,0.0,0.0,0.0,95.21264571931735,3290.418035840913,2910.574241646236,idle,28.646261757296976,2026-08-07
2026-08-07 06:05:00,VIC1,111.74568,0.11174568,-0.0,0.0,-0.0,0.0,-0.0,0.0,113.05,113.05,95.0,-0.0,0.0,0.0,95.21264571931735,3290.418035840913,2910.574241646236,idle,28.646261757296976,2026-08-07
2026-08-07 06:10:00,VIC1,128.13328,0.12813328000000002,0.0,69.0,0.0,5.75,0.0,6.061032181989394,113.05,106.98896781801061,89.90669564538707,0.0,0.7367663600000001,0.7367663600000001,95.94941207931736,3290.418035840913,2916.324241646236,discharge,28.702854027903786,2026-08-07
2026-08-07 06:15:00,VIC1,127.07733,0.12707733000000002,0.0,0.0,0.0,0.0,0.0,0.0,106.98896781801061,106.98896781801061,89.90669564538707,0.0,0.0,0.0,95.94941207931736,3290.418035840913,2916.324241646236,idle,28.702854027903786,2026-08-07
2026-08-07 06:20:00,VIC1,121.55174,0.12155173999999999,0.0,0.0,0.0,0.0,0.0,0.0,106.98896781801061,106.98896781801061,89.90669564538707,0.0,0.0,0.0,95.94941207931736,3290.418035840913,2916.324241646236,idle,28.702854027903786,2026-08-07
2026-08-07 06:25:00,VIC1,121.44396,0.12144396,0.0,0.0,0.0,0.0,0.0,0.0,106.98896781801061,106.98896781801061,89.90669564538707,0.0,0.0,0.0,95.94941207931736,3290.418035840913,2916.324241646236,idle,28.702854027903786,2026-08-07
2026-08-07 06:30:00,VIC1,127.6666,0.12766660000000002,0.0,21.11831872337852,0.0,1.7598598936148764,0.0,1.8550552088682082,106.98896781801061,105.1339126091424,88.3478257219684,0.0,0.224675329094173,0.224675329094173,96.17408740841152,3290.418035840913,2918.0841015398505,discharge,28.72017480483066,2026-08-07
2026-08-07 06:35:00,VIC1,129.06,0.12906,0.0,69.0,0.0,5.75,0.0,6.061032181989394,105.1339126091424,99.07288042715301,83.25452136735547,0.0,0.7420950000000001,0.7420950000000001,96.91618240841153,3290.418035840913,2923.8341015398505,discharge,28.776767075437473,2026-08-07
2026-08-07 06:40:00,VIC1,115.74009,0.11574009,0.0,0.0,0.0,0.0,0.0,0.0,99.07288042715301,99.07288042715301,83.25452136735547,0.0,0.0,0.0,96.91618240841153,3290.418035840913,2923.8341015398505,idle,28.776767075437473,2026-08-07
2026-08-07 06:45:00,VIC1,119.98055,0.11998054999999999,0.0,0.0,0.0,0.0,0.0,0.0,99.07288042715301,99.07288042715301,83.25452136735547,0.0,0.0,0.0,96.91618240841153,3290.418035840913,2923.8341015398505,idle,28.776767075437473,2026-08-07
2026-08-07 06:50:00,VIC1,126.48,0.12648,0.0,0.0,0.0,0.0,0.0,0.0,99.07288042715301,99.07288042715301,83.25452136735547,0.0,0.0,0.0,96.91618240841153,3290.418035840913,2923.8341015398505,idle,28.776767075437473,2026-08-07
2026-08-07 06:55:00,VIC1,129.06,0.12906,0.0,69.0,0.0,5.75,0.0,6.061032181989394,99.07288042715301,93.01184824516362,78.16121701274254,0.0,0.7420950000000001,0.7420950000000001,97.65827740841154,3290.418035840913,2929.5841015398505,discharge,28.833359346044283,2026-08-07
2026-08-07 07:00:00,VIC1,129.06,0.12906,0.0,69.0,0.0,5.75,0.0,6.061032181989394,93.01184824516362,86.95081606317423,73.06791265812961,0.0,0.7420950000000001,0.7420950000000001,98.40037240841154,3290.418035840913,2935.3341015398505,discharge,28.889951616651096,2026-08-07
2026-08-07 07:05:00,VIC1,112.29041,0.11229041,62.705857816032186,0.0,5.225488151336015,0.0,4.957333333333333,0.0,86.95081606317423,91.90814939650757,77.23373898866183,0.5867722069636632,0.0,-0.5867722069636632,97.81360020144788,3295.643523992249,2935.3341015398505,charge,28.889951616651096,2026-08-07
2026-08-07 07:10:00,VIC1,115.78281,0.11578281,0.0,0.0,0.0,0.0,0.0,0.0,91.90814939650757,91.90814939650757,77.23373898866183,0.0,0.0,0.0,97.81360020144788,3295.643523992249,2935.3341015398505,idle,28.889951616651096,2026-08-07
2026-08-07 07:15:00,VIC1,114.50083,0.11450083,62.705857816032186,0.0,5.225488151336015,0.0,4.957333333333333,0.0,91.90814939650757,96.8654827298409,81.39956531919404,0.5983227304831393,0.0,-0.5983227304831393,97.21527747096475,3300.8690121435848,2935.3341015398505,charge,28.889951616651096,2026-08-07
2026-08-07 07:20:00,VIC1,125.19008,0.12519008,0.0,0.0,0.0,0.0,0.0,0.0,96.8654827298409,96.8654827298409,81.39956531919404,0.0,0.0,0.0,97.21527747096475,3300.8690121435848,2935.3341015398505,idle,28.889951616651096,2026-08-07
2026-08-07 07:25:00,VIC1,136.99744,0.13699744000000003,0.0,69.0,0.0,5.75,0.0,6.061032181989394,96.8654827298409,90.80445054785152,76.30626096458111,0.0,0.7877352800000001,0.7877352800000001,98.00301275096476,3300.8690121435848,2941.0841015398505,discharge,28.946543887257906,2026-08-07
2026-08-07 07:30:00,VIC1,133.59664,0.13359664000000002,0.0,69.0,0.0,5.75,0.0,6.061032181989394,90.80445054785152,84.74341836586213,71.21295660996817,0.0,0.7681806800000001,0.7681806800000001,98.77119343096476,3300.8690121435848,2946.8341015398505,discharge,29.003136157864716,2026-08-07
2026-08-07 07:35:00,VIC1,139.0,0.139,0.0,69.0,0.0,5.75,0.0,6.061032181989394,84.74341836586213,78.68238618387274,66.11965225535525,0.0,0.79925,0.79925,99.57044343096476,3300.8690121435848,2952.5841015398505,discharge,29.05972842847153,2026-08-07
2026-08-07 07:40:00,VIC1,139.0,0.139,0.0,69.0,0.0,5.75,0.0,6.061032181989394,78.68238618387274,72.62135400188335,61.02634790074231,0.0,0.79925,0.79925,100.36969343096476,3300.8690121435848,2958.3341015398505,discharge,29.11632069907834,2026-08-07
2026-08-07 07:45:00,VIC1,147.0,0.147,0.0,69.0,0.0,5.75,0.0,6.061032181989394,72.62135400188335,66.56032181989396,55.93304354612938,0.0,0.84525,0.84525,101.21494343096475,3300.8690121435848,2964.0841015398505,discharge,29.17291296968515,2026-08-07
2026-08-07 07:50:00,VIC1,147.0,0.147,0.0,69.0,0.0,5.75,0.0,6.061032181989394,66.56032181989396,60.49928963790456,50.83973919151644,0.0,0.84525,0.84525,102.06019343096474,3300.8690121435848,2969.8341015398505,discharge,29.229505240291964,2026-08-07
2026-08-07 07:55:00,VIC1,176.46,0.17646,0.0,69.0,0.0,5.75,0.0,6.061032181989394,60.49928963790456,54.43825745591516,45.7464348369035,0.0,1.014645,1.014645,103.07483843096475,3300.8690121435848,2975.5841015398505,discharge,29.286097510898774,2026-08-07
2026-08-07 08:00:00,VIC1,147.0,0.147,0.0,69.0,0.0,5.75,0.0,6.061032181989394,54.43825745591516,48.37722527392577,40.653130482290564,0.0,0.84525,0.84525,103.92008843096474,3300.8690121435848,2981.3341015398505,discharge,29.342689781505587,2026-08-07
2026-08-07 08:05:00,VIC1,139.02,0.13902,0.0,69.0,0.0,5.75,0.0,6.061032181989394,48.37722527392577,42.31619309193637,35.559826127677624,0.0,0.799365,0.799365,104.71945343096473,3300.8690121435848,2987.0841015398505,discharge,29.399282052112397,2026-08-07
2026-08-07 08:10:00,VIC1,140.89866,0.14089866,0.0,69.0,0.0,5.75,0.0,6.061032181989394,42.31619309193637,36.25516090994697,30.46652177306468,0.0,0.8101672950000001,0.8101672950000001,105.52962072596473,3300.8690121435848,2992.8341015398505,discharge,29.455874322719207,2026-08-07
2026-08-07 08:15:00,VIC1,157.97451,0.15797451,0.0,69.0,0.0,5.75,0.0,6.061032181989394,36.25516090994697,30.194128727957576,25.373217418451745,0.0,0.9083534325000001,0.9083534325000001,106.43797415846473,3300.8690121435848,2998.5841015398505,discharge,29.51246659332602,2026-08-07
2026-08-07 08:20:00,VIC1,137.18032,0.13718032,0.0,69.0,0.0,5.75,0.0,6.061032181989394,30.194128727957576,24.133096545968183,20.27991306383881,0.0,0.78878684,0.78878684,107.22676099846473,3300.8690121435848,3004.3341015398505,discharge,29.56905886393283,2026-08-07
2026-08-07 08:25:00,VIC1,171.92196,0.17192196,0.0,69.0,0.0,5.75,0.0,6.061032181989394,24.133096545968183,18.07206436397879,15.186608709225874,0.0,0.9885512700000001,0.9885512700000001,108.21531226846473,3300.8690121435848,3010.0841015398505,discharge,29.625651134539645,2026-08-07
2026-08-07 08:30:00,VIC1,141.37378,0.14137378,0.0,69.0,0.0,5.75,0.0,6.061032181989394,18.07206436397879,12.011032181989394,10.093304354612936,0.0,0.812899235,0.812899235,109.02821150346473,3300.8690121435848,3015.8341015398505,discharge,29.682243405146455,2026-08-07
2026-08-07 08:35:00,VIC1,142.70653,0.14270653,0.0,69.0,0.0,5.75,0.0,6.061032181989394,12.011032181989394,5.95,5.0,0.0,0.8205625475,0.8205625475,109.84877405096474,3300.8690121435848,3021.5841015398505,discharge,29.738835675753265,2026-08-07
2026-08-07 08:40:00,VIC1,111.59131,0.11159131,41.882426551903485,0.0,3.4902022126586236,0.0,3.3110965459681836,0.0,5.95,9.261096545968185,7.7824340722421725,0.3894762370754744,0.0,-0.3894762370754744,109.45929781388926,3304.3592143562432,3021.5841015398505,charge,29.738835675753265,2026-08-07
2026-08-07 08:45:00,VIC1,111.23505,0.11123505,62.705857816032186,0.0,5.225488151336015,0.0,4.957333333333333,0.0,9.261096545968185,14.218429879301517,11.948260402774384,0.5812574357882693,0.0,-0.5812574357882693,108.87804037810099,3309.584702507579,3021.5841015398505,charge,29.738835675753265,2026-08-07
2026-08-07 08:50:00,VIC1,111.98,0.11198000000000001,0.0,0.0,0.0,0.0,0.0,0.0,14.218429879301517,14.218429879301517,11.948260402774384,0.0,0.0,0.0,108.87804037810099,3309.584702507579,3021.5841015398505,idle,29.738835675753265,2026-08-07
2026-08-07 08:55:00,VIC1,105.56,0.10556,62.705857816032186,0.0,5.225488151336015,0.0,4.957333333333333,0.0,14.218429879301517,19.17576321263485,16.114086733306596,0.5516025292550297,0.0,-0.5516025292550297,108.32643784884596,3314.810190658915,3021.5841015398505,charge,29.738835675753265,2026-08-07
2026-08-07 09:00:00,VIC1,105.56,0.10556,62.705857816032186,0.0,5.225488151336015,0.0,4.957333333333333,0.0,19.17576321263485,24.133096545968183,20.27991306383881,0.5516025292550297,0.0,-0.5516025292550297,107.77483531959092,3320.035678810251,3021.5841015398505,charge,29.738835675753265,2026-08-07
2026-08-07 09:05:00,VIC1,146.81289,0.14681289,0.0,69.0,0.0,5.75,0.0,6.061032181989394,24.133096545968183,18.07206436397879,15.186608709225874,0.0,0.8441741175,0.8441741175,108.61900943709092,3320.035678810251,3027.3341015398505,discharge,29.79542794636008,2026-08-07
2026-08-07 09:10:00,VIC1,165.48,0.16548,0.0,69.0,0.0,5.75,0.0,6.061032181989394,18.07206436397879,12.011032181989394,10.093304354612936,0.0,0.95151,0.95151,109.57051943709092,3320.035678810251,3033.0841015398505,discharge,29.85202021696689,2026-08-07
2026-08-07 09:15:00,VIC1,150.69473,0.15069473,0.0,69.0,0.0,5.75,0.0,6.061032181989394,12.011032181989394,5.95,5.0,0.0,0.8664946975,0.8664946975,110.43701413459092,3320.035678810251,3038.8341015398505,discharge,29.908612487573702,2026-08-07
2026-08-07 09:20:00,VIC1,97.51798,0.09751797999999999,-0.0,0.0,-0.0,0.0,-0.0,0.0,5.95,5.95,5.0,-0.0,0.0,0.0,110.43701413459092,3320.035678810251,3038.8341015398505,idle,29.908612487573702,2026-08-07
2026-08-07 09:25:00,VIC1,90.73325,0.09073325,-0.0,0.0,-0.0,0.0,-0.0,0.0,5.95,5.95,5.0,-0.0,0.0,0.0,110.43701413459092,3320.035678810251,3038.8341015398505,idle,29.908612487573702,2026-08-07
2026-08-07 09:30:00,VIC1,71.96646,0.07196646,62.705857816032186,0.0,5.225488151336015,0.0,4.957333333333333,0.0,5.95,10.907333333333334,9.165826330532214,0.37605988402359725,0.0,-0.37605988402359725,110.06095425056732,3325.2611669615867,3038.8341015398505,charge,29.908612487573702,2026-08-07
2026-08-07 09:35:00,VIC1,84.92,0.08492000000000001,0.0,56.43527203442897,0.0,4.702939336202414,0.0,4.957333333333334,10.907333333333334,5.95,5.0,0.0,0.39937360843030906,0.39937360843030906,110.46032785899763,3325.2611669615867,3043.5370408760527,discharge,29.954899446801836,2026-08-07
2026-08-07 09:40:00,VIC1,84.92,0.08492000000000001,0.0,0.0,0.0,0.0,0.0,0.0,5.95,5.95,5.0,0.0,0.0,0.0,110.46032785899763,3325.2611669615867,3043.5370408760527,idle,29.954899446801836,2026-08-07
2026-08-07 09:45:00,VIC1,63.28168,0.06328168,62.705857816032186,0.0,5.225488151336015,0.0,4.957333333333333,0.0,5.95,10.907333333333334,9.165826330532214,0.3306776690366373,0.0,-0.3306776690366373,110.129650189961,3330.4866551129226,3043.5370408760527,charge,29.954899446801836,2026-08-07
2026-08-07 09:50:00,VIC1,55.04088,0.05504088,62.705857816032186,0.0,5.225488151336015,0.0,4.957333333333333,0.0,10.907333333333334,15.864666666666665,13.331652661064425,0.28761546627910745,0.0,-0.28761546627910745,109.84203472368189,3335.7121432642584,3043.5370408760527,charge,29.954899446801836,2026-08-07
2026-08-07 09:55:00,VIC1,48.71609,0.048716090000000004,62.705857816032186,0.0,5.225488151336015,0.0,4.957333333333333,0.0,15.864666666666665,20.821999999999996,17.497478991596633,0.25456535107441897,0.0,-0.25456535107441897,109.58746937260747,3340.9376314155943,3043.5370408760527,charge,29.954899446801836,2026-08-07
2026-08-07 10:00:00,VIC1,42.37667,0.04237667,62.705857816032186,0.0,5.225488151336015,0.0,4.957333333333333,0.0,20.821999999999996,25.77933333333333,21.66330532212885,0.22143878697807637,0.0,-0.22143878697807637,109.3660305856294,3346.16311956693,3043.5370408760527,charge,29.954899446801836,2026-08-07
2026-08-07 10:05:00,VIC1,86.67,0.08667,0.0,69.0,0.0,5.75,0.0,6.061032181989394,25.77933333333333,19.718301151343937,16.570000967515913,0.0,0.4983525,0.4983525,109.8643830856294,3346.16311956693,3049.2870408760527,discharge,30.011491717408646,2026-08-07
2026-08-07 10:10:00,VIC1,94.13689,0.09413689,0.0,69.0,0.0,5.75,0.0,6.061032181989394,19.718301151343937,13.657268969354543,11.476696612902977,0.0,0.5412871175,0.5412871175,110.4056702031294,3346.16311956693,3055.0370408760527,discharge,30.06808398801546,2026-08-07
2026-08-07 10:15:00,VIC1,86.8,0.0868,0.0,69.0,0.0,5.75,0.0,6.061032181989394,13.657268969354543,7.596236787365149,6.383392258290041,0.0,0.4991,0.4991,110.9047702031294,3346.16311956693,3060.7870408760527,discharge,30.12467625862227,2026-08-07
2026-08-07 10:20:00,VIC1,42.74213,0.04274213,62.705857816032186,0.0,5.225488151336015,0.0,4.957333333333333,0.0,7.596236787365149,12.553570120698481,10.549218588822253,0.22334849387786365,0.0,-0.22334849387786365,110.68142170925154,3351.388607718266,3060.7870408760527,charge,30.12467625862227,2026-08-07
2026-08-07 10:25:00,VIC1,42.0,0.042,62.705857816032186,0.0,5.225488151336015,0.0,4.957333333333333,0.0,12.553570120698481,17.510903454031816,14.715044919354467,0.21947050235611265,0.0,-0.21947050235611265,110.46195120689542,3356.614095869602,3060.7870408760527,charge,30.12467625862227,2026-08-07
2026-08-07 10:30:00,VIC1,42.0,0.042,62.705857816032186,0.0,5.225488151336015,0.0,4.957333333333333,0.0,17.510903454031816,22.46823678736515,18.88087124988668,0.21947050235611265,0.0,-0.21947050235611265,110.2424807045393,3361.8395840209378,3060.7870408760527,charge,30.12467625862227,2026-08-07
2026-08-07 10:35:00,VIC1,64.0,0.064,62.705857816032186,0.0,5.225488151336015,0.0,4.957333333333333,0.0,22.46823678736515,27.42557012069848,23.046697580418893,0.334431241685505,0.0,-0.334431241685505,109.9080494628538,3367.0650721722736,3060.7870408760527,charge,30.12467625862227,2026-08-07
2026-08-07 10:40:00,VIC1,69.7922,0.0697922,0.0,0.0,0.0,0.0,0.0,0.0,27.42557012069848,27.42557012069848,23.046697580418893,0.0,0.0,0.0,109.9080494628538,3367.0650721722736,3060.7870408760527,idle,30.12467625862227,2026-08-07
2026-08-07 10:45:00,VIC1,89.0,0.089,0.0,69.0,0.0,5.75,0.0,6.061032181989394,27.42557012069848,21.364537938709088,17.953393225805954,0.0,0.5117499999999999,0.5117499999999999,110.4197994628538,3367.0650721722736,3066.5370408760527,discharge,30.181268529229083,2026-08-07
2026-08-07 10:50:00,VIC1,75.93877,0.07593877,0.0,69.0,0.0,5.75,0.0,6.061032181989394,21.364537938709088,15.303505756719694,12.860088871193021,0.0,0.43664792750000003,0.43664792750000003,110.85644739035381,3367.0650721722736,3072.2870408760527,discharge,30.237860799835893,2026-08-07
2026-08-07 10:55:00,VIC1,72.14311,0.07214311,0.0,24.91744830986061,0.0,2.0764540258217172,0.0,2.188774726074237,15.303505756719694,13.114731030645457,11.02078237869366,0.0,0.14980185119479897,0.14980185119479897,111.0062492415486,3367.0650721722736,3074.3634949018747,discharge,30.258297538641443,2026-08-07
2026-08-07 11:00:00,VIC1,44.93791,0.044937910000000005,62.705857816032186,0.0,5.225488151336015,0.0,4.957333333333333,0.0,13.114731030645457,18.07206436397879,15.186608709225874,0.23482251625080425,0.0,-0.23482251625080425,110.7714267252978,3372.2905603236095,3074.3634949018747,charge,30.258297538641443,2026-08-07
2026-08-07 11:05:00,VIC1,77.02,0.07701999999999999,0.0,69.0,0.0,5.75,0.0,6.061032181989394,18.07206436397879,12.011032181989394,10.093304354612936,0.0,0.44286499999999995,0.44286499999999995,111.2142917252978,3372.2905603236095,3080.1134949018747,discharge,30.314889809248253,2026-08-07
2026-08-07 11:10:00,VIC1,89.0,0.089,0.0,69.0,0.0,5.75,0.0,6.061032181989394,12.011032181989394,5.95,5.0,0.0,0.5117499999999999,0.5117499999999999,111.7260417252978,3372.2905603236095,3085.8634949018747,discharge,30.371482079855067,2026-08-07
2026-08-07 11:15:00,VIC1,54.14999,0.05414999,62.705857816032186,0.0,5.225488151336015,0.0,4.957333333333333,0.0,5.95,10.907333333333334,9.165826330532214,0.2829601311399637,0.0,-0.2829601311399637,111.44308159415785,3377.5160484749454,3085.8634949018747,charge,30.371482079855067,2026-08-07
2026-08-07 11:20:00,VIC1,67.6594,0.06765940000000001,0.0,56.43527203442897,0.0,4.702939336202414,0.0,4.957333333333334,10.907333333333334,5.95,5.0,0.0,0.3181980537238537,0.3181980537238537,111.7612796478817,3377.5160484749454,3090.566434238077,discharge,30.4177690390832,2026-08-07
2026-08-07 11:25:00,VIC1,44.12617,0.044126170000000006,62.705857816032186,0.0,5.225488151336015,0.0,4.957333333333333,0.0,5.95,10.907333333333334,9.165826330532214,0.23058077849883876,0.0,-0.23058077849883876,111.53069886938286,3382.7415366262812,3090.566434238077,charge,30.4177690390832,2026-08-07
2026-08-07 11:30:00,VIC1,45.24,0.04524,62.705857816032186,0.0,5.225488151336015,0.0,4.957333333333333,0.0,10.907333333333334,15.864666666666665,13.331652661064425,0.23640108396644133,0.0,-0.23640108396644133,111.29429778541642,3387.967024777617,3090.566434238077,charge,30.4177690390832,2026-08-07
2026-08-07 11:35:00,VIC1,50.94,0.05094,0.0,31.305816103286862,0.0,2.6088180086072383,0.0,2.7499356360212097,15.864666666666665,13.114731030645455,11.02078237869366,0.0,0.1328931893584527,0.1328931893584527,111.42719097477487,3387.967024777617,3093.175252246684,discharge,30.44344537555399,2026-08-07
2026-08-07 11:40:00,VIC1,52.0228,0.0520228,0.0,69.0,0.0,5.75,0.0,6.061032181989394,13.114731030645455,7.053698848656062,5.927478024080724,0.0,0.2991311,0.2991311,111.72632207477487,3387.967024777617,3098.925252246684,discharge,30.5000376461608,2026-08-07
2026-08-07 11:45:00,VIC1,45.24,0.04524,62.705857816032186,0.0,5.225488151336015,0.0,4.957333333333333,0.0,7.053698848656062,12.011032181989394,10.093304354612936,0.23640108396644133,0.0,-0.23640108396644133,111.48992099080843,3393.192512928953,3098.925252246684,charge,30.5000376461608,2026-08-07
2026-08-07 11:50:00,VIC1,52.63964,0.05263964,0.0,69.0,0.0,5.75,0.0,6.061032181989394,12.011032181989394,5.95,5.0,0.0,0.30267793,0.30267793,111.79259892080843,3393.192512928953,3104.675252246684,discharge,30.556629916767612,2026-08-07
2026-08-07 11:55:00,VIC1,35.94002,0.035940019999999996,13.96080885063449,0.0,1.163400737552874,0.0,1.1036988486560608,0.0,5.95,7.053698848656062,5.927478024080724,0.04181264577566504,0.0,-0.04181264577566504,111.75078627503277,3394.355913666506,3104.675252246684,charge,30.556629916767612,2026-08-07
2026-08-07 12:00:00,VIC1,30.21,0.03021,62.705857816032186,0.0,5.225488151336015,0.0,4.957333333333333,0.0,7.053698848656062,12.011032181989394,10.093304354612936,0.15786199705186102,0.0,-0.15786199705186102,111.5929242779809,3399.5814018178417,3104.675252246684,charge,30.556629916767612,2026-08-07
2026-08-07 12:05:00,VIC1,45.24,0.04524,0.0,69.0,0.0,5.75,0.0,6.061032181989394,12.011032181989394,5.95,5.0,0.0,0.26013000000000003,0.26013000000000003,111.8530542779809,3399.5814018178417,3110.425252246684,discharge,30.613222187374422,2026-08-07
2026-08-07 12:10:00,VIC1,30.21,0.03021,0.0,-0.0,0.0,-0.0,0.0,-0.0,5.95,5.95,5.0,0.0,-0.0,-0.0,111.8530542779809,3399.5814018178417,3110.425252246684,idle,30.613222187374422,2026-08-07
2026-08-07 12:15:00,VIC1,13.09346,0.013093460000000001,62.705857816032186,0.0,5.225488151336015,0.0,4.957333333333333,0.0,5.95,10.907333333333334,9.165826330532214,0.06841972008999207,0.0,-0.06841972008999207,111.78463455789091,3404.8068899691775,3110.425252246684,charge,30.613222187374422,2026-08-07
2026-08-07 12:20:00,VIC1,26.39,0.02639,0.0,0.0,0.0,0.0,0.0,0.0,10.907333333333334,10.907333333333334,9.165826330532214,0.0,0.0,0.0,111.78463455789091,3404.8068899691775,3110.425252246684,idle,30.613222187374422,2026-08-07
2026-08-07 12:25:00,VIC1,26.42,0.026420000000000003,0.0,56.43527203442897,0.0,4.702939336202414,0.0,4.957333333333334,10.907333333333334,5.95,5.0,0.0,0.1242516572624678,0.1242516572624678,111.90888621515337,3404.8068899691775,3115.1281915828863,discharge,30.659509146602556,2026-08-07
2026-08-07 12:30:00,VIC1,26.42,0.026420000000000003,0.0,-0.0,0.0,-0.0,0.0,-0.0,5.95,5.95,5.0,0.0,-0.0,-0.0,111.90888621515337,3404.8068899691775,3115.1281915828863,idle,30.659509146602556,2026-08-07
2026-08-07 12:35:00,VIC1,26.42,0.026420000000000003,0.0,-0.0,0.0,-0.0,0.0,-0.0,5.95,5.95,5.0,0.0,-0.0,-0.0,111.90888621515337,3404.8068899691775,3115.1281915828863,idle,30.659509146602556,2026-08-07
2026-08-07 12:40:00,VIC1,26.42,0.026420000000000003,0.0,-0.0,0.0,-0.0,0.0,-0.0,5.95,5.95,5.0,0.0,-0.0,-0.0,111.90888621515337,3404.8068899691775,3115.1281915828863,idle,30.659509146602556,2026-08-07
2026-08-07 12:45:00,VIC1,10.65006,0.01065006,13.9608088506345,0.0,1.163400737552875,0.0,1.1036988486560617,0.0,5.95,7.053698848656062,5.927478024080724,0.01239028765898237,0.0,-0.01239028765898237,111.89649592749439,3405.9702907067303,3115.1281915828863,charge,30.659509146602556,2026-08-07
2026-08-07 12:50:00,VIC1,10.5,0.0105,62.705857816032186,0.0,5.225488151336015,0.0,4.957333333333333,0.0,7.053698848656062,12.011032181989394,10.093304354612936,0.05486762558902816,0.0,-0.05486762558902816,111.84162830190536,3411.195778858066,3115.1281915828863,charge,30.659509146602556,2026-08-07
2026-08-07 12:55:00,VIC1,23.75083,0.02375083,0.0,69.0,0.0,5.75,0.0,6.061032181989394,12.011032181989394,5.95,5.0,0.0,0.1365672725,0.1365672725,111.97819557440536,3411.195778858066,3120.8781915828863,discharge,30.71610141720937,2026-08-07
2026-08-07 13:00:00,VIC1,-0.1,-0.0001,62.705857816032186,0.0,5.225488151336015,0.0,4.957333333333333,0.0,5.95,10.907333333333332,9.165826330532212,-0.0005225488151336015,-0.0,0.0005225488151336015,111.97871812322049,3416.421267009402,3120.8781915828863,charge,30.71610141720937,2026-08-07
2026-08-07 13:05:00,VIC1,-2e-05,-2e-08,62.705857816032186,0.0,5.225488151336015,0.0,4.957333333333333,0.0,10.907333333333332,15.864666666666665,13.331652661064425,-1.045097630267203e-07,-0.0,1.045097630267203e-07,111.97871822773025,3421.646755160738,3120.8781915828863,charge,30.71610141720937,2026-08-07
2026-08-07 13:10:00,VIC1,8.81,0.00881,0.0,69.0,0.0,5.75,0.0,6.061032181989394,15.864666666666665,9.803634484677271,8.238348306451488,0.0,0.0506575,0.0506575,112.02937572773025,3421.646755160738,3126.6281915828863,discharge,30.77269368781618,2026-08-07
2026-08-07 13:15:00,VIC1,-0.1,-0.0001,62.705857816032186,0.0,5.225488151336015,0.0,4.957333333333333,0.0,9.803634484677271,14.760967818010604,12.4041746369837,-0.0005225488151336015,-0.0,0.0005225488151336015,112.02989827654538,3426.872243312074,3126.6281915828863,charge,30.77269368781618,2026-08-07
2026-08-07 13:20:00,VIC1,0.01,1e-05,62.705857816032186,0.0,5.225488151336015,0.0,4.957333333333333,0.0,14.760967818010604,19.718301151343937,16.570000967515913,5.2254881513360155e-05,0.0,-5.2254881513360155e-05,112.02984602166387,3432.0977314634097,3126.6281915828863,charge,30.77269368781618,2026-08-07
2026-08-07 13:25:00,VIC1,26.42,0.026420000000000003,0.0,69.0,0.0,5.75,0.0,6.061032181989394,19.718301151343937,13.657268969354543,11.476696612902977,0.0,0.15191500000000002,0.15191500000000002,112.18176102166387,3432.0977314634097,3132.3781915828863,discharge,30.829285958422993,2026-08-07
2026-08-07 13:30:00,VIC1,0.43,0.00043,62.705857816032186,0.0,5.225488151336015,0.0,4.957333333333333,0.0,13.657268969354543,18.614602302687878,15.642522943435191,0.0022469599050744865,0.0,-0.0022469599050744865,112.1795140617588,3437.3232196147455,3132.3781915828863,charge,30.829285958422993,2026-08-07
2026-08-07 13:35:00,VIC1,0.50031,0.00050031,62.705857816032186,0.0,5.225488151336015,0.0,4.957333333333333,0.0,18.614602302687878,23.57193563602121,19.8083492739674,0.002614363976994922,0.0,-0.002614363976994922,112.1768996977818,3442.5487077660814,3132.3781915828863,charge,30.829285958422993,2026-08-07
2026-08-07 13:40:00,VIC1,5.08,0.00508,62.705857816032186,0.0,5.225488151336015,0.0,4.957333333333333,0.0,23.57193563602121,28.52926896935454,23.974175604499614,0.026545479808786958,0.0,-0.026545479808786958,112.15035421797302,3447.7741959174173,3132.3781915828863,charge,30.829285958422993,2026-08-07
2026-08-07 13:45:00,VIC1,-5.37076,-0.00537076,62.705857816032186,0.0,5.225488151336015,0.0,4.957333333333333,0.0,28.52926896935454,33.48660230268787,28.140001935031822,-0.028064842743669414,-0.0,0.028064842743669414,112.17841906071669,3452.999684068753,3132.3781915828863,charge,30.829285958422993,2026-08-07
2026-08-07 13:50:00,VIC1,0.0,0.0,62.70585781603217,0.0,5.225488151336014,0.0,4.957333333333332,0.0,33.48660230268787,38.4439356360212,32.30582826556404,0.0,0.0,0.0,112.17841906071669,3458.225172220089,3132.3781915828863,charge,30.829285958422993,2026-08-07
2026-08-07 13:55:00,VIC1,-4.67,-0.00467,62.705857816032186,0.0,5.225488151336015,0.0,4.957333333333333,0.0,38.4439356360212,43.40126896935455,36.47165459609626,-0.024403029666739188,-0.0,0.024403029666739188,112.20282209038344,3463.450660371425,3132.3781915828863,charge,30.829285958422993,2026-08-07
2026-08-07 14:00:00,VIC1,-4.85502,-0.00485502,62.705857816032186,0.0,5.225488151336015,0.0,4.957333333333333,0.0,43.40126896935455,48.35860230268788,40.63748092662847,-0.025369849484499378,-0.0,0.025369849484499378,112.22819193986794,3468.6761485227607,3132.3781915828863,charge,30.829285958422993,2026-08-07
2026-08-07 14:05:00,VIC1,-3.56434,-0.00356434,62.705857816032186,0.0,5.225488151336015,0.0,4.957333333333333,0.0,48.35860230268788,53.31593563602121,44.80330725716068,-0.018625416437333012,-0.0,0.018625416437333012,112.24681735630527,3473.9016366740966,3132.3781915828863,charge,30.829285958422993,2026-08-07
2026-08-07 14:10:00,VIC1,-2.61518,-0.00261518,62.705857816032186,0.0,5.225488151336015,0.0,4.957333333333333,0.0,53.31593563602121,58.27326896935454,48.969133587692895,-0.01366559210361092,-0.0,0.01366559210361092,112.26048294840888,3479.1271248254325,3132.3781915828863,charge,30.829285958422993,2026-08-07
2026-08-07 14:15:00,VIC1,-3.70292,-0.00370292,62.705857816032186,0.0,5.225488151336015,0.0,4.957333333333333,0.0,58.27326896935454,63.23060230268787,53.1349599182251,-0.019349564585345157,-0.0,0.019349564585345157,112.27983251299422,3484.3526129767683,3132.3781915828863,charge,30.829285958422993,2026-08-07
2026-08-07 14:20:00,VIC1,-0.1,-0.0001,62.705857816032186,0.0,5.225488151336015,0.0,4.957333333333333,0.0,63.23060230268787,68.18793563602121,57.30078624875732,-0.0005225488151336015,-0.0,0.0005225488151336015,112.28035506180935,3489.578101128104,3132.3781915828863,charge,30.829285958422993,2026-08-07
2026-08-07 14:25:00,VIC1,0.0,0.0,62.705857816032186,0.0,5.225488151336015,0.0,4.957333333333333,0.0,68.18793563602121,73.14526896935455,61.46661257928954,0.0,0.0,0.0,112.28035506180935,3494.80358927944,3132.3781915828863,charge,30.829285958422993,2026-08-07
2026-08-07 14:30:00,VIC1,0.0,0.0,62.705857816032186,0.0,5.225488151336015,0.0,4.957333333333333,0.0,73.14526896935455,78.10260230268787,65.63243890982174,0.0,0.0,0.0,112.28035506180935,3500.029077430776,3132.3781915828863,charge,30.829285958422993,2026-08-07
2026-08-07 14:35:00,VIC1,5e-05,5.0000000000000004e-08,62.705857816032186,0.0,5.225488151336015,0.0,4.957333333333333,0.0,78.10260230268787,83.05993563602121,69.79826524035396,2.612744075668008e-07,0.0,-2.612744075668008e-07,112.28035480053494,3505.254565582112,3132.3781915828863,charge,30.829285958422993,2026-08-07
2026-08-07 14:40:00,VIC1,5.12944,0.00512944,3.1124953646944813,0.0,0.25937461372454007,0.0,0.24606436397877474,0.0,83.05993563602121,83.30599999999998,70.00504201680671,0.0013304465186232048,0.0,-0.0013304465186232048,112.27902435401631,3505.5139401958363,3132.3781915828863,charge,30.829285958422993,2026-08-07
2026-08-07 14:45:00,VIC1,5.114,0.005114,62.705857816032186,0.0,5.225488151336015,0.0,4.957333333333333,0.0,83.30599999999998,88.26333333333332,74.17086834733892,0.02672314640593238,0.0,-0.02672314640593238,112.25230120761039,3510.739428347172,3132.3781915828863,charge,30.829285958422993,2026-08-07
2026-08-07 14:50:00,VIC1,5.06746,0.005067459999999999,62.705857816032186,0.0,5.225488151336015,0.0,4.957333333333333,0.0,88.26333333333332,93.22066666666666,78.33669467787115,0.0264799521873692,0.0,-0.0264799521873692,112.22582125542301,3515.964916498508,3132.3781915828863,charge,30.829285958422993,2026-08-07
2026-08-07 14:55:00,VIC1,0.01,1e-05,62.705857816032186,0.0,5.225488151336015,0.0,4.957333333333333,0.0,93.22066666666666,98.17799999999998,82.50252100840335,5.2254881513360155e-05,0.0,-5.2254881513360155e-05,112.2257690005415,3521.190404649844,3132.3781915828863,charge,30.829285958422993,2026-08-07
2026-08-07 15:00:00,VIC1,1.21754,0.00121754,62.705857816032186,0.0,5.225488151336015,0.0,4.957333333333333,0.0,98.17799999999998,103.13533333333332,86.66834733893556,0.006362240843777652,0.0,-0.006362240843777652,112.21940675969773,3526.41589280118,3132.3781915828863,charge,30.829285958422993,2026-08-07
2026-08-07 15:05:00,VIC1,5.06837,0.00506837,62.705857816032186,0.0,5.225488151336015,0.0,4.957333333333333,0.0,103.13533333333332,108.09266666666666,90.83417366946777,0.026484707381586918,0.0,-0.026484707381586918,112.19292205231615,3531.6413809525156,3132.3781915828863,charge,30.829285958422993,2026-08-07
2026-08-07 15:10:00,VIC1,5.08007,0.00508007,62.705857816032186,0.0,5.225488151336015,0.0,4.957333333333333,0.0,108.09266666666666,113.05,95.0,0.02654584559295755,0.0,-0.02654584559295755,112.16637620672319,3536.8668691038515,3132.3781915828863,charge,30.829285958422993,2026-08-07
2026-08-07 15:15:00,VIC1,10.5,0.0105,0.0,0.0,0.0,0.0,0.0,0.0,113.05,113.05,95.0,0.0,0.0,0.0,112.16637620672319,3536.8668691038515,3132.3781915828863,idle,30.829285958422993,2026-08-07
2026-08-07 15:20:00,VIC1,10.5,0.0105,0.0,0.0,0.0,0.0,0.0,0.0,113.05,113.05,95.0,0.0,0.0,0.0,112.16637620672319,3536.8668691038515,3132.3781915828863,idle,30.829285958422993,2026-08-07
2026-08-07 15:25:00,VIC1,10.65006,0.01065006,0.0,56.43527203442902,0.0,4.702939336202418,0.0,4.957333333333338,113.05,108.09266666666666,90.83417366946777,0.0,0.050086586106915916,0.050086586106915916,112.2164627928301,3536.8668691038515,3137.0811309190885,discharge,30.875572917651127,2026-08-07
2026-08-07 15:30:00,VIC1,10.5,0.0105,0.0,0.0,0.0,0.0,0.0,0.0,108.09266666666666,108.09266666666666,90.83417366946777,0.0,0.0,0.0,112.2164627928301,3536.8668691038515,3137.0811309190885,idle,30.875572917651127,2026-08-07
2026-08-07 15:35:00,VIC1,8.95994,0.00895994,62.705857816032186,0.0,5.225488151336015,0.0,4.957333333333333,0.0,108.09266666666666,113.05,95.0,0.046820060306681614,0.0,-0.046820060306681614,112.16964273252341,3542.0923572551874,3137.0811309190885,charge,30.875572917651127,2026-08-07
2026-08-07 15:40:00,VIC1,10.5,0.0105,0.0,0.0,0.0,0.0,0.0,0.0,113.05,113.05,95.0,0.0,0.0,0.0,112.16964273252341,3542.0923572551874,3137.0811309190885,idle,30.875572917651127,2026-08-07
2026-08-07 15:45:00,VIC1,36.83,0.03683,0.0,56.43527203442902,0.0,4.702939336202418,0.0,4.957333333333338,113.05,108.09266666666666,90.83417366946777,0.0,0.17320925575233506,0.17320925575233506,112.34285198827575,3542.0923572551874,3141.7840702552908,discharge,30.92185987687926,2026-08-07
2026-08-07 15:50:00,VIC1,20.72533,0.02072533,62.705857816032186,0.0,5.225488151336015,0.0,4.957333333333333,0.0,108.09266666666666,113.05,95.0,0.10829996634752885,0.0,-0.10829996634752885,112.23455202192822,3547.3178454065232,3141.7840702552908,charge,30.92185987687926,2026-08-07
2026-08-07 15:55:00,VIC1,41.88446,0.04188446,0.0,0.0,0.0,0.0,0.0,0.0,113.05,113.05,95.0,0.0,0.0,0.0,112.23455202192822,3547.3178454065232,3141.7840702552908,idle,30.92185987687926,2026-08-07
2026-08-07 16:00:00,VIC1,42.16009,0.04216009,0.0,56.43527203442902,0.0,4.702939336202418,0.0,4.957333333333338,113.05,108.09266666666666,90.83417366946777,0.0,0.19827634567883418,0.19827634567883418,112.43282836760706,3547.3178454065232,3146.487009591493,discharge,30.968146836107397,2026-08-07
2026-08-07 16:05:00,VIC1,26.18743,0.02618743,62.705857816032186,0.0,5.225488151336015,0.0,4.957333333333333,0.0,108.09266666666666,113.05,95.0,0.1368421051789413,0.0,-0.1368421051789413,112.29598626242812,3552.543333557859,3146.487009591493,charge,30.968146836107397,2026-08-07
2026-08-07 16:10:00,VIC1,59.04328,0.059043280000000004,-0.0,0.0,-0.0,0.0,-0.0,0.0,113.05,113.05,95.0,-0.0,0.0,0.0,112.29598626242812,3552.543333557859,3146.487009591493,idle,30.968146836107397,2026-08-07
2026-08-07 16:15:00,VIC1,94.37999,0.09437999000000001,0.0,-0.0,0.0,-0.0,0.0,-0.0,113.05,113.05,95.0,0.0,-0.0,-0.0,112.29598626242812,3552.543333557859,3146.487009591493,idle,30.968146836107397,2026-08-07
2026-08-07 16:20:00,VIC1,102.59006,0.10259006,-0.0,0.0,-0.0,0.0,-0.0,0.0,113.05,113.05,95.0,-0.0,0.0,0.0,112.29598626242812,3552.543333557859,3146.487009591493,idle,30.968146836107397,2026-08-07
2026-08-07 16:25:00,VIC1,113.39884,0.11339884000000001,0.0,0.0,0.0,0.0,0.0,0.0,113.05,113.05,95.0,0.0,0.0,0.0,112.29598626242812,3552.543333557859,3146.487009591493,idle,30.968146836107397,2026-08-07
2026-08-07 16:30:00,VIC1,131.79391,0.13179391000000001,0.0,69.0,0.0,5.75,0.0,6.061032181989394,113.05,106.98896781801061,89.90669564538707,0.0,0.7578149825000001,0.7578149825000001,113.05380124492811,3552.543333557859,3152.237009591493,discharge,31.024739106714208,2026-08-07
2026-08-07 16:35:00,VIC1,109.0,0.109,0.0,0.0,0.0,0.0,0.0,0.0,106.98896781801061,106.98896781801061,89.90669564538707,0.0,0.0,0.0,113.05380124492811,3552.543333557859,3152.237009591493,idle,31.024739106714208,2026-08-07
2026-08-07 16:40:00,VIC1,109.0,0.109,0.0,0.0,0.0,0.0,0.0,0.0,106.98896781801061,106.98896781801061,89.90669564538707,0.0,0.0,0.0,113.05380124492811,3552.543333557859,3152.237009591493,idle,31.024739106714208,2026-08-07
2026-08-07 16:45:00,VIC1,109.0,0.109,0.0,0.0,0.0,0.0,0.0,0.0,106.98896781801061,106.98896781801061,89.90669564538707,0.0,0.0,0.0,113.05380124492811,3552.543333557859,3152.237009591493,idle,31.024739106714208,2026-08-07
2026-08-07 16:50:00,VIC1,115.0,0.115,0.0,69.0,0.0,5.75,0.0,6.061032181989394,106.98896781801061,100.92793563602122,84.81339129077413,0.0,0.66125,0.66125,113.7150512449281,3552.543333557859,3157.987009591493,discharge,31.08133137732102,2026-08-07
2026-08-07 16:55:00,VIC1,123.51773,0.12351773,0.0,69.0,0.0,5.75,0.0,6.061032181989394,100.92793563602122,94.86690345403183,79.72008693616121,0.0,0.7102269475,0.7102269475,114.42527819242811,3552.543333557859,3163.737009591493,discharge,31.13792364792783,2026-08-07
2026-08-07 17:00:00,VIC1,119.6847,0.1196847,0.0,69.0,0.0,5.75,0.0,6.061032181989394,94.86690345403183,88.80587127204244,74.62678258154827,0.0,0.6881870250000001,0.6881870250000001,115.11346521742811,3552.543333557859,3169.487009591493,discharge,31.19451591853464,2026-08-07
2026-08-07 17:05:00,VIC1,113.73508,0.11373508,0.0,0.0,0.0,0.0,0.0,0.0,88.80587127204244,88.80587127204244,74.62678258154827,0.0,0.0,0.0,115.11346521742811,3552.543333557859,3169.487009591493,idle,31.19451591853464,2026-08-07
2026-08-07 17:10:00,VIC1,115.75734,0.11575734,0.0,69.0,0.0,5.75,0.0,6.061032181989394,88.80587127204244,82.74483909005305,69.53347822693533,0.0,0.665604705,0.665604705,115.77906992242812,3552.543333557859,3175.237009591493,discharge,31.251108189141455,2026-08-07
2026-08-07 17:15:00,VIC1,105.88,0.10588,0.0,0.0,0.0,0.0,0.0,0.0,82.74483909005305,82.74483909005305,69.53347822693533,0.0,0.0,0.0,115.77906992242812,3552.543333557859,3175.237009591493,idle,31.251108189141455,2026-08-07
2026-08-07 17:20:00,VIC1,120.36884,0.12036884,0.0,69.0,0.0,5.75,0.0,6.061032181989394,82.74483909005305,76.68380690806366,64.4401738723224,0.0,0.69212083,0.69212083,116.47119075242811,3552.543333557859,3180.987009591493,discharge,31.307700459748265,2026-08-07
2026-08-07 17:25:00,VIC1,121.40242,0.12140242000000001,0.0,69.0,0.0,5.75,0.0,6.061032181989394,76.68380690806366,70.62277472607427,59.346869517709465,0.0,0.6980639150000001,0.6980639150000001,117.16925466742812,3552.543333557859,3186.737009591493,discharge,31.36429273035508,2026-08-07
2026-08-07 17:30:00,VIC1,133.48,0.13348,0.0,69.0,0.0,5.75,0.0,6.061032181989394,70.62277472607427,64.56174254408488,54.25356516309654,0.0,0.7675099999999999,0.7675099999999999,117.93676466742812,3552.543333557859,3192.487009591493,discharge,31.42088500096189,2026-08-07
2026-08-07 17:35:00,VIC1,124.77661,0.12477661000000001,0.0,69.0,0.0,5.75,0.0,6.061032181989394,64.56174254408488,58.50071036209548,49.1602608084836,0.0,0.7174655075,0.7174655075,118.65423017492812,3552.543333557859,3198.237009591493,discharge,31.4774772715687,2026-08-07
2026-08-07 17:40:00,VIC1,115.0,0.115,0.0,46.24777465452047,0.0,3.853981221210039,0.0,4.062452906180319,58.50071036209548,54.43825745591516,45.7464348369035,0.0,0.4432078404391545,0.4432078404391545,119.09743801536727,3552.543333557859,3202.0909908127032,discharge,31.51540867125292,2026-08-07
2026-08-07 17:45:00,VIC1,148.07478,0.14807478000000002,0.0,69.0,0.0,5.75,0.0,6.061032181989394,54.43825745591516,48.37722527392577,40.653130482290564,0.0,0.8514299850000001,0.8514299850000001,119.94886800036727,3552.543333557859,3207.8409908127032,discharge,31.572000941859734,2026-08-07
2026-08-07 17:50:00,VIC1,147.0,0.147,0.0,69.0,0.0,5.75,0.0,6.061032181989394,48.37722527392577,42.31619309193637,35.559826127677624,0.0,0.84525,0.84525,120.79411800036726,3552.543333557859,3213.5909908127032,discharge,31.628593212466544,2026-08-07
2026-08-07 17:55:00,VIC1,122.58245,0.12258245,0.0,69.0,0.0,5.75,0.0,6.061032181989394,42.31619309193637,36.25516090994697,30.46652177306468,0.0,0.7048490875,0.7048490875,121.49896708786726,3552.543333557859,3219.3409908127032,discharge,31.685185483073354,2026-08-07
2026-08-07 18:00:00,VIC1,133.48,0.13348,0.0,69.0,0.0,5.75,0.0,6.061032181989394,36.25516090994697,30.194128727957576,25.373217418451745,0.0,0.7675099999999999,0.7675099999999999,122.26647708786726,3552.543333557859,3225.0909908127032,discharge,31.741777753680168,2026-08-07
2026-08-07 18:05:00,VIC1,147.0,0.147,0.0,69.0,0.0,5.75,0.0,6.061032181989394,30.194128727957576,24.133096545968183,20.27991306383881,0.0,0.84525,0.84525,123.11172708786725,3552.543333557859,3230.8409908127032,discharge,31.798370024286978,2026-08-07
2026-08-07 18:10:00,VIC1,132.58363,0.13258363,0.0,69.0,0.0,5.75,0.0,6.061032181989394,24.133096545968183,18.07206436397879,15.186608709225874,0.0,0.7623558725,0.7623558725,123.87408296036725,3552.543333557859,3236.5909908127032,discharge,31.85496229489379,2026-08-07
2026-08-07 18:15:00,VIC1,111.62588,0.11162588,0.0,0.0,0.0,0.0,0.0,0.0,18.07206436397879,18.07206436397879,15.186608709225874,0.0,0.0,0.0,123.87408296036725,3552.543333557859,3236.5909908127032,idle,31.85496229489379,2026-08-07
2026-08-07 18:20:00,VIC1,112.20178,0.11220178,0.0,0.0,0.0,0.0,0.0,0.0,18.07206436397879,18.07206436397879,15.186608709225874,0.0,0.0,0.0,123.87408296036725,3552.543333557859,3236.5909908127032,idle,31.85496229489379,2026-08-07
2026-08-07 18:25:00,VIC1,133.54405,0.13354405,0.0,69.0,0.0,5.75,0.0,6.061032181989394,18.07206436397879,12.011032181989394,10.093304354612936,0.0,0.7678782875,0.7678782875,124.64196124786724,3552.543333557859,3242.3409908127032,discharge,31.9115545655006,2026-08-07
2026-08-07 18:30:00,VIC1,119.52485,0.11952485,0.0,69.0,0.0,5.75,0.0,6.061032181989394,12.011032181989394,5.95,5.0,0.0,0.6872678875,0.6872678875,125.32922913536724,3552.543333557859,3248.0909908127032,discharge,31.96814683610741,2026-08-07
2026-08-07 18:35:00,VIC1,114.0622,0.1140622,0.0,0.0,0.0,0.0,0.0,0.0,5.95,5.95,5.0,0.0,0.0,0.0,125.32922913536724,3552.543333557859,3248.0909908127032,idle,31.96814683610741,2026-08-07
2026-08-07 18:40:00,VIC1,115.0,0.115,0.0,0.0,0.0,0.0,0.0,0.0,5.95,5.95,5.0,0.0,0.0,0.0,125.32922913536724,3552.543333557859,3248.0909908127032,idle,31.96814683610741,2026-08-07
2026-08-07 18:45:00,VIC1,105.88,0.10588,0.0,0.0,0.0,0.0,0.0,0.0,5.95,5.95,5.0,0.0,0.0,0.0,125.32922913536724,3552.543333557859,3248.0909908127032,idle,31.96814683610741,2026-08-07
2026-08-07 18:50:00,VIC1,105.88,0.10588,0.0,0.0,0.0,0.0,0.0,0.0,5.95,5.95,5.0,0.0,0.0,0.0,125.32922913536724,3552.543333557859,3248.0909908127032,idle,31.96814683610741,2026-08-07
2026-08-07 18:55:00,VIC1,110.9177,0.1109177,0.0,0.0,0.0,0.0,0.0,0.0,5.95,5.95,5.0,0.0,0.0,0.0,125.32922913536724,3552.543333557859,3248.0909908127032,idle,31.96814683610741,2026-08-07
2026-08-07 19:00:00,VIC1,106.30832,0.10630832,0.0,0.0,0.0,0.0,0.0,0.0,5.95,5.95,5.0,0.0,0.0,0.0,125.32922913536724,3552.543333557859,3248.0909908127032,idle,31.96814683610741,2026-08-07
2026-08-07 19:05:00,VIC1,106.31036,0.10631036,0.0,0.0,0.0,0.0,0.0,0.0,5.95,5.95,5.0,0.0,0.0,0.0,125.32922913536724,3552.543333557859,3248.0909908127032,idle,31.96814683610741,2026-08-07
2026-08-07 19:10:00,VIC1,105.88,0.10588,0.0,0.0,0.0,0.0,0.0,0.0,5.95,5.95,5.0,0.0,0.0,0.0,125.32922913536724,3552.543333557859,3248.0909908127032,idle,31.96814683610741,2026-08-07
2026-08-07 19:15:00,VIC1,105.88,0.10588,0.0,0.0,0.0,0.0,0.0,0.0,5.95,5.95,5.0,0.0,0.0,0.0,125.32922913536724,3552.543333557859,3248.0909908127032,idle,31.96814683610741,2026-08-07
2026-08-07 19:20:00,VIC1,105.88,0.10588,0.0,0.0,0.0,0.0,0.0,0.0,5.95,5.95,5.0,0.0,0.0,0.0,125.32922913536724,3552.543333557859,3248.0909908127032,idle,31.96814683610741,2026-08-07
2026-08-07 19:25:00,VIC1,105.88,0.10588,0.0,0.0,0.0,0.0,0.0,0.0,5.95,5.95,5.0,0.0,0.0,0.0,125.32922913536724,3552.543333557859,3248.0909908127032,idle,31.96814683610741,2026-08-07
2026-08-07 19:30:00,VIC1,103.83419,0.10383419,0.0,0.0,0.0,0.0,0.0,0.0,5.95,5.95,5.0,0.0,0.0,0.0,125.32922913536724,3552.543333557859,3248.0909908127032,idle,31.96814683610741,2026-08-07
2026-08-07 19:35:00,VIC1,109.0,0.109,0.0,0.0,0.0,0.0,0.0,0.0,5.95,5.95,5.0,0.0,0.0,0.0,125.32922913536724,3552.543333557859,3248.0909908127032,idle,31.96814683610741,2026-08-07
2026-08-07 19:40:00,VIC1,105.88,0.10588,0.0,0.0,0.0,0.0,0.0,0.0,5.95,5.95,5.0,0.0,0.0,0.0,125.32922913536724,3552.543333557859,3248.0909908127032,idle,31.96814683610741,2026-08-07
2026-08-07 19:45:00,VIC1,101.0534,0.1010534,0.0,0.0,0.0,0.0,0.0,0.0,5.95,5.95,5.0,0.0,0.0,0.0,125.32922913536724,3552.543333557859,3248.0909908127032,idle,31.96814683610741,2026-08-07
2026-08-07 19:50:00,VIC1,100.19522,0.10019522,0.0,0.0,0.0,0.0,0.0,0.0,5.95,5.95,5.0,0.0,0.0,0.0,125.32922913536724,3552.543333557859,3248.0909908127032,idle,31.96814683610741,2026-08-07
2026-08-07 19:55:00,VIC1,109.0,0.109,0.0,0.0,0.0,0.0,0.0,0.0,5.95,5.95,5.0,0.0,0.0,0.0,125.32922913536724,3552.543333557859,3248.0909908127032,idle,31.96814683610741,2026-08-07
2026-08-07 20:00:00,VIC1,109.0,0.109,0.0,0.0,0.0,0.0,0.0,0.0,5.95,5.95,5.0,0.0,0.0,0.0,125.32922913536724,3552.543333557859,3248.0909908127032,idle,31.96814683610741,2026-08-07
2026-08-07 20:05:00,VIC1,107.68,0.10768000000000001,0.0,0.0,0.0,0.0,0.0,0.0,5.95,5.95,5.0,0.0,0.0,0.0,125.32922913536724,3552.543333557859,3248.0909908127032,idle,31.96814683610741,2026-08-07
2026-08-07 20:10:00,VIC1,107.68,0.10768000000000001,0.0,0.0,0.0,0.0,0.0,0.0,5.95,5.95,5.0,0.0,0.0,0.0,125.32922913536724,3552.543333557859,3248.0909908127032,idle,31.96814683610741,2026-08-07
2026-08-07 20:15:00,VIC1,105.10814,0.10510814,0.0,0.0,0.0,0.0,0.0,0.0,5.95,5.95,5.0,0.0,0.0,0.0,125.32922913536724,3552.543333557859,3248.0909908127032,idle,31.96814683610741,2026-08-07
2026-08-07 20:20:00,VIC1,102.82316,0.10282316,0.0,0.0,0.0,0.0,0.0,0.0,5.95,5.95,5.0,0.0,0.0,0.0,125.32922913536724,3552.543333557859,3248.0909908127032,idle,31.96814683610741,2026-08-07
2026-08-07 20:25:00,VIC1,106.23968,0.10623968,0.0,0.0,0.0,0.0,0.0,0.0,5.95,5.95,5.0,0.0,0.0,0.0,125.32922913536724,3552.543333557859,3248.0909908127032,idle,31.96814683610741,2026-08-07
2026-08-07 20:30:00,VIC1,105.88,0.10588,0.0,0.0,0.0,0.0,0.0,0.0,5.95,5.95,5.0,0.0,0.0,0.0,125.32922913536724,3552.543333557859,3248.0909908127032,idle,31.96814683610741,2026-08-07
2026-08-07 20:35:00,VIC1,105.11269,0.10511269000000001,0.0,0.0,0.0,0.0,0.0,0.0,5.95,5.95,5.0,0.0,0.0,0.0,125.32922913536724,3552.543333557859,3248.0909908127032,idle,31.96814683610741,2026-08-07
2026-08-07 20:40:00,VIC1,105.88,0.10588,0.0,0.0,0.0,0.0,0.0,0.0,5.95,5.95,5.0,0.0,0.0,0.0,125.32922913536724,3552.543333557859,3248.0909908127032,idle,31.96814683610741,2026-08-07
2026-08-07 20:45:00,VIC1,104.90868,0.10490868,0.0,0.0,0.0,0.0,0.0,0.0,5.95,5.95,5.0,0.0,0.0,0.0,125.32922913536724,3552.543333557859,3248.0909908127032,idle,31.96814683610741,2026-08-07
2026-08-07 20:50:00,VIC1,104.75106,0.10475106,0.0,0.0,0.0,0.0,0.0,0.0,5.95,5.95,5.0,0.0,0.0,0.0,125.32922913536724,3552.543333557859,3248.0909908127032,idle,31.96814683610741,2026-08-07
2026-08-07 20:55:00,VIC1,103.961,0.103961,0.0,0.0,0.0,0.0,0.0,0.0,5.95,5.95,5.0,0.0,0.0,0.0,125.32922913536724,3552.543333557859,3248.0909908127032,idle,31.96814683610741,2026-08-07
2026-08-07 21:00:00,VIC1,105.88,0.10588,0.0,0.0,0.0,0.0,0.0,0.0,5.95,5.95,5.0,0.0,0.0,0.0,125.32922913536724,3552.543333557859,3248.0909908127032,idle,31.96814683610741,2026-08-07
2026-08-07 21:05:00,VIC1,110.43046,0.11043046,0.0,-0.0,0.0,-0.0,0.0,-0.0,5.95,5.95,5.0,0.0,-0.0,-0.0,125.32922913536724,3552.543333557859,3248.0909908127032,idle,31.96814683610741,2026-08-07
2026-08-07 21:10:00,VIC1,105.88,0.10588,0.0,0.0,0.0,0.0,0.0,0.0,5.95,5.95,5.0,0.0,0.0,0.0,125.32922913536724,3552.543333557859,3248.0909908127032,idle,31.96814683610741,2026-08-07
2026-08-07 21:15:00,VIC1,97.8565,0.0978565,-0.0,0.0,-0.0,0.0,-0.0,0.0,5.95,5.95,5.0,-0.0,0.0,0.0,125.32922913536724,3552.543333557859,3248.0909908127032,idle,31.96814683610741,2026-08-07
2026-08-07 21:20:00,VIC1,106.18482,0.10618482,0.0,0.0,0.0,0.0,0.0,0.0,5.95,5.95,5.0,0.0,0.0,0.0,125.32922913536724,3552.543333557859,3248.0909908127032,idle,31.96814683610741,2026-08-07
2026-08-07 21:25:00,VIC1,101.33903,0.10133903,0.0,0.0,0.0,0.0,0.0,0.0,5.95,5.95,5.0,0.0,0.0,0.0,125.32922913536724,3552.543333557859,3248.0909908127032,idle,31.96814683610741,2026-08-07
2026-08-07 21:30:00,VIC1,105.88,0.10588,0.0,0.0,0.0,0.0,0.0,0.0,5.95,5.95,5.0,0.0,0.0,0.0,125.32922913536724,3552.543333557859,3248.0909908127032,idle,31.96814683610741,2026-08-07
2026-08-07 21:35:00,VIC1,102.05338,0.10205338000000001,0.0,0.0,0.0,0.0,0.0,0.0,5.95,5.95,5.0,0.0,0.0,0.0,125.32922913536724,3552.543333557859,3248.0909908127032,idle,31.96814683610741,2026-08-07
2026-08-07 21:40:00,VIC1,103.29297,0.10329297,0.0,0.0,0.0,0.0,0.0,0.0,5.95,5.95,5.0,0.0,0.0,0.0,125.32922913536724,3552.543333557859,3248.0909908127032,idle,31.96814683610741,2026-08-07
2026-08-07 21:45:00,VIC1,97.2443,0.09724429999999999,0.0,0.0,0.0,0.0,0.0,0.0,5.95,5.95,5.0,0.0,0.0,0.0,125.32922913536724,3552.543333557859,3248.0909908127032,idle,31.96814683610741,2026-08-07
2026-08-07 21:50:00,VIC1,86.2912,0.0862912,62.705857816032186,0.0,5.225488151336015,0.0,4.957333333333333,0.0,5.95,10.907333333333334,9.165826330532214,0.45091364316456634,0.0,-0.45091364316456634,124.87831549220267,3557.768821709195,3248.0909908127032,charge,31.96814683610741,2026-08-07
2026-08-07 21:55:00,VIC1,95.75058,0.09575058,0.0,0.0,0.0,0.0,0.0,0.0,10.907333333333334,10.907333333333334,9.165826330532214,0.0,0.0,0.0,124.87831549220267,3557.768821709195,3248.0909908127032,idle,31.96814683610741,2026-08-07
2026-08-07 22:00:00,VIC1,97.99984,0.09799984,0.0,0.0,0.0,0.0,0.0,0.0,10.907333333333334,10.907333333333334,9.165826330532214,0.0,0.0,0.0,124.87831549220267,3557.768821709195,3248.0909908127032,idle,31.96814683610741,2026-08-07
2026-08-07 22:05:00,VIC1,105.88,0.10588,0.0,56.43527203442897,0.0,4.702939336202414,0.0,4.957333333333334,10.907333333333334,5.95,5.0,0.0,0.49794721691711163,0.49794721691711163,125.37626270911979,3557.768821709195,3252.7939301489055,discharge,32.01443379533555,2026-08-07
2026-08-07 22:10:00,VIC1,104.84004,0.10484004000000001,0.0,0.0,0.0,0.0,0.0,0.0,5.95,5.95,5.0,0.0,0.0,0.0,125.37626270911979,3557.768821709195,3252.7939301489055,idle,32.01443379533555,2026-08-07
2026-08-07 22:15:00,VIC1,101.74353,0.10174353000000001,0.0,0.0,0.0,0.0,0.0,0.0,5.95,5.95,5.0,0.0,0.0,0.0,125.37626270911979,3557.768821709195,3252.7939301489055,idle,32.01443379533555,2026-08-07
2026-08-07 22:20:00,VIC1,100.03841,0.10003841,0.0,0.0,0.0,0.0,0.0,0.0,5.95,5.95,5.0,0.0,0.0,0.0,125.37626270911979,3557.768821709195,3252.7939301489055,idle,32.01443379533555,2026-08-07
2026-08-07 22:25:00,VIC1,105.88,0.10588,0.0,-0.0,0.0,-0.0,0.0,-0.0,5.95,5.95,5.0,0.0,-0.0,-0.0,125.37626270911979,3557.768821709195,3252.7939301489055,idle,32.01443379533555,2026-08-07
2026-08-07 22:30:00,VIC1,97.68803,0.09768803,0.0,0.0,0.0,0.0,0.0,0.0,5.95,5.95,5.0,0.0,0.0,0.0,125.37626270911979,3557.768821709195,3252.7939301489055,idle,32.01443379533555,2026-08-07
2026-08-07 22:35:00,VIC1,96.80594,0.09680594000000001,0.0,0.0,0.0,0.0,0.0,0.0,5.95,5.95,5.0,0.0,0.0,0.0,125.37626270911979,3557.768821709195,3252.7939301489055,idle,32.01443379533555,2026-08-07
2026-08-07 22:40:00,VIC1,97.44981,0.09744981,0.0,0.0,0.0,0.0,0.0,0.0,5.95,5.95,5.0,0.0,0.0,0.0,125.37626270911979,3557.768821709195,3252.7939301489055,idle,32.01443379533555,2026-08-07
2026-08-07 22:45:00,VIC1,95.32775,0.09532775,0.0,0.0,0.0,0.0,0.0,0.0,5.95,5.95,5.0,0.0,0.0,0.0,125.37626270911979,3557.768821709195,3252.7939301489055,idle,32.01443379533555,2026-08-07
2026-08-07 22:50:00,VIC1,94.73706,0.09473706,-0.0,0.0,-0.0,0.0,-0.0,0.0,5.95,5.95,5.0,-0.0,0.0,0.0,125.37626270911979,3557.768821709195,3252.7939301489055,idle,32.01443379533555,2026-08-07
2026-08-07 22:55:00,VIC1,90.51511,0.09051511000000001,50.301296647745204,0.0,4.191774720645434,0.0,3.9766666666666812,0.0,5.95,9.926666666666682,8.341736694677884,0.37941894993444075,0.0,-0.37941894993444075,124.99684375918534,3561.9605964298403,3252.7939301489055,charge,32.01443379533555,2026-08-07
2026-08-07 23:00:00,VIC1,81.68,0.08168,62.705857816032186,0.0,5.225488151336015,0.0,4.957333333333333,0.0,9.926666666666682,14.884000000000015,12.507563025210096,0.4268178722011257,0.0,-0.4268178722011257,124.57002588698421,3567.186084581176,3252.7939301489055,charge,32.01443379533555,2026-08-07
2026-08-07 23:05:00,VIC1,91.27106,0.09127106,0.0,0.0,0.0,0.0,0.0,0.0,14.884000000000015,14.884000000000015,12.507563025210096,0.0,0.0,0.0,124.57002588698421,3567.186084581176,3252.7939301489055,idle,32.01443379533555,2026-08-07
2026-08-07 23:10:00,VIC1,91.97115,0.09197115,0.0,0.0,0.0,0.0,0.0,0.0,14.884000000000015,14.884000000000015,12.507563025210096,0.0,0.0,0.0,124.57002588698421,3567.186084581176,3252.7939301489055,idle,32.01443379533555,2026-08-07
2026-08-07 23:15:00,VIC1,75.88,0.07588,62.705857816032186,0.0,5.225488151336015,0.0,4.957333333333333,0.0,14.884000000000015,19.841333333333345,16.67338935574231,0.3965100409233768,0.0,-0.3965100409233768,124.17351584606084,3572.411572732512,3252.7939301489055,charge,32.01443379533555,2026-08-07
2026-08-07 23:20:00,VIC1,80.91448,0.08091448,62.705857816032186,0.0,5.225488151336015,0.0,4.957333333333333,0.0,19.841333333333345,24.79866666666668,20.83921568627452,0.422817656511515,0.0,-0.422817656511515,123.75069818954933,3577.637060883848,3252.7939301489055,charge,32.01443379533555,2026-08-07
2026-08-07 23:25:00,VIC1,82.28839,0.08228839,62.705857816032186,0.0,5.225488151336015,0.0,4.957333333333333,0.0,24.79866666666668,29.756000000000014,25.005042016806733,0.4299970069375171,0.0,-0.4299970069375171,123.32070118261181,3582.8625490351837,3252.7939301489055,charge,32.01443379533555,2026-08-07
2026-08-07 23:30:00,VIC1,81.5784,0.08157840000000001,62.705857816032186,0.0,5.225488151336015,0.0,4.957333333333333,0.0,29.756000000000014,34.71333333333334,29.170868347338942,0.42628696260495,0.0,-0.42628696260495,122.89441422000687,3588.0880371865196,3252.7939301489055,charge,32.01443379533555,2026-08-07
2026-08-07 23:35:00,VIC1,79.44651,0.07944651000000001,62.705857816032186,0.0,5.225488151336015,0.0,4.957333333333333,0.0,34.71333333333334,39.67066666666667,33.33669467787115,0.4151467966699983,0.0,-0.4151467966699983,122.47926742333686,3593.3135253378555,3252.7939301489055,charge,32.01443379533555,2026-08-07
2026-08-07 23:40:00,VIC1,94.63426,0.09463426,0.0,0.0,0.0,0.0,0.0,0.0,39.67066666666667,39.67066666666667,33.33669467787115,0.0,0.0,0.0,122.47926742333686,3593.3135253378555,3252.7939301489055,idle,32.01443379533555,2026-08-07
2026-08-07 23:45:00,VIC1,85.60591,0.08560591,62.705857816032186,0.0,5.225488151336015,0.0,4.957333333333333,0.0,39.67066666666667,44.62800000000001,37.50252100840336,0.4473326683893373,0.0,-0.4473326683893373,122.03193475494753,3598.5390134891913,3252.7939301489055,charge,32.01443379533555,2026-08-07
2026-08-07 23:50:00,VIC1,64.61707,0.06461707,62.705857816032186,0.0,5.225488151336015,0.0,4.957333333333333,0.0,44.62800000000001,49.58533333333334,41.66834733893558,0.3376557336590499,0.0,-0.3376557336590499,121.69427902128848,3603.764501640527,3252.7939301489055,charge,32.01443379533555,2026-08-07
2026-08-07 23:55:00,VIC1,56.40546,0.05640546,62.705857816032186,0.0,5.225488151336015,0.0,4.957333333333333,0.0,49.58533333333334,54.54266666666667,45.83417366946779,0.2947460629006575,0.0,-0.2947460629006575,121.39953295838782,3608.989989791863,3252.7939301489055,charge,32.01443379533555,2026-08-07
2026-08-08 00:00:00,VIC1,50.94001,0.05094001,62.705857816032186,0.0,5.225488151336015,0.0,4.957333333333333,0.0,54.54266666666667,59.5,50.0,0.2661864186839381,0.0,-0.2661864186839381,121.13334653970388,3614.215477943199,3252.7939301489055,charge,32.01443379533555,2026-08-07
